2026-08-14 19:18:45.340 Uvicorn server started on 127.0.0.1:8501

  You can now view your Streamlit app in your browser.

  URL: http://127.0.0.1:8501

2026-08-14 19:19:51.707 | INFO     | rahasya.correlation.graph_manager:__init__:458 - Initialized NetworkX Graph Backend
2026-08-14 19:19:51.720 | DEBUG    | rahasya.modules:register_module:39 - Registered module: HIBPModule
2026-08-14 19:19:51.723 | DEBUG    | rahasya.modules:register_module:39 - Registered module: IntelXModule
2026-08-14 19:19:51.725 | DEBUG    | rahasya.modules:register_module:39 - Registered module: LeakLookupModule
2026-08-14 19:19:51.730 | DEBUG    | rahasya.modules:register_module:39 - Registered module: AhmiaModule
2026-08-14 19:19:52.229 | DEBUG    | rahasya.modules:register_module:39 - Registered module: OnionSearchModule
2026-08-14 19:19:52.235 | DEBUG    | rahasya.modules:register_module:39 - Registered module: ArchiveModule
2026-08-14 19:19:52.236 | DEBUG    | rahasya.modules:register_module:39 - Registered module: ExifModule
2026-08-14 19:19:52.318 | DEBUG    | rahasya.modules:register_module:39 - Registered module: ImageHashModule
2026-08-14 19:19:52.318 | DEBUG    | rahasya.modules:register_module:39 - Registered module: MaigretModule
2026-08-14 19:19:52.328 | DEBUG    | rahasya.modules:register_module:39 - Registered module: SherlockModule
2026-08-14 19:19:52.328 | DEBUG    | rahasya.modules:register_module:39 - Registered module: WhatsMyNameModule
2026-08-14 19:19:52.328 | INFO     | rahasya.core.orchestrator:start_scan:98 - Starting scan bc73dc4c...
2026-08-14 19:19:52.333 | INFO     | rahasya.core.orchestrator:start_scan:110 - Generated 9 seed entities from input
2026-08-14 19:19:52.642 | INFO     | rahasya.core.orchestrator:_run_scan_loop:161 - Processing depth 0: 9 entities in queue
2026-08-14 19:19:52.715 | DEBUG    | rahasya.core.orchestrator:_run_scan_loop:181 - Dispatching 2 modules for [person] 'Jay Gor'
2026-08-14 19:19:53.725 | INFO     | rahasya.modules.base:setup:73 - Module Ahmia v1.0.0 initialized
2026-08-14 19:19:54.366 | INFO     | rahasya.modules.base:setup:73 - Module Maigret v1.0.0 initialized
2026-08-14 19:19:54.737 | INFO     | rahasya.modules.base:safe_execute:165 - Executing Ahmia on [person] 'Jay Gor' (scan=bc73dc4c...)
2026-08-14 19:19:55.365 | INFO     | rahasya.modules.base:safe_execute:165 - Executing Maigret on [person] 'Jay Gor' (scan=bc73dc4c...)
2026-08-14 19:19:55.907 | WARNING  | rahasya.utils.http_client:_request_with_retry:60 - Attempt 1/3 failed for https://ahmia.fi/api/search/?q=Jay+Gor: All connection attempts failed
2026-08-14 19:19:56.921 | WARNING  | rahasya.utils.http_client:_request_with_retry:60 - Attempt 2/3 failed for https://ahmia.fi/api/search/?q=Jay+Gor: All connection attempts failed
2026-08-14 19:19:58.108 | ERROR    | rahasya.modules.social.maigret_module:execute:101 - Maigret execution failed: Expecting value: line 1 column 1 (char 0)
2026-08-14 19:19:58.108 | INFO     | rahasya.modules.base:safe_execute:173 - Completed Maigret: 0 entities found in 3735ms
2026-08-14 19:19:58.938 | WARNING  | rahasya.utils.http_client:_request_with_retry:60 - Attempt 3/3 failed for https://ahmia.fi/api/search/?q=Jay+Gor: All connection attempts failed
2026-08-14 19:19:58.938 | ERROR    | rahasya.modules.darkweb.ahmia_module:execute:51 - Ahmia API search failed: All connection attempts failed
2026-08-14 19:19:58.938 | INFO     | rahasya.modules.base:safe_execute:173 - Completed Ahmia: 0 entities found in 5218ms
2026-08-14 19:19:59.052 | DEBUG    | rahasya.core.orchestrator:_run_scan_loop:181 - Dispatching 4 modules for [username] 'jay_gor'
2026-08-14 19:19:59.927 | INFO     | rahasya.modules.base:setup:73 - Module Sherlock v1.0.0 initialized
2026-08-14 19:20:00.451 | INFO     | rahasya.modules.base:setup:73 - Module WhatsMyName v1.0.0 initialized
2026-08-14 19:20:00.451 | INFO     | rahasya.modules.base:safe_execute:165 - Executing Ahmia on [username] 'jay_gor' (scan=bc73dc4c...)
2026-08-14 19:20:00.451 | INFO     | rahasya.modules.base:safe_execute:165 - Executing Maigret on [username] 'jay_gor' (scan=bc73dc4c...)
2026-08-14 19:20:00.935 | INFO     | rahasya.modules.base:safe_execute:165 - Executing Sherlock on [username] 'jay_gor' (scan=bc73dc4c...)
2026-08-14 19:20:01.378 | WARNING  | rahasya.utils.http_client:_request_with_retry:60 - Attempt 1/3 failed for https://ahmia.fi/api/search/?q=jay_gor: All connection attempts failed
2026-08-14 19:20:01.443 | INFO     | rahasya.modules.base:safe_execute:165 - Executing WhatsMyName on [username] 'jay_gor' (scan=bc73dc4c...)
2026-08-14 19:20:02.072 | WARNING  | rahasya.utils.http_client:_request_with_retry:60 - Attempt 1/3 failed for https://support.advancedcustomfields.com/forums/users/jay_gor/: All connection attempts failed
2026-08-14 19:20:02.072 | WARNING  | rahasya.utils.http_client:_request_with_retry:60 - Attempt 1/3 failed for https://www.7cups.com/@jay_gor: All connection attempts failed
2026-08-14 19:20:02.081 | WARNING  | rahasya.utils.http_client:_request_with_retry:60 - Attempt 1/3 failed for https://ameblo.jp/jay_gor: All connection attempts failed
2026-08-14 19:20:02.168 | WARNING  | rahasya.utils.http_client:_request_with_retry:60 - Attempt 1/3 failed for https://www.adultism.com/profile/jay_gor: All connection attempts failed
2026-08-14 19:20:02.168 | WARNING  | rahasya.utils.http_client:_request_with_retry:60 - Attempt 1/3 failed for https://www.artbreeder.com/jay_gor: All connection attempts failed
2026-08-14 19:20:02.249 | WARNING  | rahasya.utils.http_client:_request_with_retry:60 - Attempt 1/3 failed for https://www.anime-planet.com/api/validation/username: All connection attempts failed
2026-08-14 19:20:02.305 | WARNING  | rahasya.utils.http_client:_request_with_retry:60 - Attempt 1/3 failed for https://armorgames.com/user/jay_gor: All connection attempts failed
2026-08-14 19:20:02.347 | WARNING  | rahasya.utils.http_client:_request_with_retry:60 - Attempt 1/3 failed for https://admireme.vip/jay_gor/: All connection attempts failed
2026-08-14 19:20:02.347 | WARNING  | rahasya.utils.http_client:_request_with_retry:60 - Attempt 1/3 failed for https://about.me/jay_gor: All connection attempts failed
2026-08-14 19:20:02.396 | WARNING  | rahasya.utils.http_client:_request_with_retry:60 - Attempt 2/3 failed for https://ahmia.fi/api/search/?q=jay_gor: All connection attempts failed
2026-08-14 19:20:02.401 | WARNING  | rahasya.utils.http_client:_request_with_retry:60 - Attempt 1/3 failed for https://35photo.pro/@jay_gor/: All connection attempts failed
2026-08-14 19:20:02.455 | WARNING  | rahasya.utils.http_client:_request_with_retry:60 - Attempt 1/3 failed for https://cursos.alura.com.br/user/jay_gor: All connection attempts failed
2026-08-14 19:20:02.455 | WARNING  | rahasya.utils.http_client:_request_with_retry:60 - Attempt 1/3 failed for https://community.appian.com/members/jay_gor: All connection attempts failed
2026-08-14 19:20:02.468 | WARNING  | rahasya.utils.http_client:_request_with_retry:60 - Attempt 1/3 failed for https://247ctf.com/progress/jay_gor: All connection attempts failed
2026-08-14 19:20:02.538 | ERROR    | rahasya.modules.social.maigret_module:execute:101 - Maigret execution failed: Expecting value: line 1 column 1 (char 0)
2026-08-14 19:20:02.538 | INFO     | rahasya.modules.base:safe_execute:173 - Completed Maigret: 0 entities found in 3391ms
2026-08-14 19:20:02.542 | WARNING  | rahasya.utils.http_client:_request_with_retry:60 - Attempt 1/3 failed for https://3dtoday.ru/blogs/jay_gor: All connection attempts failed
2026-08-14 19:20:02.543 | WARNING  | rahasya.utils.http_client:_request_with_retry:60 - Attempt 1/3 failed for https://api.tracker.gg/api/v2/apex/standard/profile/origin/jay_gor: All connection attempts failed
2026-08-14 19:20:02.570 | WARNING  | rahasya.utils.http_client:_request_with_retry:60 - Attempt 1/3 failed for https://albicla.com/jay_gor/post/1: All connection attempts failed
2026-08-14 19:20:02.570 | WARNING  | rahasya.utils.http_client:_request_with_retry:60 - Attempt 1/3 failed for https://arsmate.com/jay_gor: All connection attempts failed
2026-08-14 19:20:02.584 | WARNING  | rahasya.utils.http_client:_request_with_retry:60 - Attempt 1/3 failed for https://www.alik.cz/u/jay_gor: All connection attempts failed
2026-08-14 19:20:02.750 | WARNING  | rahasya.utils.http_client:_request_with_retry:60 - Attempt 1/3 failed for https://gitlab.archlinux.org/api/v4/users?username=jay_gor: All connection attempts failed
2026-08-14 19:20:03.034 | WARNING  | rahasya.utils.http_client:_request_with_retry:60 - Attempt 1/3 failed for https://www.americanthinker.com/author/jay_gor/: All connection attempts failed
2026-08-14 19:20:03.067 | WARNING  | rahasya.utils.http_client:_request_with_retry:60 - Attempt 2/3 failed for https://support.advancedcustomfields.com/forums/users/jay_gor/: All connection attempts failed
2026-08-14 19:20:03.067 | WARNING  | rahasya.utils.http_client:_request_with_retry:60 - Attempt 2/3 failed for https://www.7cups.com/@jay_gor: All connection attempts failed
2026-08-14 19:20:03.084 | WARNING  | rahasya.utils.http_client:_request_with_retry:60 - Attempt 2/3 failed for https://ameblo.jp/jay_gor: All connection attempts failed
2026-08-14 19:20:03.168 | WARNING  | rahasya.utils.http_client:_request_with_retry:60 - Attempt 2/3 failed for https://www.adultism.com/profile/jay_gor: All connection attempts failed
2026-08-14 19:20:03.168 | WARNING  | rahasya.utils.http_client:_request_with_retry:60 - Attempt 2/3 failed for https://www.artbreeder.com/jay_gor: All connection attempts failed
2026-08-14 19:20:03.218 | ERROR    | rahasya.modules.social.sherlock_module:execute:74 - Sherlock execution failed: Expecting value: line 1 column 1 (char 0)
2026-08-14 19:20:03.220 | INFO     | rahasya.modules.base:safe_execute:173 - Completed Sherlock: 0 entities found in 3297ms
2026-08-14 19:20:03.220 | WARNING  | rahasya.utils.http_client:_request_with_retry:60 - Attempt 2/3 failed for https://www.anime-planet.com/api/validation/username: All connection attempts failed
2026-08-14 19:20:03.292 | WARNING  | rahasya.utils.http_client:_request_with_retry:60 - Attempt 1/3 failed for https://uk.advfn.com/forum/profile/jay_gor: All connection attempts failed
2026-08-14 19:20:03.292 | WARNING  | rahasya.utils.http_client:_request_with_retry:60 - Attempt 1/3 failed for https://www.artstation.com/jay_gor: All connection attempts failed
2026-08-14 19:20:03.313 | WARNING  | rahasya.utils.http_client:_request_with_retry:60 - Attempt 2/3 failed for https://armorgames.com/user/jay_gor: All connection attempts failed
2026-08-14 19:20:03.317 | WARNING  | rahasya.utils.http_client:_request_with_retry:60 - Attempt 1/3 failed for https://247sports.com/User/jay_gor/: All connection attempts failed
2026-08-14 19:20:03.319 | WARNING  | rahasya.utils.http_client:_request_with_retry:60 - Attempt 1/3 failed for https://atcoder.jp/users/jay_gor: All connection attempts failed
2026-08-14 19:20:03.361 | WARNING  | rahasya.utils.http_client:_request_with_retry:60 - Attempt 2/3 failed for https://about.me/jay_gor: All connection attempts failed
2026-08-14 19:20:03.361 | WARNING  | rahasya.utils.http_client:_request_with_retry:60 - Attempt 2/3 failed for https://admireme.vip/jay_gor/: All connection attempts failed
2026-08-14 19:20:03.387 | WARNING  | rahasya.utils.http_client:_request_with_retry:60 - Attempt 1/3 failed for https://forum.arduino.cc/u/jay_gor.json: All connection attempts failed
2026-08-14 19:20:03.388 | WARNING  | rahasya.utils.http_client:_request_with_retry:60 - Attempt 2/3 failed for https://35photo.pro/@jay_gor/: All connection attempts failed
2026-08-14 19:20:03.401 | WARNING  | rahasya.utils.http_client:_request_with_retry:60 - Attempt 1/3 failed for https://graphql.anilist.co: All connection attempts failed
2026-08-14 19:20:03.407 | WARNING  | rahasya.utils.http_client:_request_with_retry:60 - Attempt 1/3 failed for https://asciinema.org/~jay_gor: All connection attempts failed
2026-08-14 19:20:03.451 | WARNING  | rahasya.utils.http_client:_request_with_retry:60 - Attempt 1/3 failed for https://7dach.ru/profile/jay_gor: All connection attempts failed
2026-08-14 19:20:03.467 | WARNING  | rahasya.utils.http_client:_request_with_retry:60 - Attempt 2/3 failed for https://cursos.alura.com.br/user/jay_gor: All connection attempts failed
2026-08-14 19:20:03.467 | WARNING  | rahasya.utils.http_client:_request_with_retry:60 - Attempt 2/3 failed for https://community.appian.com/members/jay_gor: All connection attempts failed
2026-08-14 19:20:03.492 | WARNING  | rahasya.utils.http_client:_request_with_retry:60 - Attempt 2/3 failed for https://247ctf.com/progress/jay_gor: All connection attempts failed
2026-08-14 19:20:03.508 | WARNING  | rahasya.utils.http_client:_request_with_retry:60 - Attempt 1/3 failed for https://projecthub.arduino.cc/jay_gor: All connection attempts failed
2026-08-14 19:20:03.542 | WARNING  | rahasya.utils.http_client:_request_with_retry:60 - Attempt 2/3 failed for https://3dtoday.ru/blogs/jay_gor: All connection attempts failed
2026-08-14 19:20:03.545 | WARNING  | rahasya.utils.http_client:_request_with_retry:60 - Attempt 2/3 failed for https://api.tracker.gg/api/v2/apex/standard/profile/origin/jay_gor: All connection attempts failed
2026-08-14 19:20:03.567 | WARNING  | rahasya.utils.http_client:_request_with_retry:60 - Attempt 2/3 failed for https://arsmate.com/jay_gor: All connection attempts failed
2026-08-14 19:20:03.567 | WARNING  | rahasya.utils.http_client:_request_with_retry:60 - Attempt 2/3 failed for https://albicla.com/jay_gor/post/1: All connection attempts failed
2026-08-14 19:20:03.584 | WARNING  | rahasya.utils.http_client:_request_with_retry:60 - Attempt 2/3 failed for https://www.alik.cz/u/jay_gor: All connection attempts failed
2026-08-14 19:20:03.600 | WARNING  | rahasya.utils.http_client:_request_with_retry:60 - Attempt 1/3 failed for https://au.ru/user/jay_gor/: All connection attempts failed
2026-08-14 19:20:03.759 | WARNING  | rahasya.utils.http_client:_request_with_retry:60 - Attempt 2/3 failed for https://gitlab.archlinux.org/api/v4/users?username=jay_gor: All connection attempts failed
2026-08-14 19:20:04.055 | WARNING  | rahasya.utils.http_client:_request_with_retry:60 - Attempt 2/3 failed for https://www.americanthinker.com/author/jay_gor/: All connection attempts failed
2026-08-14 19:20:04.301 | WARNING  | rahasya.utils.http_client:_request_with_retry:60 - Attempt 2/3 failed for https://www.artstation.com/jay_gor: All connection attempts failed
2026-08-14 19:20:04.301 | WARNING  | rahasya.utils.http_client:_request_with_retry:60 - Attempt 2/3 failed for https://uk.advfn.com/forum/profile/jay_gor: All connection attempts failed
2026-08-14 19:20:04.305 | WARNING  | rahasya.utils.http_client:_request_with_retry:60 - Attempt 2/3 failed for https://atcoder.jp/users/jay_gor: All connection attempts failed
2026-08-14 19:20:04.305 | WARNING  | rahasya.utils.http_client:_request_with_retry:60 - Attempt 2/3 failed for https://247sports.com/User/jay_gor/: All connection attempts failed
2026-08-14 19:20:04.392 | WARNING  | rahasya.utils.http_client:_request_with_retry:60 - Attempt 2/3 failed for https://forum.arduino.cc/u/jay_gor.json: All connection attempts failed
2026-08-14 19:20:04.395 | WARNING  | rahasya.utils.http_client:_request_with_retry:60 - Attempt 3/3 failed for https://ahmia.fi/api/search/?q=jay_gor: All connection attempts failed
2026-08-14 19:20:04.395 | ERROR    | rahasya.modules.darkweb.ahmia_module:execute:51 - Ahmia API search failed: All connection attempts failed
2026-08-14 19:20:04.395 | INFO     | rahasya.modules.base:safe_execute:173 - Completed Ahmia: 0 entities found in 5296ms
2026-08-14 19:20:04.395 | WARNING  | rahasya.utils.http_client:_request_with_retry:60 - Attempt 2/3 failed for https://graphql.anilist.co: All connection attempts failed
2026-08-14 19:20:04.417 | WARNING  | rahasya.utils.http_client:_request_with_retry:60 - Attempt 2/3 failed for https://asciinema.org/~jay_gor: All connection attempts failed
2026-08-14 19:20:04.450 | WARNING  | rahasya.utils.http_client:_request_with_retry:60 - Attempt 2/3 failed for https://7dach.ru/profile/jay_gor: All connection attempts failed
2026-08-14 19:20:04.517 | WARNING  | rahasya.utils.http_client:_request_with_retry:60 - Attempt 2/3 failed for https://projecthub.arduino.cc/jay_gor: All connection attempts failed
2026-08-14 19:20:04.609 | WARNING  | rahasya.utils.http_client:_request_with_retry:60 - Attempt 2/3 failed for https://au.ru/user/jay_gor/: All connection attempts failed
2026-08-14 19:20:05.069 | WARNING  | rahasya.utils.http_client:_request_with_retry:60 - Attempt 3/3 failed for https://support.advancedcustomfields.com/forums/users/jay_gor/: All connection attempts failed
2026-08-14 19:20:05.071 | WARNING  | rahasya.utils.http_client:_request_with_retry:60 - Attempt 3/3 failed for https://www.7cups.com/@jay_gor: All connection attempts failed
2026-08-14 19:20:05.092 | WARNING  | rahasya.utils.http_client:_request_with_retry:60 - Attempt 3/3 failed for https://ameblo.jp/jay_gor: All connection attempts failed
2026-08-14 19:20:05.159 | WARNING  | rahasya.utils.http_client:_request_with_retry:60 - Attempt 3/3 failed for https://www.artbreeder.com/jay_gor: All connection attempts failed
2026-08-14 19:20:05.162 | WARNING  | rahasya.utils.http_client:_request_with_retry:60 - Attempt 3/3 failed for https://www.adultism.com/profile/jay_gor: All connection attempts failed
2026-08-14 19:20:05.234 | WARNING  | rahasya.utils.http_client:_request_with_retry:60 - Attempt 3/3 failed for https://www.anime-planet.com/api/validation/username: All connection attempts failed
2026-08-14 19:20:05.325 | WARNING  | rahasya.utils.http_client:_request_with_retry:60 - Attempt 3/3 failed for https://armorgames.com/user/jay_gor: All connection attempts failed
2026-08-14 19:20:05.376 | WARNING  | rahasya.utils.http_client:_request_with_retry:60 - Attempt 3/3 failed for https://admireme.vip/jay_gor/: All connection attempts failed
2026-08-14 19:20:05.376 | WARNING  | rahasya.utils.http_client:_request_with_retry:60 - Attempt 3/3 failed for https://about.me/jay_gor: All connection attempts failed
2026-08-14 19:20:05.377 | WARNING  | rahasya.utils.http_client:_request_with_retry:60 - Attempt 3/3 failed for https://35photo.pro/@jay_gor/: All connection attempts failed
2026-08-14 19:20:05.470 | WARNING  | rahasya.utils.http_client:_request_with_retry:60 - Attempt 3/3 failed for https://247ctf.com/progress/jay_gor: All connection attempts failed
2026-08-14 19:20:05.471 | WARNING  | rahasya.utils.http_client:_request_with_retry:60 - Attempt 3/3 failed for https://cursos.alura.com.br/user/jay_gor: All connection attempts failed
2026-08-14 19:20:05.471 | WARNING  | rahasya.utils.http_client:_request_with_retry:60 - Attempt 3/3 failed for https://community.appian.com/members/jay_gor: All connection attempts failed
2026-08-14 19:20:05.533 | WARNING  | rahasya.utils.http_client:_request_with_retry:60 - Attempt 3/3 failed for https://3dtoday.ru/blogs/jay_gor: All connection attempts failed
2026-08-14 19:20:05.533 | WARNING  | rahasya.utils.http_client:_request_with_retry:60 - Attempt 3/3 failed for https://api.tracker.gg/api/v2/apex/standard/profile/origin/jay_gor: All connection attempts failed
2026-08-14 19:20:05.569 | WARNING  | rahasya.utils.http_client:_request_with_retry:60 - Attempt 3/3 failed for https://arsmate.com/jay_gor: All connection attempts failed
2026-08-14 19:20:05.569 | WARNING  | rahasya.utils.http_client:_request_with_retry:60 - Attempt 3/3 failed for https://albicla.com/jay_gor/post/1: All connection attempts failed
2026-08-14 19:20:05.592 | WARNING  | rahasya.utils.http_client:_request_with_retry:60 - Attempt 3/3 failed for https://www.alik.cz/u/jay_gor: All connection attempts failed
2026-08-14 19:20:05.766 | WARNING  | rahasya.utils.http_client:_request_with_retry:60 - Attempt 3/3 failed for https://gitlab.archlinux.org/api/v4/users?username=jay_gor: All connection attempts failed
2026-08-14 19:20:06.025 | WARNING  | rahasya.utils.http_client:_request_with_retry:60 - Attempt 1/3 failed for https://bandcamp.com/jay_gor: All connection attempts failed
2026-08-14 19:20:06.061 | WARNING  | rahasya.utils.http_client:_request_with_retry:60 - Attempt 3/3 failed for https://www.americanthinker.com/author/jay_gor/: All connection attempts failed
2026-08-14 19:20:06.125 | WARNING  | rahasya.utils.http_client:_request_with_retry:60 - Attempt 1/3 failed for https://forums.babypips.com/u/jay_gor.json: All connection attempts failed
2026-08-14 19:20:06.310 | WARNING  | rahasya.utils.http_client:_request_with_retry:60 - Attempt 3/3 failed for https://www.artstation.com/jay_gor: All connection attempts failed
2026-08-14 19:20:06.313 | WARNING  | rahasya.utils.http_client:_request_with_retry:60 - Attempt 3/3 failed for https://uk.advfn.com/forum/profile/jay_gor: All connection attempts failed
2026-08-14 19:20:06.313 | WARNING  | rahasya.utils.http_client:_request_with_retry:60 - Attempt 3/3 failed for https://247sports.com/User/jay_gor/: All connection attempts failed
2026-08-14 19:20:06.313 | WARNING  | rahasya.utils.http_client:_request_with_retry:60 - Attempt 3/3 failed for https://atcoder.jp/users/jay_gor: All connection attempts failed
2026-08-14 19:20:06.402 | WARNING  | rahasya.utils.http_client:_request_with_retry:60 - Attempt 3/3 failed for https://graphql.anilist.co: All connection attempts failed
2026-08-14 19:20:06.402 | WARNING  | rahasya.utils.http_client:_request_with_retry:60 - Attempt 3/3 failed for https://forum.arduino.cc/u/jay_gor.json: All connection attempts failed
2026-08-14 19:20:06.424 | WARNING  | rahasya.utils.http_client:_request_with_retry:60 - Attempt 3/3 failed for https://asciinema.org/~jay_gor: All connection attempts failed
2026-08-14 19:20:06.424 | WARNING  | rahasya.utils.http_client:_request_with_retry:60 - Attempt 3/3 failed for https://7dach.ru/profile/jay_gor: All connection attempts failed
2026-08-14 19:20:06.458 | WARNING  | rahasya.utils.http_client:_request_with_retry:60 - Attempt 1/3 failed for https://ask.bimpos.com/user/jay_gor: All connection attempts failed
2026-08-14 19:20:06.502 | WARNING  | rahasya.utils.http_client:_request_with_retry:60 - Attempt 3/3 failed for https://projecthub.arduino.cc/jay_gor: All connection attempts failed
2026-08-14 19:20:06.574 | WARNING  | rahasya.utils.http_client:_request_with_retry:60 - Attempt 1/3 failed for https://www.bandlab.com/api/v1.3/users/jay_gor: All connection attempts failed
2026-08-14 19:20:06.610 | WARNING  | rahasya.utils.http_client:_request_with_retry:60 - Attempt 3/3 failed for https://au.ru/user/jay_gor/: All connection attempts failed
2026-08-14 19:20:06.642 | WARNING  | rahasya.utils.http_client:_request_with_retry:60 - Attempt 1/3 failed for https://www.biggerpockets.com/users/jay_gor: All connection attempts failed
2026-08-14 19:20:06.699 | WARNING  | rahasya.utils.http_client:_request_with_retry:60 - Attempt 1/3 failed for https://bitbucket.org/!api/2.0/repositories/jay_gor?page=1&pagelen=25&sort=-updated_on&q=&fields=-values.owner%2C-values.workspace: All connection attempts failed
2026-08-14 19:20:06.699 | WARNING  | rahasya.utils.http_client:_request_with_retry:60 - Attempt 1/3 failed for https://api.bitchute.com/api/beta/channel: All connection attempts failed
2026-08-14 19:20:06.725 | WARNING  | rahasya.utils.http_client:_request_with_retry:60 - Attempt 1/3 failed for https://audiojungle.net/user/jay_gor: All connection attempts failed
2026-08-14 19:20:06.930 | WARNING  | rahasya.utils.http_client:_request_with_retry:60 - Attempt 1/3 failed for https://community.avid.com/members/jay_gor/default.aspx: All connection attempts failed
2026-08-14 19:20:06.935 | WARNING  | rahasya.utils.http_client:_request_with_retry:60 - Attempt 1/3 failed for https://www.babepedia.com/user/jay_gor: All connection attempts failed
2026-08-14 19:20:06.950 | WARNING  | rahasya.utils.http_client:_request_with_retry:60 - Attempt 1/3 failed for https://www.bigo.tv/user/jay_gor: All connection attempts failed
2026-08-14 19:20:06.999 | WARNING  | rahasya.utils.http_client:_request_with_retry:60 - Attempt 1/3 failed for http://jay_gor.blogspot.com: All connection attempts failed
2026-08-14 19:20:07.035 | WARNING  | rahasya.utils.http_client:_request_with_retry:60 - Attempt 2/3 failed for https://bandcamp.com/jay_gor: All connection attempts failed
2026-08-14 19:20:07.041 | WARNING  | rahasya.utils.http_client:_request_with_retry:60 - Attempt 1/3 failed for https://bio.link/jay_gor: All connection attempts failed
2026-08-14 19:20:07.100 | WARNING  | rahasya.utils.http_client:_request_with_retry:60 - Attempt 1/3 failed for https://jay_gor.bdsmlr.com: All connection attempts failed
2026-08-14 19:20:07.135 | WARNING  | rahasya.utils.http_client:_request_with_retry:60 - Attempt 2/3 failed for https://forums.babypips.com/u/jay_gor.json: All connection attempts failed
2026-08-14 19:20:07.175 | WARNING  | rahasya.utils.http_client:_request_with_retry:60 - Attempt 1/3 failed for https://jay_gor.booth.pm/: All connection attempts failed
2026-08-14 19:20:07.232 | WARNING  | rahasya.utils.http_client:_request_with_retry:60 - Attempt 1/3 failed for https://www.blogi.pl/osoba,jay_gor.html: All connection attempts failed
2026-08-14 19:20:07.236 | WARNING  | rahasya.utils.http_client:_request_with_retry:60 - Attempt 1/3 failed for https://api.geekdo.com/api/accounts/validate/username?username=jay_gor: All connection attempts failed
2026-08-14 19:20:07.236 | WARNING  | rahasya.utils.http_client:_request_with_retry:60 - Attempt 1/3 failed for https://public.api.bsky.app/xrpc/app.bsky.actor.getProfile?actor=jay_gor.bsky.social: All connection attempts failed
2026-08-14 19:20:07.300 | WARNING  | rahasya.utils.http_client:_request_with_retry:60 - Attempt 1/3 failed for https://www.babyblog.ru/user/jay_gor: All connection attempts failed
2026-08-14 19:20:07.316 | WARNING  | rahasya.utils.http_client:_request_with_retry:60 - Attempt 1/3 failed for https://www.bdsmsingles.com/members/jay_gor/: All connection attempts failed
2026-08-14 19:20:07.357 | WARNING  | rahasya.utils.http_client:_request_with_retry:60 - Attempt 1/3 failed for https://www.bookcrossing.com/mybookshelf/jay_gor: All connection attempts failed
2026-08-14 19:20:07.399 | WARNING  | rahasya.utils.http_client:_request_with_retry:60 - Attempt 1/3 failed for https://beacons.ai/jay_gor: All connection attempts failed
2026-08-14 19:20:07.466 | WARNING  | rahasya.utils.http_client:_request_with_retry:60 - Attempt 2/3 failed for https://ask.bimpos.com/user/jay_gor: All connection attempts failed
2026-08-14 19:20:07.517 | WARNING  | rahasya.utils.http_client:_request_with_retry:60 - Attempt 1/3 failed for https://bio.site/jay_gor: All connection attempts failed
2026-08-14 19:20:07.549 | WARNING  | rahasya.utils.http_client:_request_with_retry:60 - Attempt 1/3 failed for https://bentbox.co/jay_gor: All connection attempts failed
2026-08-14 19:20:07.549 | WARNING  | rahasya.utils.http_client:_request_with_retry:60 - Attempt 2/3 failed for https://www.bandlab.com/api/v1.3/users/jay_gor: All connection attempts failed
2026-08-14 19:20:07.649 | WARNING  | rahasya.utils.http_client:_request_with_retry:60 - Attempt 2/3 failed for https://www.biggerpockets.com/users/jay_gor: All connection attempts failed
2026-08-14 19:20:07.658 | WARNING  | rahasya.utils.http_client:_request_with_retry:60 - Attempt 1/3 failed for https://booknode.com/profil/jay_gor: All connection attempts failed
2026-08-14 19:20:07.691 | WARNING  | rahasya.utils.http_client:_request_with_retry:60 - Attempt 2/3 failed for https://api.bitchute.com/api/beta/channel: All connection attempts failed
2026-08-14 19:20:07.691 | WARNING  | rahasya.utils.http_client:_request_with_retry:60 - Attempt 2/3 failed for https://bitbucket.org/!api/2.0/repositories/jay_gor?page=1&pagelen=25&sort=-updated_on&q=&fields=-values.owner%2C-values.workspace: All connection attempts failed
2026-08-14 19:20:07.733 | WARNING  | rahasya.utils.http_client:_request_with_retry:60 - Attempt 2/3 failed for https://audiojungle.net/user/jay_gor: All connection attempts failed
2026-08-14 19:20:07.849 | WARNING  | rahasya.utils.http_client:_request_with_retry:60 - Attempt 1/3 failed for https://bsky.app/profile/jay_gor: All connection attempts failed
2026-08-14 19:20:07.918 | WARNING  | rahasya.utils.http_client:_request_with_retry:60 - Attempt 1/3 failed for http://blogmarks.net/user/jay_gor: All connection attempts failed
2026-08-14 19:20:07.941 | WARNING  | rahasya.utils.http_client:_request_with_retry:60 - Attempt 2/3 failed for https://community.avid.com/members/jay_gor/default.aspx: All connection attempts failed
2026-08-14 19:20:07.942 | WARNING  | rahasya.utils.http_client:_request_with_retry:60 - Attempt 2/3 failed for https://www.babepedia.com/user/jay_gor: All connection attempts failed
2026-08-14 19:20:07.942 | WARNING  | rahasya.utils.http_client:_request_with_retry:60 - Attempt 2/3 failed for https://www.bigo.tv/user/jay_gor: All connection attempts failed
2026-08-14 19:20:07.991 | WARNING  | rahasya.utils.http_client:_request_with_retry:60 - Attempt 2/3 failed for http://jay_gor.blogspot.com: All connection attempts failed
2026-08-14 19:20:08.032 | WARNING  | rahasya.utils.http_client:_request_with_retry:60 - Attempt 2/3 failed for https://bio.link/jay_gor: All connection attempts failed
2026-08-14 19:20:08.059 | WARNING  | rahasya.utils.http_client:_request_with_retry:60 - Attempt 1/3 failed for https://brickset.com/profile/jay_gor: All connection attempts failed
2026-08-14 19:20:08.108 | WARNING  | rahasya.utils.http_client:_request_with_retry:60 - Attempt 2/3 failed for https://jay_gor.bdsmlr.com: All connection attempts failed
2026-08-14 19:20:08.191 | WARNING  | rahasya.utils.http_client:_request_with_retry:60 - Attempt 2/3 failed for https://jay_gor.booth.pm/: All connection attempts failed
2026-08-14 19:20:08.225 | WARNING  | rahasya.utils.http_client:_request_with_retry:60 - Attempt 2/3 failed for https://www.blogi.pl/osoba,jay_gor.html: All connection attempts failed
2026-08-14 19:20:08.225 | WARNING  | rahasya.utils.http_client:_request_with_retry:60 - Attempt 2/3 failed for https://public.api.bsky.app/xrpc/app.bsky.actor.getProfile?actor=jay_gor.bsky.social: All connection attempts failed
2026-08-14 19:20:08.225 | WARNING  | rahasya.utils.http_client:_request_with_retry:60 - Attempt 2/3 failed for https://api.geekdo.com/api/accounts/validate/username?username=jay_gor: All connection attempts failed
2026-08-14 19:20:08.308 | WARNING  | rahasya.utils.http_client:_request_with_retry:60 - Attempt 2/3 failed for https://www.babyblog.ru/user/jay_gor: All connection attempts failed
2026-08-14 19:20:08.308 | WARNING  | rahasya.utils.http_client:_request_with_retry:60 - Attempt 2/3 failed for https://www.bdsmsingles.com/members/jay_gor/: All connection attempts failed
2026-08-14 19:20:08.357 | WARNING  | rahasya.utils.http_client:_request_with_retry:60 - Attempt 2/3 failed for https://www.bookcrossing.com/mybookshelf/jay_gor: All connection attempts failed
2026-08-14 19:20:08.410 | WARNING  | rahasya.utils.http_client:_request_with_retry:60 - Attempt 2/3 failed for https://beacons.ai/jay_gor: All connection attempts failed
2026-08-14 19:20:08.414 | WARNING  | rahasya.utils.http_client:_request_with_retry:60 - Attempt 1/3 failed for https://bugcrowd.com/profile-service/v1/profiles/jay_gor: All connection attempts failed
2026-08-14 19:20:08.524 | WARNING  | rahasya.utils.http_client:_request_with_retry:60 - Attempt 2/3 failed for https://bio.site/jay_gor: All connection attempts failed
2026-08-14 19:20:08.557 | WARNING  | rahasya.utils.http_client:_request_with_retry:60 - Attempt 2/3 failed for https://bentbox.co/jay_gor: All connection attempts failed
2026-08-14 19:20:08.607 | WARNING  | rahasya.utils.http_client:_request_with_retry:60 - Attempt 1/3 failed for https://api.boosty.to/v1/blog/jay_gor: All connection attempts failed
2026-08-14 19:20:08.674 | WARNING  | rahasya.utils.http_client:_request_with_retry:60 - Attempt 2/3 failed for https://booknode.com/profil/jay_gor: All connection attempts failed
2026-08-14 19:20:08.851 | WARNING  | rahasya.utils.http_client:_request_with_retry:60 - Attempt 2/3 failed for https://bsky.app/profile/jay_gor: All connection attempts failed
2026-08-14 19:20:08.916 | WARNING  | rahasya.utils.http_client:_request_with_retry:60 - Attempt 2/3 failed for http://blogmarks.net/user/jay_gor: All connection attempts failed
2026-08-14 19:20:09.052 | WARNING  | rahasya.utils.http_client:_request_with_retry:60 - Attempt 3/3 failed for https://bandcamp.com/jay_gor: All connection attempts failed
2026-08-14 19:20:09.052 | WARNING  | rahasya.utils.http_client:_request_with_retry:60 - Attempt 2/3 failed for https://brickset.com/profile/jay_gor: All connection attempts failed
2026-08-14 19:20:09.133 | WARNING  | rahasya.utils.http_client:_request_with_retry:60 - Attempt 3/3 failed for https://forums.babypips.com/u/jay_gor.json: All connection attempts failed
2026-08-14 19:20:09.426 | WARNING  | rahasya.utils.http_client:_request_with_retry:60 - Attempt 2/3 failed for https://bugcrowd.com/profile-service/v1/profiles/jay_gor: All connection attempts failed
2026-08-14 19:20:09.458 | WARNING  | rahasya.utils.http_client:_request_with_retry:60 - Attempt 3/3 failed for https://ask.bimpos.com/user/jay_gor: All connection attempts failed
2026-08-14 19:20:09.559 | WARNING  | rahasya.utils.http_client:_request_with_retry:60 - Attempt 3/3 failed for https://www.bandlab.com/api/v1.3/users/jay_gor: All connection attempts failed
2026-08-14 19:20:09.608 | WARNING  | rahasya.utils.http_client:_request_with_retry:60 - Attempt 2/3 failed for https://api.boosty.to/v1/blog/jay_gor: All connection attempts failed
2026-08-14 19:20:09.657 | WARNING  | rahasya.utils.http_client:_request_with_retry:60 - Attempt 3/3 failed for https://www.biggerpockets.com/users/jay_gor: All connection attempts failed
2026-08-14 19:20:09.691 | WARNING  | rahasya.utils.http_client:_request_with_retry:60 - Attempt 3/3 failed for https://api.bitchute.com/api/beta/channel: All connection attempts failed
2026-08-14 19:20:09.691 | WARNING  | rahasya.utils.http_client:_request_with_retry:60 - Attempt 3/3 failed for https://bitbucket.org/!api/2.0/repositories/jay_gor?page=1&pagelen=25&sort=-updated_on&q=&fields=-values.owner%2C-values.workspace: All connection attempts failed
2026-08-14 19:20:09.724 | WARNING  | rahasya.utils.http_client:_request_with_retry:60 - Attempt 3/3 failed for https://audiojungle.net/user/jay_gor: All connection attempts failed
2026-08-14 19:20:09.784 | WARNING  | rahasya.utils.http_client:_request_with_retry:60 - Attempt 1/3 failed for https://community.bunpro.jp/u/jay_gor.json: All connection attempts failed
2026-08-14 19:20:09.961 | WARNING  | rahasya.utils.http_client:_request_with_retry:60 - Attempt 3/3 failed for https://community.avid.com/members/jay_gor/default.aspx: All connection attempts failed
2026-08-14 19:20:09.961 | WARNING  | rahasya.utils.http_client:_request_with_retry:60 - Attempt 3/3 failed for https://www.bigo.tv/user/jay_gor: All connection attempts failed
2026-08-14 19:20:09.962 | WARNING  | rahasya.utils.http_client:_request_with_retry:60 - Attempt 3/3 failed for https://www.babepedia.com/user/jay_gor: All connection attempts failed
2026-08-14 19:20:09.999 | WARNING  | rahasya.utils.http_client:_request_with_retry:60 - Attempt 3/3 failed for http://jay_gor.blogspot.com: All connection attempts failed
2026-08-14 19:20:10.049 | WARNING  | rahasya.utils.http_client:_request_with_retry:60 - Attempt 3/3 failed for https://bio.link/jay_gor: All connection attempts failed
2026-08-14 19:20:10.115 | WARNING  | rahasya.utils.http_client:_request_with_retry:60 - Attempt 3/3 failed for https://jay_gor.bdsmlr.com: All connection attempts failed
2026-08-14 19:20:10.192 | WARNING  | rahasya.utils.http_client:_request_with_retry:60 - Attempt 3/3 failed for https://jay_gor.booth.pm/: All connection attempts failed
2026-08-14 19:20:10.244 | WARNING  | rahasya.utils.http_client:_request_with_retry:60 - Attempt 3/3 failed for https://www.blogi.pl/osoba,jay_gor.html: All connection attempts failed
2026-08-14 19:20:10.244 | WARNING  | rahasya.utils.http_client:_request_with_retry:60 - Attempt 3/3 failed for https://public.api.bsky.app/xrpc/app.bsky.actor.getProfile?actor=jay_gor.bsky.social: All connection attempts failed
2026-08-14 19:20:10.244 | WARNING  | rahasya.utils.http_client:_request_with_retry:60 - Attempt 3/3 failed for https://api.geekdo.com/api/accounts/validate/username?username=jay_gor: All connection attempts failed
2026-08-14 19:20:10.299 | WARNING  | rahasya.utils.http_client:_request_with_retry:60 - Attempt 3/3 failed for https://www.bdsmsingles.com/members/jay_gor/: All connection attempts failed
2026-08-14 19:20:10.299 | WARNING  | rahasya.utils.http_client:_request_with_retry:60 - Attempt 3/3 failed for https://www.babyblog.ru/user/jay_gor: All connection attempts failed
2026-08-14 19:20:10.365 | WARNING  | rahasya.utils.http_client:_request_with_retry:60 - Attempt 3/3 failed for https://www.bookcrossing.com/mybookshelf/jay_gor: All connection attempts failed
2026-08-14 19:20:10.409 | WARNING  | rahasya.utils.http_client:_request_with_retry:60 - Attempt 3/3 failed for https://beacons.ai/jay_gor: All connection attempts failed
2026-08-14 19:20:10.484 | WARNING  | rahasya.utils.http_client:_request_with_retry:60 - Attempt 1/3 failed for https://app.buymeacoffee.com/api/v1/check_availability: All connection attempts failed
2026-08-14 19:20:10.533 | WARNING  | rahasya.utils.http_client:_request_with_retry:60 - Attempt 3/3 failed for https://bio.site/jay_gor: All connection attempts failed
2026-08-14 19:20:10.554 | WARNING  | rahasya.utils.http_client:_request_with_retry:60 - Attempt 3/3 failed for https://bentbox.co/jay_gor: All connection attempts failed
2026-08-14 19:20:10.632 | WARNING  | rahasya.utils.http_client:_request_with_retry:60 - Attempt 1/3 failed for https://cafecito.app/jay_gor: All connection attempts failed
2026-08-14 19:20:10.682 | WARNING  | rahasya.utils.http_client:_request_with_retry:60 - Attempt 3/3 failed for https://booknode.com/profil/jay_gor: All connection attempts failed
2026-08-14 19:20:10.707 | WARNING  | rahasya.utils.http_client:_request_with_retry:60 - Attempt 1/3 failed for https://www.cameo.com/api/v2/users/jay_gor: All connection attempts failed
2026-08-14 19:20:10.784 | WARNING  | rahasya.utils.http_client:_request_with_retry:60 - Attempt 2/3 failed for https://community.bunpro.jp/u/jay_gor.json: All connection attempts failed
2026-08-14 19:20:10.849 | WARNING  | rahasya.utils.http_client:_request_with_retry:60 - Attempt 3/3 failed for https://bsky.app/profile/jay_gor: All connection attempts failed
2026-08-14 19:20:10.916 | WARNING  | rahasya.utils.http_client:_request_with_retry:60 - Attempt 3/3 failed for http://blogmarks.net/user/jay_gor: All connection attempts failed
2026-08-14 19:20:11.051 | WARNING  | rahasya.utils.http_client:_request_with_retry:60 - Attempt 3/3 failed for https://brickset.com/profile/jay_gor: All connection attempts failed
2026-08-14 19:20:11.163 | WARNING  | rahasya.utils.http_client:_request_with_retry:60 - Attempt 1/3 failed for https://www.championat.com/user/jay_gor/: All connection attempts failed
2026-08-14 19:20:11.165 | WARNING  | rahasya.utils.http_client:_request_with_retry:60 - Attempt 1/3 failed for https://www.castingcall.club/jay_gor: All connection attempts failed
2026-08-14 19:20:11.165 | WARNING  | rahasya.utils.http_client:_request_with_retry:60 - Attempt 1/3 failed for https://forum.cfx.re/u/jay_gor.json: All connection attempts failed
2026-08-14 19:20:11.215 | WARNING  | rahasya.utils.http_client:_request_with_retry:60 - Attempt 1/3 failed for https://chaturbate.com/jay_gor/: All connection attempts failed
2026-08-14 19:20:11.215 | WARNING  | rahasya.utils.http_client:_request_with_retry:60 - Attempt 1/3 failed for https://community.chocolatey.org/profiles/jay_gor: All connection attempts failed
2026-08-14 19:20:11.215 | WARNING  | rahasya.utils.http_client:_request_with_retry:60 - Attempt 1/3 failed for https://jay_gor.chatango.com: All connection attempts failed
2026-08-14 19:20:11.281 | WARNING  | rahasya.utils.http_client:_request_with_retry:60 - Attempt 1/3 failed for https://cheezburger.com/Editor/jay_gor: All connection attempts failed
2026-08-14 19:20:11.315 | WARNING  | rahasya.utils.http_client:_request_with_retry:60 - Attempt 1/3 failed for https://www.buzzfeed.com/jay_gor: All connection attempts failed
2026-08-14 19:20:11.323 | WARNING  | rahasya.utils.http_client:_request_with_retry:60 - Attempt 1/3 failed for https://calendly.com/api/booking/profiles/jay_gor: All connection attempts failed
2026-08-14 19:20:11.323 | WARNING  | rahasya.utils.http_client:_request_with_retry:60 - Attempt 1/3 failed for https://choko.link/jay_gor: All connection attempts failed
2026-08-14 19:20:11.373 | WARNING  | rahasya.utils.http_client:_request_with_retry:60 - Attempt 1/3 failed for https://career.habr.com/jay_gor: All connection attempts failed
2026-08-14 19:20:11.434 | WARNING  | rahasya.utils.http_client:_request_with_retry:60 - Attempt 3/3 failed for https://bugcrowd.com/profile-service/v1/profiles/jay_gor: All connection attempts failed
2026-08-14 19:20:11.434 | WARNING  | rahasya.utils.http_client:_request_with_retry:60 - Attempt 1/3 failed for https://www.chamsko.pl/profil/jay_gor: All connection attempts failed
2026-08-14 19:20:11.484 | WARNING  | rahasya.utils.http_client:_request_with_retry:60 - Attempt 2/3 failed for https://app.buymeacoffee.com/api/v1/check_availability: All connection attempts failed
2026-08-14 19:20:11.494 | WARNING  | rahasya.utils.http_client:_request_with_retry:60 - Attempt 1/3 failed for https://beta.cent.co/data/user/profile?userHandles=jay_gor: All connection attempts failed
2026-08-14 19:20:11.591 | WARNING  | rahasya.utils.http_client:_request_with_retry:60 - Attempt 1/3 failed for https://www.cda.pl/jay_gor: All connection attempts failed
2026-08-14 19:20:11.624 | WARNING  | rahasya.utils.http_client:_request_with_retry:60 - Attempt 3/3 failed for https://api.boosty.to/v1/blog/jay_gor: All connection attempts failed
2026-08-14 19:20:11.648 | WARNING  | rahasya.utils.http_client:_request_with_retry:60 - Attempt 2/3 failed for https://cafecito.app/jay_gor: All connection attempts failed
2026-08-14 19:20:11.664 | WARNING  | rahasya.utils.http_client:_request_with_retry:60 - Attempt 1/3 failed for https://jay_gor.carrd.co: All connection attempts failed
2026-08-14 19:20:11.714 | WARNING  | rahasya.utils.http_client:_request_with_retry:60 - Attempt 1/3 failed for https://jay_gor.carbonmade.com/: All connection attempts failed
2026-08-14 19:20:11.715 | WARNING  | rahasya.utils.http_client:_request_with_retry:60 - Attempt 2/3 failed for https://www.cameo.com/api/v2/users/jay_gor: All connection attempts failed
2026-08-14 19:20:11.721 | WARNING  | rahasya.utils.http_client:_request_with_retry:60 - Attempt 1/3 failed for https://community.cloudflare.com/u/jay_gor/card.json: All connection attempts failed
2026-08-14 19:20:11.865 | WARNING  | rahasya.utils.http_client:_request_with_retry:60 - Attempt 1/3 failed for https://codeberg.org/api/v1/users/jay_gor: All connection attempts failed
2026-08-14 19:20:11.882 | WARNING  | rahasya.utils.http_client:_request_with_retry:60 - Attempt 1/3 failed for https://chomikuj.pl/jay_gor/: All connection attempts failed
2026-08-14 19:20:12.113 | WARNING  | rahasya.utils.http_client:_request_with_retry:60 - Attempt 1/3 failed for https://api.chess.com/pub/player/jay_gor: All connection attempts failed
2026-08-14 19:20:12.167 | WARNING  | rahasya.utils.http_client:_request_with_retry:60 - Attempt 2/3 failed for https://www.castingcall.club/jay_gor: All connection attempts failed
2026-08-14 19:20:12.167 | WARNING  | rahasya.utils.http_client:_request_with_retry:60 - Attempt 2/3 failed for https://forum.cfx.re/u/jay_gor.json: All connection attempts failed
2026-08-14 19:20:12.167 | WARNING  | rahasya.utils.http_client:_request_with_retry:60 - Attempt 2/3 failed for https://www.championat.com/user/jay_gor/: All connection attempts failed
2026-08-14 19:20:12.218 | WARNING  | rahasya.utils.http_client:_request_with_retry:60 - Attempt 2/3 failed for https://community.chocolatey.org/profiles/jay_gor: All connection attempts failed
2026-08-14 19:20:12.218 | WARNING  | rahasya.utils.http_client:_request_with_retry:60 - Attempt 2/3 failed for https://chaturbate.com/jay_gor/: All connection attempts failed
2026-08-14 19:20:12.218 | WARNING  | rahasya.utils.http_client:_request_with_retry:60 - Attempt 2/3 failed for https://jay_gor.chatango.com: All connection attempts failed
2026-08-14 19:20:12.284 | WARNING  | rahasya.utils.http_client:_request_with_retry:60 - Attempt 2/3 failed for https://cheezburger.com/Editor/jay_gor: All connection attempts failed
2026-08-14 19:20:12.290 | WARNING  | rahasya.utils.http_client:_request_with_retry:60 - Attempt 1/3 failed for https://www.cnet.com/profiles/jay_gor/: All connection attempts failed
2026-08-14 19:20:12.290 | WARNING  | rahasya.utils.http_client:_request_with_retry:60 - Attempt 1/3 failed for https://www.codechef.com/users/jay_gor: All connection attempts failed
2026-08-14 19:20:12.323 | WARNING  | rahasya.utils.http_client:_request_with_retry:60 - Attempt 2/3 failed for https://choko.link/jay_gor: All connection attempts failed
2026-08-14 19:20:12.323 | WARNING  | rahasya.utils.http_client:_request_with_retry:60 - Attempt 2/3 failed for https://www.buzzfeed.com/jay_gor: All connection attempts failed
2026-08-14 19:20:12.323 | WARNING  | rahasya.utils.http_client:_request_with_retry:60 - Attempt 2/3 failed for https://calendly.com/api/booking/profiles/jay_gor: All connection attempts failed
2026-08-14 19:20:12.357 | WARNING  | rahasya.utils.http_client:_request_with_retry:60 - Attempt 2/3 failed for https://career.habr.com/jay_gor: All connection attempts failed
2026-08-14 19:20:12.450 | WARNING  | rahasya.utils.http_client:_request_with_retry:60 - Attempt 2/3 failed for https://www.chamsko.pl/profil/jay_gor: All connection attempts failed
2026-08-14 19:20:12.500 | WARNING  | rahasya.utils.http_client:_request_with_retry:60 - Attempt 2/3 failed for https://beta.cent.co/data/user/profile?userHandles=jay_gor: All connection attempts failed
2026-08-14 19:20:12.531 | WARNING  | rahasya.utils.http_client:_request_with_retry:60 - Attempt 1/3 failed for https://chyoa.com/user/jay_gor: All connection attempts failed
2026-08-14 19:20:12.581 | WARNING  | rahasya.utils.http_client:_request_with_retry:60 - Attempt 2/3 failed for https://www.cda.pl/jay_gor: All connection attempts failed
2026-08-14 19:20:12.581 | WARNING  | rahasya.utils.http_client:_request_with_retry:60 - Attempt 1/3 failed for https://www.codecademy.com/profiles/jay_gor: All connection attempts failed
2026-08-14 19:20:12.665 | WARNING  | rahasya.utils.http_client:_request_with_retry:60 - Attempt 2/3 failed for https://jay_gor.carrd.co: All connection attempts failed
2026-08-14 19:20:12.726 | WARNING  | rahasya.utils.http_client:_request_with_retry:60 - Attempt 2/3 failed for https://jay_gor.carbonmade.com/: All connection attempts failed
2026-08-14 19:20:12.727 | WARNING  | rahasya.utils.http_client:_request_with_retry:60 - Attempt 2/3 failed for https://community.cloudflare.com/u/jay_gor/card.json: All connection attempts failed
2026-08-14 19:20:12.732 | WARNING  | rahasya.utils.http_client:_request_with_retry:60 - Attempt 1/3 failed for https://www.clubhouse.com/@jay_gor: All connection attempts failed
2026-08-14 19:20:12.798 | WARNING  | rahasya.utils.http_client:_request_with_retry:60 - Attempt 3/3 failed for https://community.bunpro.jp/u/jay_gor.json: All connection attempts failed
2026-08-14 19:20:12.815 | WARNING  | rahasya.utils.http_client:_request_with_retry:60 - Attempt 1/3 failed for https://coda.io/@jay_gor/: All connection attempts failed
2026-08-14 19:20:12.856 | WARNING  | rahasya.utils.http_client:_request_with_retry:60 - Attempt 2/3 failed for https://codeberg.org/api/v1/users/jay_gor: All connection attempts failed
2026-08-14 19:20:12.892 | WARNING  | rahasya.utils.http_client:_request_with_retry:60 - Attempt 2/3 failed for https://chomikuj.pl/jay_gor/: All connection attempts failed
2026-08-14 19:20:13.100 | WARNING  | rahasya.utils.http_client:_request_with_retry:60 - Attempt 2/3 failed for https://api.chess.com/pub/player/jay_gor: All connection attempts failed
2026-08-14 19:20:13.298 | WARNING  | rahasya.utils.http_client:_request_with_retry:60 - Attempt 2/3 failed for https://www.cnet.com/profiles/jay_gor/: All connection attempts failed
2026-08-14 19:20:13.298 | WARNING  | rahasya.utils.http_client:_request_with_retry:60 - Attempt 2/3 failed for https://www.codechef.com/users/jay_gor: All connection attempts failed
2026-08-14 19:20:13.475 | WARNING  | rahasya.utils.http_client:_request_with_retry:60 - Attempt 3/3 failed for https://app.buymeacoffee.com/api/v1/check_availability: All connection attempts failed
2026-08-14 19:20:13.526 | WARNING  | rahasya.utils.http_client:_request_with_retry:60 - Attempt 2/3 failed for https://chyoa.com/user/jay_gor: All connection attempts failed
2026-08-14 19:20:13.582 | WARNING  | rahasya.utils.http_client:_request_with_retry:60 - Attempt 2/3 failed for https://www.codecademy.com/profiles/jay_gor: All connection attempts failed
2026-08-14 19:20:13.659 | WARNING  | rahasya.utils.http_client:_request_with_retry:60 - Attempt 3/3 failed for https://cafecito.app/jay_gor: All connection attempts failed
2026-08-14 19:20:13.682 | WARNING  | rahasya.utils.http_client:_request_with_retry:60 - Attempt 1/3 failed for https://codeforces.com/api/user.info?handles=jay_gor: All connection attempts failed
2026-08-14 19:20:13.715 | WARNING  | rahasya.utils.http_client:_request_with_retry:60 - Attempt 3/3 failed for https://www.cameo.com/api/v2/users/jay_gor: All connection attempts failed
2026-08-14 19:20:13.740 | WARNING  | rahasya.utils.http_client:_request_with_retry:60 - Attempt 2/3 failed for https://www.clubhouse.com/@jay_gor: All connection attempts failed
2026-08-14 19:20:13.825 | WARNING  | rahasya.utils.http_client:_request_with_retry:60 - Attempt 2/3 failed for https://coda.io/@jay_gor/: All connection attempts failed
2026-08-14 19:20:14.175 | WARNING  | rahasya.utils.http_client:_request_with_retry:60 - Attempt 3/3 failed for https://forum.cfx.re/u/jay_gor.json: All connection attempts failed
2026-08-14 19:20:14.175 | WARNING  | rahasya.utils.http_client:_request_with_retry:60 - Attempt 3/3 failed for https://www.castingcall.club/jay_gor: All connection attempts failed
2026-08-14 19:20:14.175 | WARNING  | rahasya.utils.http_client:_request_with_retry:60 - Attempt 3/3 failed for https://www.championat.com/user/jay_gor/: All connection attempts failed
2026-08-14 19:20:14.214 | WARNING  | rahasya.utils.http_client:_request_with_retry:60 - Attempt 3/3 failed for https://chaturbate.com/jay_gor/: All connection attempts failed
2026-08-14 19:20:14.214 | WARNING  | rahasya.utils.http_client:_request_with_retry:60 - Attempt 3/3 failed for https://community.chocolatey.org/profiles/jay_gor: All connection attempts failed
2026-08-14 19:20:14.214 | WARNING  | rahasya.utils.http_client:_request_with_retry:60 - Attempt 3/3 failed for https://jay_gor.chatango.com: All connection attempts failed
2026-08-14 19:20:14.290 | WARNING  | rahasya.utils.http_client:_request_with_retry:60 - Attempt 3/3 failed for https://cheezburger.com/Editor/jay_gor: All connection attempts failed
2026-08-14 19:20:14.314 | WARNING  | rahasya.utils.http_client:_request_with_retry:60 - Attempt 3/3 failed for https://www.buzzfeed.com/jay_gor: All connection attempts failed
2026-08-14 19:20:14.314 | WARNING  | rahasya.utils.http_client:_request_with_retry:60 - Attempt 3/3 failed for https://choko.link/jay_gor: All connection attempts failed
2026-08-14 19:20:14.314 | WARNING  | rahasya.utils.http_client:_request_with_retry:60 - Attempt 3/3 failed for https://calendly.com/api/booking/profiles/jay_gor: All connection attempts failed
2026-08-14 19:20:14.348 | WARNING  | rahasya.utils.http_client:_request_with_retry:60 - Attempt 3/3 failed for https://career.habr.com/jay_gor: All connection attempts failed
2026-08-14 19:20:14.423 | WARNING  | rahasya.utils.http_client:_request_with_retry:60 - Attempt 3/3 failed for https://www.chamsko.pl/profil/jay_gor: All connection attempts failed
2026-08-14 19:20:14.518 | WARNING  | rahasya.utils.http_client:_request_with_retry:60 - Attempt 3/3 failed for https://beta.cent.co/data/user/profile?userHandles=jay_gor: All connection attempts failed
2026-08-14 19:20:14.583 | WARNING  | rahasya.utils.http_client:_request_with_retry:60 - Attempt 3/3 failed for https://www.cda.pl/jay_gor: All connection attempts failed
2026-08-14 19:20:14.647 | WARNING  | rahasya.utils.http_client:_request_with_retry:60 - Attempt 1/3 failed for https://codepen.io/jay_gor: All connection attempts failed
2026-08-14 19:20:14.665 | WARNING  | rahasya.utils.http_client:_request_with_retry:60 - Attempt 3/3 failed for https://jay_gor.carrd.co: All connection attempts failed
2026-08-14 19:20:14.689 | WARNING  | rahasya.utils.http_client:_request_with_retry:60 - Attempt 2/3 failed for https://codeforces.com/api/user.info?handles=jay_gor: All connection attempts failed
2026-08-14 19:20:14.722 | WARNING  | rahasya.utils.http_client:_request_with_retry:60 - Attempt 3/3 failed for https://community.cloudflare.com/u/jay_gor/card.json: All connection attempts failed
2026-08-14 19:20:14.722 | WARNING  | rahasya.utils.http_client:_request_with_retry:60 - Attempt 3/3 failed for https://jay_gor.carbonmade.com/: All connection attempts failed
2026-08-14 19:20:14.756 | WARNING  | rahasya.utils.http_client:_request_with_retry:60 - Attempt 1/3 failed for https://coderwall.com/jay_gor/: All connection attempts failed
2026-08-14 19:20:14.864 | WARNING  | rahasya.utils.http_client:_request_with_retry:60 - Attempt 3/3 failed for https://codeberg.org/api/v1/users/jay_gor: All connection attempts failed
2026-08-14 19:20:14.900 | WARNING  | rahasya.utils.http_client:_request_with_retry:60 - Attempt 3/3 failed for https://chomikuj.pl/jay_gor/: All connection attempts failed
2026-08-14 19:20:15.043 | WARNING  | rahasya.utils.http_client:_request_with_retry:60 - Attempt 1/3 failed for https://www.codewars.com/api/v1/users/jay_gor: All connection attempts failed
2026-08-14 19:20:15.114 | WARNING  | rahasya.utils.http_client:_request_with_retry:60 - Attempt 3/3 failed for https://api.chess.com/pub/player/jay_gor: All connection attempts failed
2026-08-14 19:20:15.139 | WARNING  | rahasya.utils.http_client:_request_with_retry:60 - Attempt 1/3 failed for https://www.coroflot.com/jay_gor: All connection attempts failed
2026-08-14 19:20:15.180 | WARNING  | rahasya.utils.http_client:_request_with_retry:60 - Attempt 1/3 failed for https://www.colourlovers.com/ajax/check-username-availability: All connection attempts failed
2026-08-14 19:20:15.180 | WARNING  | rahasya.utils.http_client:_request_with_retry:60 - Attempt 1/3 failed for https://www.codementor.io/@jay_gor: All connection attempts failed
2026-08-14 19:20:15.241 | WARNING  | rahasya.utils.http_client:_request_with_retry:60 - Attempt 1/3 failed for https://codesandbox.io/api/v1/users/jay_gor: All connection attempts failed
2026-08-14 19:20:15.306 | WARNING  | rahasya.utils.http_client:_request_with_retry:60 - Attempt 3/3 failed for https://www.codechef.com/users/jay_gor: All connection attempts failed
2026-08-14 19:20:15.306 | WARNING  | rahasya.utils.http_client:_request_with_retry:60 - Attempt 3/3 failed for https://www.cnet.com/profiles/jay_gor/: All connection attempts failed
2026-08-14 19:20:15.456 | WARNING  | rahasya.utils.http_client:_request_with_retry:60 - Attempt 1/3 failed for https://darudar.org/users/jay_gor/: [Errno 11001] getaddrinfo failed
2026-08-14 19:20:15.529 | WARNING  | rahasya.utils.http_client:_request_with_retry:60 - Attempt 3/3 failed for https://chyoa.com/user/jay_gor: All connection attempts failed
2026-08-14 19:20:15.582 | WARNING  | rahasya.utils.http_client:_request_with_retry:60 - Attempt 1/3 failed for https://community.adobe.com/t5/forums/searchpage/tab/user?q=jay_gor: All connection attempts failed
2026-08-14 19:20:15.582 | WARNING  | rahasya.utils.http_client:_request_with_retry:60 - Attempt 3/3 failed for https://www.codecademy.com/profiles/jay_gor: All connection attempts failed
2026-08-14 19:20:15.614 | WARNING  | rahasya.utils.http_client:_request_with_retry:60 - Attempt 1/3 failed for https://cults3d.com/en/users/jay_gor/creations: All connection attempts failed
2026-08-14 19:20:15.622 | WARNING  | rahasya.utils.http_client:_request_with_retry:60 - Attempt 1/3 failed for https://api.cropty.io/v1/auth/jay_gor: All connection attempts failed
2026-08-14 19:20:15.647 | WARNING  | rahasya.utils.http_client:_request_with_retry:60 - Attempt 2/3 failed for https://codepen.io/jay_gor: All connection attempts failed
2026-08-14 19:20:15.655 | WARNING  | rahasya.utils.http_client:_request_with_retry:60 - Attempt 1/3 failed for https://json.commudle.com/api/v2/users?username=jay_gor: All connection attempts failed
2026-08-14 19:20:15.756 | WARNING  | rahasya.utils.http_client:_request_with_retry:60 - Attempt 2/3 failed for https://coderwall.com/jay_gor/: All connection attempts failed
2026-08-14 19:20:15.756 | WARNING  | rahasya.utils.http_client:_request_with_retry:60 - Attempt 3/3 failed for https://www.clubhouse.com/@jay_gor: All connection attempts failed
2026-08-14 19:20:15.833 | WARNING  | rahasya.utils.http_client:_request_with_retry:60 - Attempt 3/3 failed for https://coda.io/@jay_gor/: All connection attempts failed
2026-08-14 19:20:15.856 | WARNING  | rahasya.utils.http_client:_request_with_retry:60 - Attempt 1/3 failed for https://coub.com/api/v2/channels/jay_gor: All connection attempts failed
2026-08-14 19:20:15.983 | WARNING  | rahasya.utils.http_client:_request_with_retry:60 - Attempt 1/3 failed for https://jay_gor.crevado.com/: All connection attempts failed
2026-08-14 19:20:15.984 | WARNING  | rahasya.utils.http_client:_request_with_retry:60 - Attempt 1/3 failed for https://demotywatory.pl/user/jay_gor: All connection attempts failed
2026-08-14 19:20:16.039 | WARNING  | rahasya.utils.http_client:_request_with_retry:60 - Attempt 2/3 failed for https://www.codewars.com/api/v1/users/jay_gor: All connection attempts failed
2026-08-14 19:20:16.089 | WARNING  | rahasya.utils.http_client:_request_with_retry:60 - Attempt 1/3 failed for https://www.designspiration.com/jay_gor/: All connection attempts failed
2026-08-14 19:20:16.141 | WARNING  | rahasya.utils.http_client:_request_with_retry:60 - Attempt 2/3 failed for https://www.coroflot.com/jay_gor: All connection attempts failed
2026-08-14 19:20:16.180 | WARNING  | rahasya.utils.http_client:_request_with_retry:60 - Attempt 2/3 failed for https://www.colourlovers.com/ajax/check-username-availability: All connection attempts failed
2026-08-14 19:20:16.184 | WARNING  | rahasya.utils.http_client:_request_with_retry:60 - Attempt 2/3 failed for https://www.codementor.io/@jay_gor: All connection attempts failed
2026-08-14 19:20:16.247 | WARNING  | rahasya.utils.http_client:_request_with_retry:60 - Attempt 2/3 failed for https://codesandbox.io/api/v1/users/jay_gor: All connection attempts failed
2026-08-14 19:20:16.314 | WARNING  | rahasya.utils.http_client:_request_with_retry:60 - Attempt 1/3 failed for https://crowdin.com/profile/jay_gor: All connection attempts failed
2026-08-14 19:20:16.314 | WARNING  | rahasya.utils.http_client:_request_with_retry:60 - Attempt 1/3 failed for https://www.cracked.com/members/jay_gor: All connection attempts failed
2026-08-14 19:20:16.314 | WARNING  | rahasya.utils.http_client:_request_with_retry:60 - Attempt 1/3 failed for https://cytoid.io/profile/jay_gor: All connection attempts failed
2026-08-14 19:20:16.377 | WARNING  | rahasya.utils.http_client:_request_with_retry:60 - Attempt 1/3 failed for https://cowboys4angels.com/cowboy/jay_gor/: All connection attempts failed
2026-08-14 19:20:16.447 | WARNING  | rahasya.utils.http_client:_request_with_retry:60 - Attempt 1/3 failed for https://api.destream.net/siteapi/v2/live/details/jay_gor: All connection attempts failed
2026-08-14 19:20:16.469 | WARNING  | rahasya.utils.http_client:_request_with_retry:60 - Attempt 2/3 failed for https://darudar.org/users/jay_gor/: [Errno 11001] getaddrinfo failed
2026-08-14 19:20:16.573 | WARNING  | rahasya.utils.http_client:_request_with_retry:60 - Attempt 1/3 failed for https://www.depop.com/jay_gor/: All connection attempts failed
2026-08-14 19:20:16.598 | WARNING  | rahasya.utils.http_client:_request_with_retry:60 - Attempt 2/3 failed for https://api.cropty.io/v1/auth/jay_gor: All connection attempts failed
2026-08-14 19:20:16.598 | WARNING  | rahasya.utils.http_client:_request_with_retry:60 - Attempt 2/3 failed for https://cults3d.com/en/users/jay_gor/creations: All connection attempts failed
2026-08-14 19:20:16.600 | WARNING  | rahasya.utils.http_client:_request_with_retry:60 - Attempt 2/3 failed for https://community.adobe.com/t5/forums/searchpage/tab/user?q=jay_gor: All connection attempts failed
2026-08-14 19:20:16.639 | WARNING  | rahasya.utils.http_client:_request_with_retry:60 - Attempt 2/3 failed for https://json.commudle.com/api/v2/users?username=jay_gor: All connection attempts failed
2026-08-14 19:20:16.663 | WARNING  | rahasya.utils.http_client:_request_with_retry:60 - Attempt 1/3 failed for https://www.datezone.com/users/jay_gor/: All connection attempts failed
2026-08-14 19:20:16.689 | WARNING  | rahasya.utils.http_client:_request_with_retry:60 - Attempt 1/3 failed for https://www.dateinasia.com/jay_gor: All connection attempts failed
2026-08-14 19:20:16.694 | WARNING  | rahasya.utils.http_client:_request_with_retry:60 - Attempt 3/3 failed for https://codeforces.com/api/user.info?handles=jay_gor: All connection attempts failed
2026-08-14 19:20:16.722 | WARNING  | rahasya.utils.http_client:_request_with_retry:60 - Attempt 1/3 failed for https://dating.ru/jay_gor/: All connection attempts failed
2026-08-14 19:20:16.788 | WARNING  | rahasya.utils.http_client:_request_with_retry:60 - Attempt 1/3 failed for https://www.dailykos.com/user/jay_gor: All connection attempts failed
2026-08-14 19:20:16.855 | WARNING  | rahasya.utils.http_client:_request_with_retry:60 - Attempt 2/3 failed for https://coub.com/api/v2/channels/jay_gor: All connection attempts failed
2026-08-14 19:20:16.990 | WARNING  | rahasya.utils.http_client:_request_with_retry:60 - Attempt 2/3 failed for https://jay_gor.crevado.com/: All connection attempts failed
2026-08-14 19:20:16.990 | WARNING  | rahasya.utils.http_client:_request_with_retry:60 - Attempt 2/3 failed for https://demotywatory.pl/user/jay_gor: All connection attempts failed
2026-08-14 19:20:17.088 | WARNING  | rahasya.utils.http_client:_request_with_retry:60 - Attempt 2/3 failed for https://www.designspiration.com/jay_gor/: All connection attempts failed
2026-08-14 19:20:17.331 | WARNING  | rahasya.utils.http_client:_request_with_retry:60 - Attempt 2/3 failed for https://crowdin.com/profile/jay_gor: All connection attempts failed
2026-08-14 19:20:17.331 | WARNING  | rahasya.utils.http_client:_request_with_retry:60 - Attempt 2/3 failed for https://cytoid.io/profile/jay_gor: All connection attempts failed
2026-08-14 19:20:17.331 | WARNING  | rahasya.utils.http_client:_request_with_retry:60 - Attempt 2/3 failed for https://www.cracked.com/members/jay_gor: All connection attempts failed
2026-08-14 19:20:17.382 | WARNING  | rahasya.utils.http_client:_request_with_retry:60 - Attempt 2/3 failed for https://cowboys4angels.com/cowboy/jay_gor/: All connection attempts failed
2026-08-14 19:20:17.422 | WARNING  | rahasya.utils.http_client:_request_with_retry:60 - Attempt 1/3 failed for https://dev.to/api/users/by_username?url=jay_gor: All connection attempts failed
2026-08-14 19:20:17.501 | WARNING  | rahasya.utils.http_client:_request_with_retry:60 - Attempt 2/3 failed for https://api.destream.net/siteapi/v2/live/details/jay_gor: All connection attempts failed
2026-08-14 19:20:17.502 | WARNING  | rahasya.utils.http_client:_request_with_retry:60 - Attempt 1/3 failed for https://devrant.com/api/get-user-id?app=3&username=jay_gor: All connection attempts failed
2026-08-14 19:20:17.526 | WARNING  | rahasya.utils.http_client:_request_with_retry:60 - Attempt 1/3 failed for https://www.deviantart.com/jay_gor: All connection attempts failed
2026-08-14 19:20:17.580 | WARNING  | rahasya.utils.http_client:_request_with_retry:60 - Attempt 2/3 failed for https://www.depop.com/jay_gor/: All connection attempts failed
2026-08-14 19:20:17.630 | WARNING  | rahasya.utils.http_client:_request_with_retry:60 - Attempt 3/3 failed for https://codepen.io/jay_gor: All connection attempts failed
2026-08-14 19:20:17.641 | WARNING  | rahasya.utils.http_client:_request_with_retry:60 - Attempt 1/3 failed for https://www.destructoid.com/?name=jay_gor: All connection attempts failed
2026-08-14 19:20:17.663 | WARNING  | rahasya.utils.http_client:_request_with_retry:60 - Attempt 2/3 failed for https://www.datezone.com/users/jay_gor/: All connection attempts failed
2026-08-14 19:20:17.697 | WARNING  | rahasya.utils.http_client:_request_with_retry:60 - Attempt 2/3 failed for https://www.dateinasia.com/jay_gor: All connection attempts failed
2026-08-14 19:20:17.730 | WARNING  | rahasya.utils.http_client:_request_with_retry:60 - Attempt 2/3 failed for https://dating.ru/jay_gor/: All connection attempts failed
2026-08-14 19:20:17.763 | WARNING  | rahasya.utils.http_client:_request_with_retry:60 - Attempt 3/3 failed for https://coderwall.com/jay_gor/: All connection attempts failed
2026-08-14 19:20:17.797 | WARNING  | rahasya.utils.http_client:_request_with_retry:60 - Attempt 2/3 failed for https://www.dailykos.com/user/jay_gor: All connection attempts failed
2026-08-14 19:20:18.060 | WARNING  | rahasya.utils.http_client:_request_with_retry:60 - Attempt 3/3 failed for https://www.codewars.com/api/v1/users/jay_gor: All connection attempts failed
2026-08-14 19:20:18.157 | WARNING  | rahasya.utils.http_client:_request_with_retry:60 - Attempt 3/3 failed for https://www.coroflot.com/jay_gor: All connection attempts failed
2026-08-14 19:20:18.182 | WARNING  | rahasya.utils.http_client:_request_with_retry:60 - Attempt 3/3 failed for https://www.colourlovers.com/ajax/check-username-availability: All connection attempts failed
2026-08-14 19:20:18.182 | WARNING  | rahasya.utils.http_client:_request_with_retry:60 - Attempt 3/3 failed for https://www.codementor.io/@jay_gor: All connection attempts failed
2026-08-14 19:20:18.248 | WARNING  | rahasya.utils.http_client:_request_with_retry:60 - Attempt 3/3 failed for https://codesandbox.io/api/v1/users/jay_gor: All connection attempts failed
2026-08-14 19:20:18.430 | WARNING  | rahasya.utils.http_client:_request_with_retry:60 - Attempt 2/3 failed for https://dev.to/api/users/by_username?url=jay_gor: All connection attempts failed
2026-08-14 19:20:18.483 | WARNING  | rahasya.utils.http_client:_request_with_retry:60 - Attempt 3/3 failed for https://darudar.org/users/jay_gor/: [Errno 11001] getaddrinfo failed
2026-08-14 19:20:18.521 | WARNING  | rahasya.utils.http_client:_request_with_retry:60 - Attempt 2/3 failed for https://devrant.com/api/get-user-id?app=3&username=jay_gor: All connection attempts failed
2026-08-14 19:20:18.521 | WARNING  | rahasya.utils.http_client:_request_with_retry:60 - Attempt 2/3 failed for https://www.deviantart.com/jay_gor: All connection attempts failed
2026-08-14 19:20:18.538 | WARNING  | rahasya.utils.http_client:_request_with_retry:60 - Attempt 1/3 failed for https://www.dfgames.com.br/user/jay_gor: All connection attempts failed
2026-08-14 19:20:18.605 | WARNING  | rahasya.utils.http_client:_request_with_retry:60 - Attempt 3/3 failed for https://api.cropty.io/v1/auth/jay_gor: All connection attempts failed
2026-08-14 19:20:18.605 | WARNING  | rahasya.utils.http_client:_request_with_retry:60 - Attempt 3/3 failed for https://cults3d.com/en/users/jay_gor/creations: All connection attempts failed
2026-08-14 19:20:18.605 | WARNING  | rahasya.utils.http_client:_request_with_retry:60 - Attempt 3/3 failed for https://community.adobe.com/t5/forums/searchpage/tab/user?q=jay_gor: All connection attempts failed
2026-08-14 19:20:18.640 | WARNING  | rahasya.utils.http_client:_request_with_retry:60 - Attempt 2/3 failed for https://www.destructoid.com/?name=jay_gor: All connection attempts failed
2026-08-14 19:20:18.640 | WARNING  | rahasya.utils.http_client:_request_with_retry:60 - Attempt 3/3 failed for https://json.commudle.com/api/v2/users?username=jay_gor: All connection attempts failed
2026-08-14 19:20:18.772 | WARNING  | rahasya.utils.http_client:_request_with_retry:60 - Attempt 1/3 failed for https://diablo2.io/member/jay_gor/: All connection attempts failed
2026-08-14 19:20:18.855 | WARNING  | rahasya.utils.http_client:_request_with_retry:60 - Attempt 3/3 failed for https://coub.com/api/v2/channels/jay_gor: All connection attempts failed
2026-08-14 19:20:18.863 | WARNING  | rahasya.utils.http_client:_request_with_retry:60 - Attempt 1/3 failed for https://www.dibiz.com/jay_gor: All connection attempts failed
2026-08-14 19:20:19.000 | WARNING  | rahasya.utils.http_client:_request_with_retry:60 - Attempt 3/3 failed for https://jay_gor.crevado.com/: All connection attempts failed
2026-08-14 19:20:19.001 | WARNING  | rahasya.utils.http_client:_request_with_retry:60 - Attempt 3/3 failed for https://demotywatory.pl/user/jay_gor: All connection attempts failed
2026-08-14 19:20:19.090 | WARNING  | rahasya.utils.http_client:_request_with_retry:60 - Attempt 3/3 failed for https://www.designspiration.com/jay_gor/: All connection attempts failed
2026-08-14 19:20:19.130 | WARNING  | rahasya.utils.http_client:_request_with_retry:60 - Attempt 1/3 failed for https://forums.digitalspy.com/profile/discussions/jay_gor: All connection attempts failed
2026-08-14 19:20:19.223 | WARNING  | rahasya.utils.http_client:_request_with_retry:60 - Attempt 1/3 failed for https://discord.com/api/v9/invites/jay_gor?with_counts=true&with_expiration=true: All connection attempts failed
2026-08-14 19:20:19.339 | WARNING  | rahasya.utils.http_client:_request_with_retry:60 - Attempt 3/3 failed for https://crowdin.com/profile/jay_gor: All connection attempts failed
2026-08-14 19:20:19.339 | WARNING  | rahasya.utils.http_client:_request_with_retry:60 - Attempt 3/3 failed for https://cytoid.io/profile/jay_gor: All connection attempts failed
2026-08-14 19:20:19.339 | WARNING  | rahasya.utils.http_client:_request_with_retry:60 - Attempt 3/3 failed for https://www.cracked.com/members/jay_gor: All connection attempts failed
2026-08-14 19:20:19.389 | WARNING  | rahasya.utils.http_client:_request_with_retry:60 - Attempt 3/3 failed for https://cowboys4angels.com/cowboy/jay_gor/: All connection attempts failed
2026-08-14 19:20:19.463 | WARNING  | rahasya.utils.http_client:_request_with_retry:60 - Attempt 1/3 failed for https://discuss.elastic.co/u/jay_gor: All connection attempts failed
2026-08-14 19:20:19.515 | WARNING  | rahasya.utils.http_client:_request_with_retry:60 - Attempt 3/3 failed for https://api.destream.net/siteapi/v2/live/details/jay_gor: All connection attempts failed
2026-08-14 19:20:19.562 | WARNING  | rahasya.utils.http_client:_request_with_retry:60 - Attempt 2/3 failed for https://www.dfgames.com.br/user/jay_gor: All connection attempts failed
2026-08-14 19:20:19.596 | WARNING  | rahasya.utils.http_client:_request_with_retry:60 - Attempt 3/3 failed for https://www.depop.com/jay_gor/: All connection attempts failed
2026-08-14 19:20:19.676 | WARNING  | rahasya.utils.http_client:_request_with_retry:60 - Attempt 3/3 failed for https://www.dateinasia.com/jay_gor: All connection attempts failed
2026-08-14 19:20:19.676 | WARNING  | rahasya.utils.http_client:_request_with_retry:60 - Attempt 3/3 failed for https://www.datezone.com/users/jay_gor/: All connection attempts failed
2026-08-14 19:20:19.730 | WARNING  | rahasya.utils.http_client:_request_with_retry:60 - Attempt 3/3 failed for https://dating.ru/jay_gor/: All connection attempts failed
2026-08-14 19:20:19.746 | WARNING  | rahasya.utils.http_client:_request_with_retry:60 - Attempt 1/3 failed for https://api.discogs.com/users/jay_gor: All connection attempts failed
2026-08-14 19:20:19.771 | WARNING  | rahasya.utils.http_client:_request_with_retry:60 - Attempt 1/3 failed for https://meta.discourse.org/u/jay_gor/summary.json: All connection attempts failed
2026-08-14 19:20:19.771 | WARNING  | rahasya.utils.http_client:_request_with_retry:60 - Attempt 2/3 failed for https://diablo2.io/member/jay_gor/: All connection attempts failed
2026-08-14 19:20:19.804 | WARNING  | rahasya.utils.http_client:_request_with_retry:60 - Attempt 3/3 failed for https://www.dailykos.com/user/jay_gor: All connection attempts failed
2026-08-14 19:20:19.854 | WARNING  | rahasya.utils.http_client:_request_with_retry:60 - Attempt 1/3 failed for https://www.diigo.com/interact_api/load_profile_info?name=jay_gor: All connection attempts failed
2026-08-14 19:20:19.854 | WARNING  | rahasya.utils.http_client:_request_with_retry:60 - Attempt 2/3 failed for https://www.dibiz.com/jay_gor: All connection attempts failed
2026-08-14 19:20:19.854 | WARNING  | rahasya.utils.http_client:_request_with_retry:60 - Attempt 1/3 failed for https://discord.com/api/v9/unique-username/username-attempt-unauthed: All connection attempts failed
2026-08-14 19:20:19.987 | WARNING  | rahasya.utils.http_client:_request_with_retry:60 - Attempt 1/3 failed for https://dissenter.com/user/jay_gor: All connection attempts failed
2026-08-14 19:20:20.004 | WARNING  | rahasya.utils.http_client:_request_with_retry:60 - Attempt 1/3 failed for https://dojoverse.com/members/jay_gor/: All connection attempts failed
2026-08-14 19:20:20.082 | WARNING  | rahasya.utils.http_client:_request_with_retry:60 - Attempt 1/3 failed for https://hub.docker.com/v2/orgs/jay_gor/: All connection attempts failed
2026-08-14 19:20:20.140 | WARNING  | rahasya.utils.http_client:_request_with_retry:60 - Attempt 2/3 failed for https://forums.digitalspy.com/profile/discussions/jay_gor: All connection attempts failed
2026-08-14 19:20:20.181 | WARNING  | rahasya.utils.http_client:_request_with_retry:60 - Attempt 1/3 failed for https://disqus.com/api/3.0/users/details?user=username:jay_gor&api_key=E8Uh5l5fHZ6gD8U3KycjAIAk46f68Zw7C6eW8WSjZvCLXebZ7p0r1yrYDrLilk2F: All connection attempts failed
2026-08-14 19:20:20.196 | WARNING  | rahasya.utils.http_client:_request_with_retry:60 - Attempt 1/3 failed for https://jay_gor.donatik.io/en: All connection attempts failed
2026-08-14 19:20:20.229 | WARNING  | rahasya.utils.http_client:_request_with_retry:60 - Attempt 2/3 failed for https://discord.com/api/v9/invites/jay_gor?with_counts=true&with_expiration=true: All connection attempts failed
2026-08-14 19:20:20.429 | WARNING  | rahasya.utils.http_client:_request_with_retry:60 - Attempt 3/3 failed for https://dev.to/api/users/by_username?url=jay_gor: All connection attempts failed
2026-08-14 19:20:20.463 | WARNING  | rahasya.utils.http_client:_request_with_retry:60 - Attempt 2/3 failed for https://discuss.elastic.co/u/jay_gor: All connection attempts failed
2026-08-14 19:20:20.489 | WARNING  | rahasya.utils.http_client:_request_with_retry:60 - Attempt 1/3 failed for https://hub.docker.com/v2/users/jay_gor/: All connection attempts failed
2026-08-14 19:20:20.493 | WARNING  | rahasya.utils.http_client:_request_with_retry:60 - Attempt 1/3 failed for https://dota2.ru/forum/search/?type=user&keywords=jay_gor&sort_by=username: All connection attempts failed
2026-08-14 19:20:20.521 | WARNING  | rahasya.utils.http_client:_request_with_retry:60 - Attempt 3/3 failed for https://devrant.com/api/get-user-id?app=3&username=jay_gor: All connection attempts failed
2026-08-14 19:20:20.521 | WARNING  | rahasya.utils.http_client:_request_with_retry:60 - Attempt 3/3 failed for https://www.deviantart.com/jay_gor: All connection attempts failed
2026-08-14 19:20:20.648 | WARNING  | rahasya.utils.http_client:_request_with_retry:60 - Attempt 3/3 failed for https://www.destructoid.com/?name=jay_gor: All connection attempts failed
2026-08-14 19:20:20.712 | WARNING  | rahasya.utils.http_client:_request_with_retry:60 - Attempt 1/3 failed for https://donate.stream/api/v1/streamer.get?path=jay_gor&app=9f4e793cec820015d511dbc77b20c5c1: All connection attempts failed
2026-08-14 19:20:20.712 | WARNING  | rahasya.utils.http_client:_request_with_retry:60 - Attempt 1/3 failed for https://dribbble.com/jay_gor: All connection attempts failed
2026-08-14 19:20:20.713 | WARNING  | rahasya.utils.http_client:_request_with_retry:60 - Attempt 1/3 failed for https://www.dotafire.com/ajax/searchSite?text=jay_gor&search=members: All connection attempts failed
2026-08-14 19:20:20.746 | WARNING  | rahasya.utils.http_client:_request_with_retry:60 - Attempt 2/3 failed for https://api.discogs.com/users/jay_gor: All connection attempts failed
2026-08-14 19:20:20.754 | WARNING  | rahasya.utils.http_client:_request_with_retry:60 - Attempt 1/3 failed for https://dot.cards/jay_gor: All connection attempts failed
2026-08-14 19:20:20.754 | WARNING  | rahasya.utils.http_client:_request_with_retry:60 - Attempt 2/3 failed for https://meta.discourse.org/u/jay_gor/summary.json: All connection attempts failed
2026-08-14 19:20:20.825 | WARNING  | rahasya.utils.http_client:_request_with_retry:60 - Attempt 1/3 failed for https://www.donationalerts.com/api/v1/user/jay_gor/donationpagesettings: All connection attempts failed
2026-08-14 19:20:20.865 | WARNING  | rahasya.utils.http_client:_request_with_retry:60 - Attempt 2/3 failed for https://www.diigo.com/interact_api/load_profile_info?name=jay_gor: All connection attempts failed
2026-08-14 19:20:20.865 | WARNING  | rahasya.utils.http_client:_request_with_retry:60 - Attempt 2/3 failed for https://discord.com/api/v9/unique-username/username-attempt-unauthed: All connection attempts failed
2026-08-14 19:20:21.006 | WARNING  | rahasya.utils.http_client:_request_with_retry:60 - Attempt 2/3 failed for https://dissenter.com/user/jay_gor: All connection attempts failed
2026-08-14 19:20:21.006 | WARNING  | rahasya.utils.http_client:_request_with_retry:60 - Attempt 2/3 failed for https://dojoverse.com/members/jay_gor/: All connection attempts failed
2026-08-14 19:20:21.068 | WARNING  | rahasya.utils.http_client:_request_with_retry:60 - Attempt 1/3 failed for https://droners.io/accounts/jay_gor/: All connection attempts failed
2026-08-14 19:20:21.092 | WARNING  | rahasya.utils.http_client:_request_with_retry:60 - Attempt 2/3 failed for https://hub.docker.com/v2/orgs/jay_gor/: All connection attempts failed
2026-08-14 19:20:21.112 | WARNING  | rahasya.utils.http_client:_request_with_retry:60 - Attempt 1/3 failed for https://www.drive2.ru/users/jay_gor/: All connection attempts failed
2026-08-14 19:20:21.192 | WARNING  | rahasya.utils.http_client:_request_with_retry:60 - Attempt 2/3 failed for https://jay_gor.donatik.io/en: All connection attempts failed
2026-08-14 19:20:21.192 | WARNING  | rahasya.utils.http_client:_request_with_retry:60 - Attempt 2/3 failed for https://disqus.com/api/3.0/users/details?user=username:jay_gor&api_key=E8Uh5l5fHZ6gD8U3KycjAIAk46f68Zw7C6eW8WSjZvCLXebZ7p0r1yrYDrLilk2F: All connection attempts failed
2026-08-14 19:20:21.194 | WARNING  | rahasya.utils.http_client:_request_with_retry:60 - Attempt 1/3 failed for https://dou.ua/users/jay_gor/: All connection attempts failed
2026-08-14 19:20:21.212 | WARNING  | rahasya.utils.http_client:_request_with_retry:60 - Attempt 1/3 failed for https://donatello.to/jay_gor: All connection attempts failed
2026-08-14 19:20:21.212 | WARNING  | rahasya.utils.http_client:_request_with_retry:60 - Attempt 1/3 failed for https://api.donatty.com/users/find/jay_gor: All connection attempts failed
2026-08-14 19:20:21.329 | WARNING  | rahasya.utils.http_client:_request_with_retry:60 - Attempt 1/3 failed for https://easyen.ru/index/8-0-jay_gor: All connection attempts failed
2026-08-14 19:20:21.420 | WARNING  | rahasya.utils.http_client:_request_with_retry:60 - Attempt 1/3 failed for https://www.duolingo.com/2017-06-30/users?username=jay_gor&_=1628308619574: All connection attempts failed
2026-08-14 19:20:21.503 | WARNING  | rahasya.utils.http_client:_request_with_retry:60 - Attempt 2/3 failed for https://dota2.ru/forum/search/?type=user&keywords=jay_gor&sort_by=username: All connection attempts failed
2026-08-14 19:20:21.503 | WARNING  | rahasya.utils.http_client:_request_with_retry:60 - Attempt 2/3 failed for https://hub.docker.com/v2/users/jay_gor/: All connection attempts failed
2026-08-14 19:20:21.554 | WARNING  | rahasya.utils.http_client:_request_with_retry:60 - Attempt 3/3 failed for https://www.dfgames.com.br/user/jay_gor: All connection attempts failed
2026-08-14 19:20:21.721 | WARNING  | rahasya.utils.http_client:_request_with_retry:60 - Attempt 2/3 failed for https://donate.stream/api/v1/streamer.get?path=jay_gor&app=9f4e793cec820015d511dbc77b20c5c1: All connection attempts failed
2026-08-14 19:20:21.721 | WARNING  | rahasya.utils.http_client:_request_with_retry:60 - Attempt 2/3 failed for https://www.dotafire.com/ajax/searchSite?text=jay_gor&search=members: All connection attempts failed
2026-08-14 19:20:21.721 | WARNING  | rahasya.utils.http_client:_request_with_retry:60 - Attempt 2/3 failed for https://dribbble.com/jay_gor: All connection attempts failed
2026-08-14 19:20:21.754 | WARNING  | rahasya.utils.http_client:_request_with_retry:60 - Attempt 2/3 failed for https://dot.cards/jay_gor: All connection attempts failed
2026-08-14 19:20:21.754 | WARNING  | rahasya.utils.http_client:_request_with_retry:60 - Attempt 3/3 failed for https://diablo2.io/member/jay_gor/: All connection attempts failed
2026-08-14 19:20:21.821 | WARNING  | rahasya.utils.http_client:_request_with_retry:60 - Attempt 2/3 failed for https://www.donationalerts.com/api/v1/user/jay_gor/donationpagesettings: All connection attempts failed
2026-08-14 19:20:21.854 | WARNING  | rahasya.utils.http_client:_request_with_retry:60 - Attempt 3/3 failed for https://www.dibiz.com/jay_gor: All connection attempts failed
2026-08-14 19:20:22.079 | WARNING  | rahasya.utils.http_client:_request_with_retry:60 - Attempt 2/3 failed for https://droners.io/accounts/jay_gor/: All connection attempts failed
2026-08-14 19:20:22.121 | WARNING  | rahasya.utils.http_client:_request_with_retry:60 - Attempt 2/3 failed for https://www.drive2.ru/users/jay_gor/: All connection attempts failed
2026-08-14 19:20:22.145 | WARNING  | rahasya.utils.http_client:_request_with_retry:60 - Attempt 3/3 failed for https://forums.digitalspy.com/profile/discussions/jay_gor: All connection attempts failed
2026-08-14 19:20:22.196 | WARNING  | rahasya.utils.http_client:_request_with_retry:60 - Attempt 2/3 failed for https://dou.ua/users/jay_gor/: All connection attempts failed
2026-08-14 19:20:22.222 | WARNING  | rahasya.utils.http_client:_request_with_retry:60 - Attempt 2/3 failed for https://api.donatty.com/users/find/jay_gor: All connection attempts failed
2026-08-14 19:20:22.223 | WARNING  | rahasya.utils.http_client:_request_with_retry:60 - Attempt 2/3 failed for https://donatello.to/jay_gor: All connection attempts failed
2026-08-14 19:20:22.223 | WARNING  | rahasya.utils.http_client:_request_with_retry:60 - Attempt 3/3 failed for https://discord.com/api/v9/invites/jay_gor?with_counts=true&with_expiration=true: All connection attempts failed
2026-08-14 19:20:22.337 | WARNING  | rahasya.utils.http_client:_request_with_retry:60 - Attempt 2/3 failed for https://easyen.ru/index/8-0-jay_gor: All connection attempts failed
2026-08-14 19:20:22.423 | WARNING  | rahasya.utils.http_client:_request_with_retry:60 - Attempt 2/3 failed for https://www.duolingo.com/2017-06-30/users?username=jay_gor&_=1628308619574: All connection attempts failed
2026-08-14 19:20:22.462 | WARNING  | rahasya.utils.http_client:_request_with_retry:60 - Attempt 3/3 failed for https://discuss.elastic.co/u/jay_gor: All connection attempts failed
2026-08-14 19:20:22.671 | WARNING  | rahasya.utils.http_client:_request_with_retry:60 - Attempt 1/3 failed for https://www.ebay.com/str/jay_gor: All connection attempts failed
2026-08-14 19:20:22.737 | WARNING  | rahasya.utils.http_client:_request_with_retry:60 - Attempt 1/3 failed for https://www.ebay.com/usr/jay_gor: All connection attempts failed
2026-08-14 19:20:22.737 | WARNING  | rahasya.utils.http_client:_request_with_retry:60 - Attempt 3/3 failed for https://api.discogs.com/users/jay_gor: All connection attempts failed
2026-08-14 19:20:22.763 | WARNING  | rahasya.utils.http_client:_request_with_retry:60 - Attempt 3/3 failed for https://meta.discourse.org/u/jay_gor/summary.json: All connection attempts failed
2026-08-14 19:20:22.854 | WARNING  | rahasya.utils.http_client:_request_with_retry:60 - Attempt 3/3 failed for https://www.diigo.com/interact_api/load_profile_info?name=jay_gor: All connection attempts failed
2026-08-14 19:20:22.854 | WARNING  | rahasya.utils.http_client:_request_with_retry:60 - Attempt 3/3 failed for https://discord.com/api/v9/unique-username/username-attempt-unauthed: All connection attempts failed
2026-08-14 19:20:22.945 | WARNING  | rahasya.utils.http_client:_request_with_retry:60 - Attempt 1/3 failed for https://be.electrobel.org/register.ajax: All connection attempts failed
2026-08-14 19:20:23.012 | WARNING  | rahasya.utils.http_client:_request_with_retry:60 - Attempt 3/3 failed for https://dojoverse.com/members/jay_gor/: All connection attempts failed
2026-08-14 19:20:23.015 | WARNING  | rahasya.utils.http_client:_request_with_retry:60 - Attempt 3/3 failed for https://dissenter.com/user/jay_gor: All connection attempts failed
2026-08-14 19:20:23.097 | WARNING  | rahasya.utils.http_client:_request_with_retry:60 - Attempt 3/3 failed for https://hub.docker.com/v2/orgs/jay_gor/: All connection attempts failed
2026-08-14 19:20:23.200 | WARNING  | rahasya.utils.http_client:_request_with_retry:60 - Attempt 3/3 failed for https://jay_gor.donatik.io/en: All connection attempts failed
2026-08-14 19:20:23.200 | WARNING  | rahasya.utils.http_client:_request_with_retry:60 - Attempt 3/3 failed for https://disqus.com/api/3.0/users/details?user=username:jay_gor&api_key=E8Uh5l5fHZ6gD8U3KycjAIAk46f68Zw7C6eW8WSjZvCLXebZ7p0r1yrYDrLilk2F: All connection attempts failed
2026-08-14 19:20:23.228 | WARNING  | rahasya.utils.http_client:_request_with_retry:60 - Attempt 1/3 failed for https://www.etsy.com/people/jay_gor: All connection attempts failed
2026-08-14 19:20:23.393 | WARNING  | rahasya.utils.http_client:_request_with_retry:60 - Attempt 1/3 failed for https://www.eporner.com/xhr/check/: All connection attempts failed
2026-08-14 19:20:23.515 | WARNING  | rahasya.utils.http_client:_request_with_retry:60 - Attempt 3/3 failed for https://dota2.ru/forum/search/?type=user&keywords=jay_gor&sort_by=username: All connection attempts failed
2026-08-14 19:20:23.515 | WARNING  | rahasya.utils.http_client:_request_with_retry:60 - Attempt 3/3 failed for https://hub.docker.com/v2/users/jay_gor/: All connection attempts failed
2026-08-14 19:20:23.545 | WARNING  | rahasya.utils.http_client:_request_with_retry:60 - Attempt 1/3 failed for https://www.etoro.com/api/logininfo/v1.1/users/jay_gor: All connection attempts failed
2026-08-14 19:20:23.642 | WARNING  | rahasya.utils.http_client:_request_with_retry:60 - Attempt 1/3 failed for https://www.fabswingers.com/profile/jay_gor: All connection attempts failed
2026-08-14 19:20:23.661 | WARNING  | rahasya.utils.http_client:_request_with_retry:60 - Attempt 2/3 failed for https://www.ebay.com/str/jay_gor: All connection attempts failed
2026-08-14 19:20:23.730 | WARNING  | rahasya.utils.http_client:_request_with_retry:60 - Attempt 3/3 failed for https://donate.stream/api/v1/streamer.get?path=jay_gor&app=9f4e793cec820015d511dbc77b20c5c1: All connection attempts failed
2026-08-14 19:20:23.730 | WARNING  | rahasya.utils.http_client:_request_with_retry:60 - Attempt 3/3 failed for https://www.dotafire.com/ajax/searchSite?text=jay_gor&search=members: All connection attempts failed
2026-08-14 19:20:23.730 | WARNING  | rahasya.utils.http_client:_request_with_retry:60 - Attempt 2/3 failed for https://www.ebay.com/usr/jay_gor: All connection attempts failed
2026-08-14 19:20:23.730 | WARNING  | rahasya.utils.http_client:_request_with_retry:60 - Attempt 3/3 failed for https://dribbble.com/jay_gor: All connection attempts failed
2026-08-14 19:20:23.745 | WARNING  | rahasya.utils.http_client:_request_with_retry:60 - Attempt 1/3 failed for https://www.engadget.com/about/editors/jay_gor/: All connection attempts failed
2026-08-14 19:20:23.770 | WARNING  | rahasya.utils.http_client:_request_with_retry:60 - Attempt 3/3 failed for https://dot.cards/jay_gor: All connection attempts failed
2026-08-14 19:20:23.786 | WARNING  | rahasya.utils.http_client:_request_with_retry:60 - Attempt 1/3 failed for https://faktopedia.pl/user/jay_gor: All connection attempts failed
2026-08-14 19:20:23.820 | WARNING  | rahasya.utils.http_client:_request_with_retry:60 - Attempt 3/3 failed for https://www.donationalerts.com/api/v1/user/jay_gor/donationpagesettings: All connection attempts failed
2026-08-14 19:20:23.871 | WARNING  | rahasya.utils.http_client:_request_with_retry:60 - Attempt 1/3 failed for https://www.fandom.com/u/jay_gor: All connection attempts failed
2026-08-14 19:20:23.956 | WARNING  | rahasya.utils.http_client:_request_with_retry:60 - Attempt 2/3 failed for https://be.electrobel.org/register.ajax: All connection attempts failed
2026-08-14 19:20:24.089 | WARNING  | rahasya.utils.http_client:_request_with_retry:60 - Attempt 3/3 failed for https://droners.io/accounts/jay_gor/: All connection attempts failed
2026-08-14 19:20:24.130 | WARNING  | rahasya.utils.http_client:_request_with_retry:60 - Attempt 3/3 failed for https://www.drive2.ru/users/jay_gor/: All connection attempts failed
2026-08-14 19:20:24.177 | WARNING  | rahasya.utils.http_client:_request_with_retry:60 - Attempt 3/3 failed for https://dou.ua/users/jay_gor/: All connection attempts failed
2026-08-14 19:20:24.228 | WARNING  | rahasya.utils.http_client:_request_with_retry:60 - Attempt 3/3 failed for https://api.donatty.com/users/find/jay_gor: All connection attempts failed
2026-08-14 19:20:24.228 | WARNING  | rahasya.utils.http_client:_request_with_retry:60 - Attempt 2/3 failed for https://www.etsy.com/people/jay_gor: All connection attempts failed
2026-08-14 19:20:24.228 | WARNING  | rahasya.utils.http_client:_request_with_retry:60 - Attempt 3/3 failed for https://donatello.to/jay_gor: All connection attempts failed
2026-08-14 19:20:24.337 | WARNING  | rahasya.utils.http_client:_request_with_retry:60 - Attempt 3/3 failed for https://easyen.ru/index/8-0-jay_gor: All connection attempts failed
2026-08-14 19:20:24.361 | WARNING  | rahasya.utils.http_client:_request_with_retry:60 - Attempt 1/3 failed for https://www.fanpop.com/fans/jay_gor: All connection attempts failed
2026-08-14 19:20:24.396 | WARNING  | rahasya.utils.http_client:_request_with_retry:60 - Attempt 2/3 failed for https://www.eporner.com/xhr/check/: All connection attempts failed
2026-08-14 19:20:24.436 | WARNING  | rahasya.utils.http_client:_request_with_retry:60 - Attempt 3/3 failed for https://www.duolingo.com/2017-06-30/users?username=jay_gor&_=1628308619574: All connection attempts failed
2026-08-14 19:20:24.462 | WARNING  | rahasya.utils.http_client:_request_with_retry:60 - Attempt 1/3 failed for https://community.evocms.ru/users/?search=jay_gor: All connection attempts failed
2026-08-14 19:20:24.462 | WARNING  | rahasya.utils.http_client:_request_with_retry:60 - Attempt 1/3 failed for https://federated.press/api/v1/accounts/lookup?acct=jay_gor: All connection attempts failed
2026-08-14 19:20:24.495 | WARNING  | rahasya.utils.http_client:_request_with_retry:60 - Attempt 1/3 failed for https://www.facebook.com/jay_gor/: All connection attempts failed
2026-08-14 19:20:24.504 | WARNING  | rahasya.utils.http_client:_request_with_retry:60 - Attempt 1/3 failed for https://fancentro.com/api/profile.get?profileAlias=jay_gor&limit=1: All connection attempts failed
2026-08-14 19:20:24.545 | WARNING  | rahasya.utils.http_client:_request_with_retry:60 - Attempt 2/3 failed for https://www.etoro.com/api/logininfo/v1.1/users/jay_gor: All connection attempts failed
2026-08-14 19:20:24.562 | WARNING  | rahasya.utils.http_client:_request_with_retry:60 - Attempt 1/3 failed for https://www.faceit.com/api/users/v1/nicknames/jay_gor: All connection attempts failed
2026-08-14 19:20:24.587 | WARNING  | rahasya.utils.http_client:_request_with_retry:60 - Attempt 1/3 failed for https://www.eyeem.com/u/jay_gor: All connection attempts failed
2026-08-14 19:20:24.656 | WARNING  | rahasya.utils.http_client:_request_with_retry:60 - Attempt 2/3 failed for https://www.fabswingers.com/profile/jay_gor: All connection attempts failed
2026-08-14 19:20:24.680 | WARNING  | rahasya.utils.http_client:_request_with_retry:60 - Attempt 1/3 failed for https://fanslist.com/search?q=jay_gor: All connection attempts failed
2026-08-14 19:20:24.745 | WARNING  | rahasya.utils.http_client:_request_with_retry:60 - Attempt 2/3 failed for https://www.engadget.com/about/editors/jay_gor/: All connection attempts failed
2026-08-14 19:20:24.795 | WARNING  | rahasya.utils.http_client:_request_with_retry:60 - Attempt 2/3 failed for https://faktopedia.pl/user/jay_gor: All connection attempts failed
2026-08-14 19:20:24.845 | WARNING  | rahasya.utils.http_client:_request_with_retry:60 - Attempt 2/3 failed for https://www.fandom.com/u/jay_gor: All connection attempts failed
2026-08-14 19:20:24.869 | WARNING  | rahasya.utils.http_client:_request_with_retry:60 - Attempt 1/3 failed for https://expressional.social/api/v1/accounts/lookup?acct=jay_gor: All connection attempts failed
2026-08-14 19:20:25.111 | WARNING  | rahasya.utils.http_client:_request_with_retry:60 - Attempt 1/3 failed for https://www.filmweb.pl/user/jay_gor: All connection attempts failed
2026-08-14 19:20:25.113 | WARNING  | rahasya.utils.http_client:_request_with_retry:60 - Attempt 1/3 failed for https://fineartamerica.com/profiles/jay_gor: All connection attempts failed
2026-08-14 19:20:25.113 | WARNING  | rahasya.utils.http_client:_request_with_retry:60 - Attempt 1/3 failed for https://www.flickr.com/photos/jay_gor/: All connection attempts failed
2026-08-14 19:20:25.128 | WARNING  | rahasya.utils.http_client:_request_with_retry:60 - Attempt 1/3 failed for https://www.fatsecret.com/member/jay_gor: All connection attempts failed
2026-08-14 19:20:25.332 | WARNING  | rahasya.utils.http_client:_request_with_retry:60 - Attempt 1/3 failed for https://www.fark.com/users/jay_gor: All connection attempts failed
2026-08-14 19:20:25.352 | WARNING  | rahasya.utils.http_client:_request_with_retry:60 - Attempt 1/3 failed for https://apiv3.fansly.com/api/v1/account?usernames=jay_gor: All connection attempts failed
2026-08-14 19:20:25.353 | WARNING  | rahasya.utils.http_client:_request_with_retry:60 - Attempt 2/3 failed for https://www.fanpop.com/fans/jay_gor: All connection attempts failed
2026-08-14 19:20:25.470 | WARNING  | rahasya.utils.http_client:_request_with_retry:60 - Attempt 2/3 failed for https://community.evocms.ru/users/?search=jay_gor: All connection attempts failed
2026-08-14 19:20:25.470 | WARNING  | rahasya.utils.http_client:_request_with_retry:60 - Attempt 2/3 failed for https://www.facebook.com/jay_gor/: All connection attempts failed
2026-08-14 19:20:25.470 | WARNING  | rahasya.utils.http_client:_request_with_retry:60 - Attempt 2/3 failed for https://federated.press/api/v1/accounts/lookup?acct=jay_gor: All connection attempts failed
2026-08-14 19:20:25.514 | WARNING  | rahasya.utils.http_client:_request_with_retry:60 - Attempt 2/3 failed for https://fancentro.com/api/profile.get?profileAlias=jay_gor&limit=1: All connection attempts failed
2026-08-14 19:20:25.570 | WARNING  | rahasya.utils.http_client:_request_with_retry:60 - Attempt 2/3 failed for https://www.faceit.com/api/users/v1/nicknames/jay_gor: All connection attempts failed
2026-08-14 19:20:25.589 | WARNING  | rahasya.utils.http_client:_request_with_retry:60 - Attempt 2/3 failed for https://www.eyeem.com/u/jay_gor: All connection attempts failed
2026-08-14 19:20:25.595 | WARNING  | rahasya.utils.http_client:_request_with_retry:60 - Attempt 1/3 failed for https://www.fiverr.com/validate_username: All connection attempts failed
2026-08-14 19:20:25.661 | WARNING  | rahasya.utils.http_client:_request_with_retry:60 - Attempt 3/3 failed for https://www.ebay.com/str/jay_gor: All connection attempts failed
2026-08-14 19:20:25.686 | WARNING  | rahasya.utils.http_client:_request_with_retry:60 - Attempt 2/3 failed for https://fanslist.com/search?q=jay_gor: All connection attempts failed
2026-08-14 19:20:25.740 | WARNING  | rahasya.utils.http_client:_request_with_retry:60 - Attempt 3/3 failed for https://www.ebay.com/usr/jay_gor: All connection attempts failed
2026-08-14 19:20:25.742 | WARNING  | rahasya.utils.http_client:_request_with_retry:60 - Attempt 1/3 failed for https://www.figma.com/api/profile/handle/jay_gor: All connection attempts failed
2026-08-14 19:20:25.854 | WARNING  | rahasya.utils.http_client:_request_with_retry:60 - Attempt 2/3 failed for https://expressional.social/api/v1/accounts/lookup?acct=jay_gor: All connection attempts failed
2026-08-14 19:20:25.863 | WARNING  | rahasya.utils.http_client:_request_with_retry:60 - Attempt 1/3 failed for https://filmot.com/channelsearch/jay_gor: All connection attempts failed
2026-08-14 19:20:25.930 | WARNING  | rahasya.utils.http_client:_request_with_retry:60 - Attempt 1/3 failed for https://filmot.com/unlistedSearch?channelQuery=jay_gor&sortField=uploaddate&sortOrder=desc&: All connection attempts failed
2026-08-14 19:20:25.961 | WARNING  | rahasya.utils.http_client:_request_with_retry:60 - Attempt 3/3 failed for https://be.electrobel.org/register.ajax: All connection attempts failed
2026-08-14 19:20:26.128 | WARNING  | rahasya.utils.http_client:_request_with_retry:60 - Attempt 2/3 failed for https://www.filmweb.pl/user/jay_gor: All connection attempts failed
2026-08-14 19:20:26.128 | WARNING  | rahasya.utils.http_client:_request_with_retry:60 - Attempt 2/3 failed for https://fineartamerica.com/profiles/jay_gor: All connection attempts failed
2026-08-14 19:20:26.128 | WARNING  | rahasya.utils.http_client:_request_with_retry:60 - Attempt 2/3 failed for https://www.fatsecret.com/member/jay_gor: All connection attempts failed
2026-08-14 19:20:26.132 | WARNING  | rahasya.utils.http_client:_request_with_retry:60 - Attempt 2/3 failed for https://www.flickr.com/photos/jay_gor/: All connection attempts failed
2026-08-14 19:20:26.235 | WARNING  | rahasya.utils.http_client:_request_with_retry:60 - Attempt 3/3 failed for https://www.etsy.com/people/jay_gor: All connection attempts failed
2026-08-14 19:20:26.336 | WARNING  | rahasya.utils.http_client:_request_with_retry:60 - Attempt 2/3 failed for https://www.fark.com/users/jay_gor: All connection attempts failed
2026-08-14 19:20:26.361 | WARNING  | rahasya.utils.http_client:_request_with_retry:60 - Attempt 2/3 failed for https://apiv3.fansly.com/api/v1/account?usernames=jay_gor: All connection attempts failed
2026-08-14 19:20:26.397 | WARNING  | rahasya.utils.http_client:_request_with_retry:60 - Attempt 3/3 failed for https://www.eporner.com/xhr/check/: All connection attempts failed
2026-08-14 19:20:26.547 | WARNING  | rahasya.utils.http_client:_request_with_retry:60 - Attempt 3/3 failed for https://www.etoro.com/api/logininfo/v1.1/users/jay_gor: All connection attempts failed
2026-08-14 19:20:26.596 | WARNING  | rahasya.utils.http_client:_request_with_retry:60 - Attempt 2/3 failed for https://www.fiverr.com/validate_username: All connection attempts failed
2026-08-14 19:20:26.646 | WARNING  | rahasya.utils.http_client:_request_with_retry:60 - Attempt 3/3 failed for https://www.fabswingers.com/profile/jay_gor: All connection attempts failed
2026-08-14 19:20:26.752 | WARNING  | rahasya.utils.http_client:_request_with_retry:60 - Attempt 3/3 failed for https://www.engadget.com/about/editors/jay_gor/: All connection attempts failed
2026-08-14 19:20:26.752 | WARNING  | rahasya.utils.http_client:_request_with_retry:60 - Attempt 2/3 failed for https://www.figma.com/api/profile/handle/jay_gor: All connection attempts failed
2026-08-14 19:20:26.794 | WARNING  | rahasya.utils.http_client:_request_with_retry:60 - Attempt 3/3 failed for https://faktopedia.pl/user/jay_gor: All connection attempts failed
2026-08-14 19:20:26.861 | WARNING  | rahasya.utils.http_client:_request_with_retry:60 - Attempt 3/3 failed for https://www.fandom.com/u/jay_gor: All connection attempts failed
2026-08-14 19:20:26.861 | WARNING  | rahasya.utils.http_client:_request_with_retry:60 - Attempt 2/3 failed for https://filmot.com/channelsearch/jay_gor: All connection attempts failed
2026-08-14 19:20:26.938 | WARNING  | rahasya.utils.http_client:_request_with_retry:60 - Attempt 2/3 failed for https://filmot.com/unlistedSearch?channelQuery=jay_gor&sortField=uploaddate&sortOrder=desc&: All connection attempts failed
2026-08-14 19:20:27.273 | WARNING  | rahasya.utils.http_client:_request_with_retry:60 - Attempt 1/3 failed for https://flipboard.com/@jay_gor: All connection attempts failed
2026-08-14 19:20:27.361 | WARNING  | rahasya.utils.http_client:_request_with_retry:60 - Attempt 3/3 failed for https://www.fanpop.com/fans/jay_gor: All connection attempts failed
2026-08-14 19:20:27.469 | WARNING  | rahasya.utils.http_client:_request_with_retry:60 - Attempt 3/3 failed for https://www.facebook.com/jay_gor/: All connection attempts failed
2026-08-14 19:20:27.469 | WARNING  | rahasya.utils.http_client:_request_with_retry:60 - Attempt 3/3 failed for https://community.evocms.ru/users/?search=jay_gor: All connection attempts failed
2026-08-14 19:20:27.469 | WARNING  | rahasya.utils.http_client:_request_with_retry:60 - Attempt 3/3 failed for https://federated.press/api/v1/accounts/lookup?acct=jay_gor: All connection attempts failed
2026-08-14 19:20:27.511 | WARNING  | rahasya.utils.http_client:_request_with_retry:60 - Attempt 3/3 failed for https://fancentro.com/api/profile.get?profileAlias=jay_gor&limit=1: All connection attempts failed
2026-08-14 19:20:27.527 | WARNING  | rahasya.utils.http_client:_request_with_retry:60 - Attempt 1/3 failed for https://archive.org/wayback/available?url=https://www.fotolog.com/jay_gor: All connection attempts failed
2026-08-14 19:20:27.536 | WARNING  | rahasya.utils.http_client:_request_with_retry:60 - Attempt 1/3 failed for https://www.fl.ru/users/jay_gor/portfolio/: All connection attempts failed
2026-08-14 19:20:27.569 | WARNING  | rahasya.utils.http_client:_request_with_retry:60 - Attempt 3/3 failed for https://www.faceit.com/api/users/v1/nicknames/jay_gor: All connection attempts failed
2026-08-14 19:20:27.586 | WARNING  | rahasya.utils.http_client:_request_with_retry:60 - Attempt 3/3 failed for https://www.eyeem.com/u/jay_gor: All connection attempts failed
2026-08-14 19:20:27.700 | WARNING  | rahasya.utils.http_client:_request_with_retry:60 - Attempt 3/3 failed for https://fanslist.com/search?q=jay_gor: All connection attempts failed
2026-08-14 19:20:27.715 | WARNING  | rahasya.utils.http_client:_request_with_retry:60 - Attempt 1/3 failed for https://www.fodors.com/community/profile/jay_gor/forum-activity: All connection attempts failed
2026-08-14 19:20:27.725 | WARNING  | rahasya.utils.http_client:_request_with_retry:60 - Attempt 1/3 failed for https://my.flightradar24.com/jay_gor/: All connection attempts failed
2026-08-14 19:20:27.862 | WARNING  | rahasya.utils.http_client:_request_with_retry:60 - Attempt 3/3 failed for https://expressional.social/api/v1/accounts/lookup?acct=jay_gor: All connection attempts failed
2026-08-14 19:20:27.952 | WARNING  | rahasya.utils.http_client:_request_with_retry:60 - Attempt 1/3 failed for https://www.folkd.com/?app=core&module=system&controller=ajax&do=usernameExists&input=jay_gor: All connection attempts failed
2026-08-14 19:20:27.960 | WARNING  | rahasya.utils.http_client:_request_with_retry:60 - Attempt 1/3 failed for https://fortnitetracker.com/profile/all/jay_gor: All connection attempts failed
2026-08-14 19:20:28.052 | WARNING  | rahasya.utils.http_client:_request_with_retry:60 - Attempt 1/3 failed for https://forumprawne.org/members/jay_gor.html: All connection attempts failed
2026-08-14 19:20:28.052 | WARNING  | rahasya.utils.http_client:_request_with_retry:60 - Attempt 1/3 failed for https://www.flowcode.com/page/jay_gor: All connection attempts failed
2026-08-14 19:20:28.052 | WARNING  | rahasya.utils.http_client:_request_with_retry:60 - Attempt 1/3 failed for https://api.fotka.com/v2/user/dataStatic?login=jay_gor: All connection attempts failed
2026-08-14 19:20:28.107 | WARNING  | rahasya.utils.http_client:_request_with_retry:60 - Attempt 1/3 failed for https://freelance.ua/user/jay_gor/: All connection attempts failed
2026-08-14 19:20:28.146 | WARNING  | rahasya.utils.http_client:_request_with_retry:60 - Attempt 3/3 failed for https://www.filmweb.pl/user/jay_gor: All connection attempts failed
2026-08-14 19:20:28.146 | WARNING  | rahasya.utils.http_client:_request_with_retry:60 - Attempt 3/3 failed for https://fineartamerica.com/profiles/jay_gor: All connection attempts failed
2026-08-14 19:20:28.146 | WARNING  | rahasya.utils.http_client:_request_with_retry:60 - Attempt 3/3 failed for https://www.fatsecret.com/member/jay_gor: All connection attempts failed
2026-08-14 19:20:28.146 | WARNING  | rahasya.utils.http_client:_request_with_retry:60 - Attempt 3/3 failed for https://www.flickr.com/photos/jay_gor/: All connection attempts failed
2026-08-14 19:20:28.260 | WARNING  | rahasya.utils.http_client:_request_with_retry:60 - Attempt 2/3 failed for https://flipboard.com/@jay_gor: All connection attempts failed
2026-08-14 19:20:28.343 | WARNING  | rahasya.utils.http_client:_request_with_retry:60 - Attempt 3/3 failed for https://www.fark.com/users/jay_gor: All connection attempts failed
2026-08-14 19:20:28.379 | WARNING  | rahasya.utils.http_client:_request_with_retry:60 - Attempt 3/3 failed for https://apiv3.fansly.com/api/v1/account?usernames=jay_gor: All connection attempts failed
2026-08-14 19:20:28.529 | WARNING  | rahasya.utils.http_client:_request_with_retry:60 - Attempt 2/3 failed for https://archive.org/wayback/available?url=https://www.fotolog.com/jay_gor: All connection attempts failed
2026-08-14 19:20:28.552 | WARNING  | rahasya.utils.http_client:_request_with_retry:60 - Attempt 2/3 failed for https://www.fl.ru/users/jay_gor/portfolio/: All connection attempts failed
2026-08-14 19:20:28.602 | WARNING  | rahasya.utils.http_client:_request_with_retry:60 - Attempt 3/3 failed for https://www.fiverr.com/validate_username: All connection attempts failed
2026-08-14 19:20:28.710 | WARNING  | rahasya.utils.http_client:_request_with_retry:60 - Attempt 2/3 failed for https://www.fodors.com/community/profile/jay_gor/forum-activity: All connection attempts failed
2026-08-14 19:20:28.738 | WARNING  | rahasya.utils.http_client:_request_with_retry:60 - Attempt 2/3 failed for https://my.flightradar24.com/jay_gor/: All connection attempts failed
2026-08-14 19:20:28.761 | WARNING  | rahasya.utils.http_client:_request_with_retry:60 - Attempt 3/3 failed for https://www.figma.com/api/profile/handle/jay_gor: All connection attempts failed
2026-08-14 19:20:28.769 | WARNING  | rahasya.utils.http_client:_request_with_retry:60 - Attempt 1/3 failed for https://freelancehunt.com/en/freelancer/jay_gor.html: All connection attempts failed
2026-08-14 19:20:28.771 | WARNING  | rahasya.utils.http_client:_request_with_retry:60 - Attempt 1/3 failed for https://fosstodon.org/api/v1/accounts/lookup?acct=jay_gor: All connection attempts failed
2026-08-14 19:20:28.802 | WARNING  | rahasya.utils.http_client:_request_with_retry:60 - Attempt 1/3 failed for https://freelance.ru/jay_gor: All connection attempts failed
2026-08-14 19:20:28.860 | WARNING  | rahasya.utils.http_client:_request_with_retry:60 - Attempt 3/3 failed for https://filmot.com/channelsearch/jay_gor: All connection attempts failed
2026-08-14 19:20:28.938 | WARNING  | rahasya.utils.http_client:_request_with_retry:60 - Attempt 3/3 failed for https://filmot.com/unlistedSearch?channelQuery=jay_gor&sortField=uploaddate&sortOrder=desc&: All connection attempts failed
2026-08-14 19:20:28.938 | WARNING  | rahasya.utils.http_client:_request_with_retry:60 - Attempt 2/3 failed for https://www.folkd.com/?app=core&module=system&controller=ajax&do=usernameExists&input=jay_gor: All connection attempts failed
2026-08-14 19:20:28.969 | WARNING  | rahasya.utils.http_client:_request_with_retry:60 - Attempt 2/3 failed for https://fortnitetracker.com/profile/all/jay_gor: All connection attempts failed
2026-08-14 19:20:29.063 | WARNING  | rahasya.utils.http_client:_request_with_retry:60 - Attempt 2/3 failed for https://forumprawne.org/members/jay_gor.html: All connection attempts failed
2026-08-14 19:20:29.065 | WARNING  | rahasya.utils.http_client:_request_with_retry:60 - Attempt 2/3 failed for https://www.flowcode.com/page/jay_gor: All connection attempts failed
2026-08-14 19:20:29.065 | WARNING  | rahasya.utils.http_client:_request_with_retry:60 - Attempt 2/3 failed for https://api.fotka.com/v2/user/dataStatic?login=jay_gor: All connection attempts failed
2026-08-14 19:20:29.113 | WARNING  | rahasya.utils.http_client:_request_with_retry:60 - Attempt 1/3 failed for https://freelancehunt.com/en/employer/jay_gor.html: All connection attempts failed
2026-08-14 19:20:29.113 | WARNING  | rahasya.utils.http_client:_request_with_retry:60 - Attempt 2/3 failed for https://freelance.ua/user/jay_gor/: All connection attempts failed
2026-08-14 19:20:29.172 | WARNING  | rahasya.utils.http_client:_request_with_retry:60 - Attempt 1/3 failed for https://api.freecodecamp.org/users/get-public-profile?username=jay_gor: All connection attempts failed
2026-08-14 19:20:29.172 | WARNING  | rahasya.utils.http_client:_request_with_retry:60 - Attempt 1/3 failed for https://foursquare.com/jay_gor: All connection attempts failed
2026-08-14 19:20:29.396 | WARNING  | rahasya.utils.http_client:_request_with_retry:60 - Attempt 1/3 failed for https://www.friendfinder-x.com/profile/jay_gor: All connection attempts failed
2026-08-14 19:20:29.418 | WARNING  | rahasya.utils.http_client:_request_with_retry:60 - Attempt 1/3 failed for https://friendfinder.com/profile/jay_gor: All connection attempts failed
2026-08-14 19:20:29.685 | WARNING  | rahasya.utils.http_client:_request_with_retry:60 - Attempt 1/3 failed for https://www.freelancer.com/api/users/0.1/users?usernames%5B%5D=jay_gor&compact=true: All connection attempts failed
2026-08-14 19:20:29.694 | WARNING  | rahasya.utils.http_client:_request_with_retry:60 - Attempt 1/3 failed for https://freesound.org/people/jay_gor/section/stats/?ajax=1: All connection attempts failed
2026-08-14 19:20:29.777 | WARNING  | rahasya.utils.http_client:_request_with_retry:60 - Attempt 2/3 failed for https://freelancehunt.com/en/freelancer/jay_gor.html: All connection attempts failed
2026-08-14 19:20:29.777 | WARNING  | rahasya.utils.http_client:_request_with_retry:60 - Attempt 2/3 failed for https://fosstodon.org/api/v1/accounts/lookup?acct=jay_gor: All connection attempts failed
2026-08-14 19:20:29.812 | WARNING  | rahasya.utils.http_client:_request_with_retry:60 - Attempt 2/3 failed for https://freelance.ru/jay_gor: All connection attempts failed
2026-08-14 19:20:29.834 | WARNING  | rahasya.utils.http_client:_request_with_retry:60 - Attempt 1/3 failed for https://www.game-debate.com/profile/jay_gor: All connection attempts failed
2026-08-14 19:20:29.910 | WARNING  | rahasya.utils.http_client:_request_with_retry:60 - Attempt 1/3 failed for https://www.freesteamkeys.com/members/jay_gor/: All connection attempts failed
2026-08-14 19:20:29.938 | WARNING  | rahasya.modules.base:safe_execute:181 - Module WhatsMyName was cancelled
2026-08-14 19:20:29.938 | ERROR    | rahasya.core.orchestrator:_run_scan_loop:206 - Module failed: TimeoutError: 
2026-08-14 19:20:29.970 | DEBUG    | rahasya.core.orchestrator:_run_scan_loop:181 - Dispatching 4 modules for [username] 'gorjay'
2026-08-14 19:20:30.984 | INFO     | rahasya.modules.base:safe_execute:165 - Executing Sherlock on [username] 'gorjay' (scan=bc73dc4c...)
2026-08-14 19:20:30.995 | INFO     | rahasya.modules.base:safe_execute:165 - Executing Ahmia on [username] 'gorjay' (scan=bc73dc4c...)
2026-08-14 19:20:30.995 | INFO     | rahasya.modules.base:safe_execute:165 - Executing WhatsMyName on [username] 'gorjay' (scan=bc73dc4c...)
2026-08-14 19:20:30.995 | INFO     | rahasya.modules.base:safe_execute:165 - Executing Maigret on [username] 'gorjay' (scan=bc73dc4c...)
2026-08-14 19:20:31.553 | WARNING  | rahasya.utils.http_client:_request_with_retry:60 - Attempt 1/3 failed for https://uk.advfn.com/forum/profile/gorjay: All connection attempts failed
2026-08-14 19:20:31.555 | WARNING  | rahasya.utils.http_client:_request_with_retry:60 - Attempt 1/3 failed for https://www.anime-planet.com/api/validation/username: All connection attempts failed
2026-08-14 19:20:31.571 | WARNING  | rahasya.utils.http_client:_request_with_retry:60 - Attempt 1/3 failed for https://asciinema.org/~gorjay: All connection attempts failed
2026-08-14 19:20:31.695 | WARNING  | rahasya.utils.http_client:_request_with_retry:60 - Attempt 1/3 failed for https://forum.arduino.cc/u/gorjay.json: All connection attempts failed
2026-08-14 19:20:31.939 | WARNING  | rahasya.utils.http_client:_request_with_retry:60 - Attempt 1/3 failed for https://about.me/gorjay: All connection attempts failed
2026-08-14 19:20:31.939 | WARNING  | rahasya.utils.http_client:_request_with_retry:60 - Attempt 1/3 failed for https://cursos.alura.com.br/user/gorjay: All connection attempts failed
2026-08-14 19:20:31.967 | WARNING  | rahasya.utils.http_client:_request_with_retry:60 - Attempt 1/3 failed for https://au.ru/user/gorjay/: All connection attempts failed
2026-08-14 19:20:32.003 | WARNING  | rahasya.utils.http_client:_request_with_retry:60 - Attempt 1/3 failed for https://www.alik.cz/u/gorjay: All connection attempts failed
2026-08-14 19:20:32.070 | WARNING  | rahasya.utils.http_client:_request_with_retry:60 - Attempt 1/3 failed for https://arsmate.com/gorjay: All connection attempts failed
2026-08-14 19:20:32.103 | WARNING  | rahasya.utils.http_client:_request_with_retry:60 - Attempt 1/3 failed for https://3dtoday.ru/blogs/gorjay: All connection attempts failed
2026-08-14 19:20:32.236 | WARNING  | rahasya.utils.http_client:_request_with_retry:60 - Attempt 1/3 failed for https://ahmia.fi/api/search/?q=gorjay: All connection attempts failed
2026-08-14 19:20:32.237 | WARNING  | rahasya.utils.http_client:_request_with_retry:60 - Attempt 1/3 failed for https://support.advancedcustomfields.com/forums/users/gorjay/: All connection attempts failed
2026-08-14 19:20:32.237 | WARNING  | rahasya.utils.http_client:_request_with_retry:60 - Attempt 1/3 failed for https://admireme.vip/gorjay/: All connection attempts failed
2026-08-14 19:20:32.321 | WARNING  | rahasya.utils.http_client:_request_with_retry:60 - Attempt 1/3 failed for https://api.tracker.gg/api/v2/apex/standard/profile/origin/gorjay: All connection attempts failed
2026-08-14 19:20:32.359 | WARNING  | rahasya.utils.http_client:_request_with_retry:60 - Attempt 1/3 failed for https://247ctf.com/progress/gorjay: All connection attempts failed
2026-08-14 19:20:32.401 | WARNING  | rahasya.utils.http_client:_request_with_retry:60 - Attempt 1/3 failed for https://www.7cups.com/@gorjay: All connection attempts failed
2026-08-14 19:20:32.426 | WARNING  | rahasya.utils.http_client:_request_with_retry:60 - Attempt 1/3 failed for https://www.americanthinker.com/author/gorjay/: All connection attempts failed
2026-08-14 19:20:32.470 | WARNING  | rahasya.utils.http_client:_request_with_retry:60 - Attempt 1/3 failed for https://projecthub.arduino.cc/gorjay: All connection attempts failed
2026-08-14 19:20:32.473 | WARNING  | rahasya.utils.http_client:_request_with_retry:60 - Attempt 1/3 failed for https://albicla.com/gorjay/post/1: All connection attempts failed
2026-08-14 19:20:32.473 | WARNING  | rahasya.utils.http_client:_request_with_retry:60 - Attempt 1/3 failed for https://7dach.ru/profile/gorjay: All connection attempts failed
2026-08-14 19:20:32.552 | ERROR    | rahasya.modules.social.maigret_module:execute:101 - Maigret execution failed: Expecting value: line 1 column 1 (char 0)
2026-08-14 19:20:32.553 | INFO     | rahasya.modules.base:safe_execute:173 - Completed Maigret: 0 entities found in 2563ms
2026-08-14 19:20:32.555 | WARNING  | rahasya.utils.http_client:_request_with_retry:60 - Attempt 2/3 failed for https://asciinema.org/~gorjay: All connection attempts failed
2026-08-14 19:20:32.556 | WARNING  | rahasya.utils.http_client:_request_with_retry:60 - Attempt 2/3 failed for https://uk.advfn.com/forum/profile/gorjay: All connection attempts failed
2026-08-14 19:20:32.556 | WARNING  | rahasya.utils.http_client:_request_with_retry:60 - Attempt 2/3 failed for https://www.anime-planet.com/api/validation/username: All connection attempts failed
2026-08-14 19:20:32.557 | WARNING  | rahasya.utils.http_client:_request_with_retry:60 - Attempt 1/3 failed for https://www.adultism.com/profile/gorjay: All connection attempts failed
2026-08-14 19:20:32.627 | ERROR    | rahasya.modules.social.sherlock_module:execute:74 - Sherlock execution failed: Expecting value: line 1 column 1 (char 0)
2026-08-14 19:20:32.628 | INFO     | rahasya.modules.base:safe_execute:173 - Completed Sherlock: 0 entities found in 2641ms
2026-08-14 19:20:32.661 | WARNING  | rahasya.utils.http_client:_request_with_retry:60 - Attempt 1/3 failed for https://35photo.pro/@gorjay/: All connection attempts failed
2026-08-14 19:20:32.700 | WARNING  | rahasya.utils.http_client:_request_with_retry:60 - Attempt 2/3 failed for https://forum.arduino.cc/u/gorjay.json: All connection attempts failed
2026-08-14 19:20:32.728 | WARNING  | rahasya.utils.http_client:_request_with_retry:60 - Attempt 1/3 failed for https://graphql.anilist.co: All connection attempts failed
2026-08-14 19:20:32.753 | WARNING  | rahasya.utils.http_client:_request_with_retry:60 - Attempt 1/3 failed for https://ameblo.jp/gorjay: All connection attempts failed
2026-08-14 19:20:32.784 | WARNING  | rahasya.utils.http_client:_request_with_retry:60 - Attempt 1/3 failed for https://gitlab.archlinux.org/api/v4/users?username=gorjay: All connection attempts failed
2026-08-14 19:20:32.818 | WARNING  | rahasya.utils.http_client:_request_with_retry:60 - Attempt 1/3 failed for https://www.artbreeder.com/gorjay: All connection attempts failed
2026-08-14 19:20:32.818 | WARNING  | rahasya.utils.http_client:_request_with_retry:60 - Attempt 1/3 failed for https://community.appian.com/members/gorjay: All connection attempts failed
2026-08-14 19:20:32.942 | WARNING  | rahasya.utils.http_client:_request_with_retry:60 - Attempt 2/3 failed for https://about.me/gorjay: All connection attempts failed
2026-08-14 19:20:32.942 | WARNING  | rahasya.utils.http_client:_request_with_retry:60 - Attempt 2/3 failed for https://cursos.alura.com.br/user/gorjay: All connection attempts failed
2026-08-14 19:20:32.959 | WARNING  | rahasya.utils.http_client:_request_with_retry:60 - Attempt 2/3 failed for https://au.ru/user/gorjay/: All connection attempts failed
2026-08-14 19:20:32.959 | WARNING  | rahasya.utils.http_client:_request_with_retry:60 - Attempt 1/3 failed for https://www.artstation.com/gorjay: All connection attempts failed
2026-08-14 19:20:32.959 | WARNING  | rahasya.utils.http_client:_request_with_retry:60 - Attempt 1/3 failed for https://armorgames.com/user/gorjay: All connection attempts failed
2026-08-14 19:20:32.959 | WARNING  | rahasya.utils.http_client:_request_with_retry:60 - Attempt 1/3 failed for https://atcoder.jp/users/gorjay: All connection attempts failed
2026-08-14 19:20:32.984 | WARNING  | rahasya.utils.http_client:_request_with_retry:60 - Attempt 1/3 failed for https://247sports.com/User/gorjay/: All connection attempts failed
2026-08-14 19:20:33.009 | WARNING  | rahasya.utils.http_client:_request_with_retry:60 - Attempt 2/3 failed for https://www.alik.cz/u/gorjay: All connection attempts failed
2026-08-14 19:20:33.076 | WARNING  | rahasya.utils.http_client:_request_with_retry:60 - Attempt 2/3 failed for https://arsmate.com/gorjay: All connection attempts failed
2026-08-14 19:20:33.109 | WARNING  | rahasya.utils.http_client:_request_with_retry:60 - Attempt 2/3 failed for https://3dtoday.ru/blogs/gorjay: All connection attempts failed
2026-08-14 19:20:33.259 | WARNING  | rahasya.utils.http_client:_request_with_retry:60 - Attempt 2/3 failed for https://ahmia.fi/api/search/?q=gorjay: All connection attempts failed
2026-08-14 19:20:33.259 | WARNING  | rahasya.utils.http_client:_request_with_retry:60 - Attempt 2/3 failed for https://support.advancedcustomfields.com/forums/users/gorjay/: All connection attempts failed
2026-08-14 19:20:33.259 | WARNING  | rahasya.utils.http_client:_request_with_retry:60 - Attempt 2/3 failed for https://admireme.vip/gorjay/: All connection attempts failed
2026-08-14 19:20:33.326 | WARNING  | rahasya.utils.http_client:_request_with_retry:60 - Attempt 2/3 failed for https://api.tracker.gg/api/v2/apex/standard/profile/origin/gorjay: All connection attempts failed
2026-08-14 19:20:33.359 | WARNING  | rahasya.utils.http_client:_request_with_retry:60 - Attempt 2/3 failed for https://247ctf.com/progress/gorjay: All connection attempts failed
2026-08-14 19:20:33.401 | WARNING  | rahasya.utils.http_client:_request_with_retry:60 - Attempt 2/3 failed for https://www.7cups.com/@gorjay: All connection attempts failed
2026-08-14 19:20:33.443 | WARNING  | rahasya.utils.http_client:_request_with_retry:60 - Attempt 2/3 failed for https://www.americanthinker.com/author/gorjay/: All connection attempts failed
2026-08-14 19:20:33.476 | WARNING  | rahasya.utils.http_client:_request_with_retry:60 - Attempt 2/3 failed for https://projecthub.arduino.cc/gorjay: All connection attempts failed
2026-08-14 19:20:33.476 | WARNING  | rahasya.utils.http_client:_request_with_retry:60 - Attempt 2/3 failed for https://7dach.ru/profile/gorjay: All connection attempts failed
2026-08-14 19:20:33.476 | WARNING  | rahasya.utils.http_client:_request_with_retry:60 - Attempt 2/3 failed for https://albicla.com/gorjay/post/1: All connection attempts failed
2026-08-14 19:20:33.559 | WARNING  | rahasya.utils.http_client:_request_with_retry:60 - Attempt 2/3 failed for https://www.adultism.com/profile/gorjay: All connection attempts failed
2026-08-14 19:20:33.678 | WARNING  | rahasya.utils.http_client:_request_with_retry:60 - Attempt 2/3 failed for https://35photo.pro/@gorjay/: All connection attempts failed
2026-08-14 19:20:33.728 | WARNING  | rahasya.utils.http_client:_request_with_retry:60 - Attempt 2/3 failed for https://graphql.anilist.co: All connection attempts failed
2026-08-14 19:20:33.769 | WARNING  | rahasya.utils.http_client:_request_with_retry:60 - Attempt 2/3 failed for https://ameblo.jp/gorjay: All connection attempts failed
2026-08-14 19:20:33.800 | WARNING  | rahasya.utils.http_client:_request_with_retry:60 - Attempt 2/3 failed for https://gitlab.archlinux.org/api/v4/users?username=gorjay: All connection attempts failed
2026-08-14 19:20:33.800 | WARNING  | rahasya.utils.http_client:_request_with_retry:60 - Attempt 2/3 failed for https://www.artbreeder.com/gorjay: All connection attempts failed
2026-08-14 19:20:33.804 | WARNING  | rahasya.utils.http_client:_request_with_retry:60 - Attempt 2/3 failed for https://community.appian.com/members/gorjay: All connection attempts failed
2026-08-14 19:20:33.959 | WARNING  | rahasya.utils.http_client:_request_with_retry:60 - Attempt 2/3 failed for https://www.artstation.com/gorjay: All connection attempts failed
2026-08-14 19:20:33.959 | WARNING  | rahasya.utils.http_client:_request_with_retry:60 - Attempt 2/3 failed for https://armorgames.com/user/gorjay: All connection attempts failed
2026-08-14 19:20:33.959 | WARNING  | rahasya.utils.http_client:_request_with_retry:60 - Attempt 2/3 failed for https://atcoder.jp/users/gorjay: All connection attempts failed
2026-08-14 19:20:33.992 | WARNING  | rahasya.utils.http_client:_request_with_retry:60 - Attempt 2/3 failed for https://247sports.com/User/gorjay/: All connection attempts failed
2026-08-14 19:20:34.562 | WARNING  | rahasya.utils.http_client:_request_with_retry:60 - Attempt 3/3 failed for https://asciinema.org/~gorjay: All connection attempts failed
2026-08-14 19:20:34.562 | WARNING  | rahasya.utils.http_client:_request_with_retry:60 - Attempt 3/3 failed for https://uk.advfn.com/forum/profile/gorjay: All connection attempts failed
2026-08-14 19:20:34.562 | WARNING  | rahasya.utils.http_client:_request_with_retry:60 - Attempt 3/3 failed for https://www.anime-planet.com/api/validation/username: All connection attempts failed
2026-08-14 19:20:34.678 | WARNING  | rahasya.utils.http_client:_request_with_retry:60 - Attempt 3/3 failed for https://forum.arduino.cc/u/gorjay.json: All connection attempts failed
2026-08-14 19:20:34.944 | WARNING  | rahasya.utils.http_client:_request_with_retry:60 - Attempt 3/3 failed for https://about.me/gorjay: All connection attempts failed
2026-08-14 19:20:34.944 | WARNING  | rahasya.utils.http_client:_request_with_retry:60 - Attempt 3/3 failed for https://cursos.alura.com.br/user/gorjay: All connection attempts failed
2026-08-14 19:20:34.970 | WARNING  | rahasya.utils.http_client:_request_with_retry:60 - Attempt 3/3 failed for https://au.ru/user/gorjay/: All connection attempts failed
2026-08-14 19:20:35.011 | WARNING  | rahasya.utils.http_client:_request_with_retry:60 - Attempt 3/3 failed for https://www.alik.cz/u/gorjay: All connection attempts failed
2026-08-14 19:20:35.076 | WARNING  | rahasya.utils.http_client:_request_with_retry:60 - Attempt 3/3 failed for https://arsmate.com/gorjay: All connection attempts failed
2026-08-14 19:20:35.109 | WARNING  | rahasya.utils.http_client:_request_with_retry:60 - Attempt 3/3 failed for https://3dtoday.ru/blogs/gorjay: All connection attempts failed
2026-08-14 19:20:35.267 | WARNING  | rahasya.utils.http_client:_request_with_retry:60 - Attempt 3/3 failed for https://ahmia.fi/api/search/?q=gorjay: All connection attempts failed
2026-08-14 19:20:35.267 | ERROR    | rahasya.modules.darkweb.ahmia_module:execute:51 - Ahmia API search failed: All connection attempts failed
2026-08-14 19:20:35.267 | INFO     | rahasya.modules.base:safe_execute:173 - Completed Ahmia: 0 entities found in 5281ms
2026-08-14 19:20:35.267 | WARNING  | rahasya.utils.http_client:_request_with_retry:60 - Attempt 3/3 failed for https://support.advancedcustomfields.com/forums/users/gorjay/: All connection attempts failed
2026-08-14 19:20:35.267 | WARNING  | rahasya.utils.http_client:_request_with_retry:60 - Attempt 3/3 failed for https://admireme.vip/gorjay/: All connection attempts failed
2026-08-14 19:20:35.332 | WARNING  | rahasya.utils.http_client:_request_with_retry:60 - Attempt 3/3 failed for https://api.tracker.gg/api/v2/apex/standard/profile/origin/gorjay: All connection attempts failed
2026-08-14 19:20:35.369 | WARNING  | rahasya.utils.http_client:_request_with_retry:60 - Attempt 3/3 failed for https://247ctf.com/progress/gorjay: All connection attempts failed
2026-08-14 19:20:35.408 | WARNING  | rahasya.utils.http_client:_request_with_retry:60 - Attempt 3/3 failed for https://www.7cups.com/@gorjay: All connection attempts failed
2026-08-14 19:20:35.442 | WARNING  | rahasya.utils.http_client:_request_with_retry:60 - Attempt 3/3 failed for https://www.americanthinker.com/author/gorjay/: All connection attempts failed
2026-08-14 19:20:35.491 | WARNING  | rahasya.utils.http_client:_request_with_retry:60 - Attempt 3/3 failed for https://7dach.ru/profile/gorjay: All connection attempts failed
2026-08-14 19:20:35.491 | WARNING  | rahasya.utils.http_client:_request_with_retry:60 - Attempt 3/3 failed for https://albicla.com/gorjay/post/1: All connection attempts failed
2026-08-14 19:20:35.491 | WARNING  | rahasya.utils.http_client:_request_with_retry:60 - Attempt 3/3 failed for https://projecthub.arduino.cc/gorjay: All connection attempts failed
2026-08-14 19:20:35.554 | WARNING  | rahasya.utils.http_client:_request_with_retry:60 - Attempt 3/3 failed for https://www.adultism.com/profile/gorjay: All connection attempts failed
2026-08-14 19:20:35.692 | WARNING  | rahasya.utils.http_client:_request_with_retry:60 - Attempt 3/3 failed for https://35photo.pro/@gorjay/: All connection attempts failed
2026-08-14 19:20:35.725 | WARNING  | rahasya.utils.http_client:_request_with_retry:60 - Attempt 3/3 failed for https://graphql.anilist.co: All connection attempts failed
2026-08-14 19:20:35.785 | WARNING  | rahasya.utils.http_client:_request_with_retry:60 - Attempt 3/3 failed for https://ameblo.jp/gorjay: All connection attempts failed
2026-08-14 19:20:35.785 | WARNING  | rahasya.utils.http_client:_request_with_retry:60 - Attempt 1/3 failed for https://audiojungle.net/user/gorjay: All connection attempts failed
2026-08-14 19:20:35.811 | WARNING  | rahasya.utils.http_client:_request_with_retry:60 - Attempt 3/3 failed for https://gitlab.archlinux.org/api/v4/users?username=gorjay: All connection attempts failed
2026-08-14 19:20:35.813 | WARNING  | rahasya.utils.http_client:_request_with_retry:60 - Attempt 3/3 failed for https://www.artbreeder.com/gorjay: All connection attempts failed
2026-08-14 19:20:35.813 | WARNING  | rahasya.utils.http_client:_request_with_retry:60 - Attempt 3/3 failed for https://community.appian.com/members/gorjay: All connection attempts failed
2026-08-14 19:20:35.835 | WARNING  | rahasya.utils.http_client:_request_with_retry:60 - Attempt 1/3 failed for https://www.babepedia.com/user/gorjay: All connection attempts failed
2026-08-14 19:20:35.850 | WARNING  | rahasya.utils.http_client:_request_with_retry:60 - Attempt 1/3 failed for https://gorjay.bdsmlr.com: All connection attempts failed
2026-08-14 19:20:35.969 | WARNING  | rahasya.utils.http_client:_request_with_retry:60 - Attempt 3/3 failed for https://www.artstation.com/gorjay: All connection attempts failed
2026-08-14 19:20:35.969 | WARNING  | rahasya.utils.http_client:_request_with_retry:60 - Attempt 3/3 failed for https://armorgames.com/user/gorjay: All connection attempts failed
2026-08-14 19:20:35.969 | WARNING  | rahasya.utils.http_client:_request_with_retry:60 - Attempt 3/3 failed for https://atcoder.jp/users/gorjay: All connection attempts failed
2026-08-14 19:20:35.994 | WARNING  | rahasya.utils.http_client:_request_with_retry:60 - Attempt 3/3 failed for https://247sports.com/User/gorjay/: All connection attempts failed
2026-08-14 19:20:36.075 | WARNING  | rahasya.utils.http_client:_request_with_retry:60 - Attempt 1/3 failed for https://bio.site/gorjay: All connection attempts failed
2026-08-14 19:20:36.211 | WARNING  | rahasya.utils.http_client:_request_with_retry:60 - Attempt 1/3 failed for https://beacons.ai/gorjay: All connection attempts failed
2026-08-14 19:20:36.211 | WARNING  | rahasya.utils.http_client:_request_with_retry:60 - Attempt 1/3 failed for https://community.avid.com/members/gorjay/default.aspx: All connection attempts failed
2026-08-14 19:20:36.300 | WARNING  | rahasya.utils.http_client:_request_with_retry:60 - Attempt 1/3 failed for https://forums.babypips.com/u/gorjay.json: All connection attempts failed
2026-08-14 19:20:36.350 | WARNING  | rahasya.utils.http_client:_request_with_retry:60 - Attempt 1/3 failed for https://www.blogi.pl/osoba,gorjay.html: All connection attempts failed
2026-08-14 19:20:36.477 | WARNING  | rahasya.utils.http_client:_request_with_retry:60 - Attempt 1/3 failed for https://booknode.com/profil/gorjay: All connection attempts failed
2026-08-14 19:20:36.477 | WARNING  | rahasya.utils.http_client:_request_with_retry:60 - Attempt 1/3 failed for https://bandcamp.com/gorjay: All connection attempts failed
2026-08-14 19:20:36.600 | WARNING  | rahasya.utils.http_client:_request_with_retry:60 - Attempt 1/3 failed for https://www.bdsmsingles.com/members/gorjay/: All connection attempts failed
2026-08-14 19:20:36.683 | WARNING  | rahasya.utils.http_client:_request_with_retry:60 - Attempt 1/3 failed for https://www.biggerpockets.com/users/gorjay: All connection attempts failed
2026-08-14 19:20:36.717 | WARNING  | rahasya.utils.http_client:_request_with_retry:60 - Attempt 1/3 failed for https://bentbox.co/gorjay: All connection attempts failed
2026-08-14 19:20:36.717 | WARNING  | rahasya.utils.http_client:_request_with_retry:60 - Attempt 1/3 failed for https://bio.link/gorjay: All connection attempts failed
2026-08-14 19:20:36.766 | WARNING  | rahasya.utils.http_client:_request_with_retry:60 - Attempt 1/3 failed for http://gorjay.blogspot.com: All connection attempts failed
2026-08-14 19:20:36.783 | WARNING  | rahasya.utils.http_client:_request_with_retry:60 - Attempt 1/3 failed for https://ask.bimpos.com/user/gorjay: All connection attempts failed
2026-08-14 19:20:36.783 | WARNING  | rahasya.utils.http_client:_request_with_retry:60 - Attempt 2/3 failed for https://audiojungle.net/user/gorjay: All connection attempts failed
2026-08-14 19:20:36.783 | WARNING  | rahasya.utils.http_client:_request_with_retry:60 - Attempt 1/3 failed for https://www.bandlab.com/api/v1.3/users/gorjay: All connection attempts failed
2026-08-14 19:20:36.841 | WARNING  | rahasya.utils.http_client:_request_with_retry:60 - Attempt 2/3 failed for https://www.babepedia.com/user/gorjay: All connection attempts failed
2026-08-14 19:20:36.869 | WARNING  | rahasya.utils.http_client:_request_with_retry:60 - Attempt 2/3 failed for https://gorjay.bdsmlr.com: All connection attempts failed
2026-08-14 19:20:36.935 | WARNING  | rahasya.utils.http_client:_request_with_retry:60 - Attempt 1/3 failed for http://blogmarks.net/user/gorjay: All connection attempts failed
2026-08-14 19:20:37.008 | WARNING  | rahasya.utils.http_client:_request_with_retry:60 - Attempt 1/3 failed for https://www.babyblog.ru/user/gorjay: All connection attempts failed
2026-08-14 19:20:37.060 | WARNING  | rahasya.utils.http_client:_request_with_retry:60 - Attempt 2/3 failed for https://bio.site/gorjay: All connection attempts failed
2026-08-14 19:20:37.108 | WARNING  | rahasya.utils.http_client:_request_with_retry:60 - Attempt 1/3 failed for https://bsky.app/profile/gorjay: All connection attempts failed
2026-08-14 19:20:37.185 | WARNING  | rahasya.utils.http_client:_request_with_retry:60 - Attempt 1/3 failed for https://www.bigo.tv/user/gorjay: All connection attempts failed
2026-08-14 19:20:37.216 | WARNING  | rahasya.utils.http_client:_request_with_retry:60 - Attempt 2/3 failed for https://community.avid.com/members/gorjay/default.aspx: All connection attempts failed
2026-08-14 19:20:37.216 | WARNING  | rahasya.utils.http_client:_request_with_retry:60 - Attempt 2/3 failed for https://beacons.ai/gorjay: All connection attempts failed
2026-08-14 19:20:37.303 | WARNING  | rahasya.utils.http_client:_request_with_retry:60 - Attempt 2/3 failed for https://forums.babypips.com/u/gorjay.json: All connection attempts failed
2026-08-14 19:20:37.304 | WARNING  | rahasya.utils.http_client:_request_with_retry:60 - Attempt 1/3 failed for https://api.geekdo.com/api/accounts/validate/username?username=gorjay: All connection attempts failed
2026-08-14 19:20:37.317 | WARNING  | rahasya.utils.http_client:_request_with_retry:60 - Attempt 1/3 failed for https://bitbucket.org/!api/2.0/repositories/gorjay?page=1&pagelen=25&sort=-updated_on&q=&fields=-values.owner%2C-values.workspace: All connection attempts failed
2026-08-14 19:20:37.342 | WARNING  | rahasya.utils.http_client:_request_with_retry:60 - Attempt 1/3 failed for https://public.api.bsky.app/xrpc/app.bsky.actor.getProfile?actor=gorjay.bsky.social: All connection attempts failed
2026-08-14 19:20:37.358 | WARNING  | rahasya.utils.http_client:_request_with_retry:60 - Attempt 1/3 failed for https://gorjay.booth.pm/: All connection attempts failed
2026-08-14 19:20:37.358 | WARNING  | rahasya.utils.http_client:_request_with_retry:60 - Attempt 2/3 failed for https://www.blogi.pl/osoba,gorjay.html: All connection attempts failed
2026-08-14 19:20:37.383 | WARNING  | rahasya.utils.http_client:_request_with_retry:60 - Attempt 1/3 failed for https://api.boosty.to/v1/blog/gorjay: All connection attempts failed
2026-08-14 19:20:37.442 | WARNING  | rahasya.utils.http_client:_request_with_retry:60 - Attempt 1/3 failed for https://www.bookcrossing.com/mybookshelf/gorjay: All connection attempts failed
2026-08-14 19:20:37.475 | WARNING  | rahasya.utils.http_client:_request_with_retry:60 - Attempt 1/3 failed for https://api.bitchute.com/api/beta/channel: All connection attempts failed
2026-08-14 19:20:37.475 | WARNING  | rahasya.utils.http_client:_request_with_retry:60 - Attempt 2/3 failed for https://booknode.com/profil/gorjay: All connection attempts failed
2026-08-14 19:20:37.475 | WARNING  | rahasya.utils.http_client:_request_with_retry:60 - Attempt 2/3 failed for https://bandcamp.com/gorjay: All connection attempts failed
2026-08-14 19:20:37.610 | WARNING  | rahasya.utils.http_client:_request_with_retry:60 - Attempt 2/3 failed for https://www.bdsmsingles.com/members/gorjay/: All connection attempts failed
2026-08-14 19:20:37.611 | WARNING  | rahasya.utils.http_client:_request_with_retry:60 - Attempt 1/3 failed for https://bugcrowd.com/profile-service/v1/profiles/gorjay: All connection attempts failed
2026-08-14 19:20:37.683 | WARNING  | rahasya.utils.http_client:_request_with_retry:60 - Attempt 2/3 failed for https://www.biggerpockets.com/users/gorjay: All connection attempts failed
2026-08-14 19:20:37.719 | WARNING  | rahasya.utils.http_client:_request_with_retry:60 - Attempt 2/3 failed for https://bentbox.co/gorjay: All connection attempts failed
2026-08-14 19:20:37.720 | WARNING  | rahasya.utils.http_client:_request_with_retry:60 - Attempt 2/3 failed for https://bio.link/gorjay: All connection attempts failed
2026-08-14 19:20:37.776 | WARNING  | rahasya.utils.http_client:_request_with_retry:60 - Attempt 2/3 failed for http://gorjay.blogspot.com: All connection attempts failed
2026-08-14 19:20:37.799 | WARNING  | rahasya.utils.http_client:_request_with_retry:60 - Attempt 2/3 failed for https://ask.bimpos.com/user/gorjay: All connection attempts failed
2026-08-14 19:20:37.803 | WARNING  | rahasya.utils.http_client:_request_with_retry:60 - Attempt 2/3 failed for https://www.bandlab.com/api/v1.3/users/gorjay: All connection attempts failed
2026-08-14 19:20:37.932 | WARNING  | rahasya.utils.http_client:_request_with_retry:60 - Attempt 2/3 failed for http://blogmarks.net/user/gorjay: All connection attempts failed
2026-08-14 19:20:37.932 | WARNING  | rahasya.utils.http_client:_request_with_retry:60 - Attempt 1/3 failed for https://brickset.com/profile/gorjay: All connection attempts failed
2026-08-14 19:20:38.016 | WARNING  | rahasya.utils.http_client:_request_with_retry:60 - Attempt 2/3 failed for https://www.babyblog.ru/user/gorjay: All connection attempts failed
2026-08-14 19:20:38.102 | WARNING  | rahasya.utils.http_client:_request_with_retry:60 - Attempt 2/3 failed for https://bsky.app/profile/gorjay: All connection attempts failed
2026-08-14 19:20:38.183 | WARNING  | rahasya.utils.http_client:_request_with_retry:60 - Attempt 2/3 failed for https://www.bigo.tv/user/gorjay: All connection attempts failed
2026-08-14 19:20:38.314 | WARNING  | rahasya.utils.http_client:_request_with_retry:60 - Attempt 2/3 failed for https://api.geekdo.com/api/accounts/validate/username?username=gorjay: All connection attempts failed
2026-08-14 19:20:38.314 | WARNING  | rahasya.utils.http_client:_request_with_retry:60 - Attempt 2/3 failed for https://bitbucket.org/!api/2.0/repositories/gorjay?page=1&pagelen=25&sort=-updated_on&q=&fields=-values.owner%2C-values.workspace: All connection attempts failed
2026-08-14 19:20:38.347 | WARNING  | rahasya.utils.http_client:_request_with_retry:60 - Attempt 2/3 failed for https://public.api.bsky.app/xrpc/app.bsky.actor.getProfile?actor=gorjay.bsky.social: All connection attempts failed
2026-08-14 19:20:38.347 | WARNING  | rahasya.utils.http_client:_request_with_retry:60 - Attempt 2/3 failed for https://gorjay.booth.pm/: All connection attempts failed
2026-08-14 19:20:38.393 | WARNING  | rahasya.utils.http_client:_request_with_retry:60 - Attempt 2/3 failed for https://api.boosty.to/v1/blog/gorjay: All connection attempts failed
2026-08-14 19:20:38.441 | WARNING  | rahasya.utils.http_client:_request_with_retry:60 - Attempt 2/3 failed for https://www.bookcrossing.com/mybookshelf/gorjay: All connection attempts failed
2026-08-14 19:20:38.483 | WARNING  | rahasya.utils.http_client:_request_with_retry:60 - Attempt 2/3 failed for https://api.bitchute.com/api/beta/channel: All connection attempts failed
2026-08-14 19:20:38.618 | WARNING  | rahasya.utils.http_client:_request_with_retry:60 - Attempt 2/3 failed for https://bugcrowd.com/profile-service/v1/profiles/gorjay: All connection attempts failed
2026-08-14 19:20:38.793 | WARNING  | rahasya.utils.http_client:_request_with_retry:60 - Attempt 3/3 failed for https://audiojungle.net/user/gorjay: All connection attempts failed
2026-08-14 19:20:38.832 | WARNING  | rahasya.utils.http_client:_request_with_retry:60 - Attempt 3/3 failed for https://www.babepedia.com/user/gorjay: All connection attempts failed
2026-08-14 19:20:38.868 | WARNING  | rahasya.utils.http_client:_request_with_retry:60 - Attempt 3/3 failed for https://gorjay.bdsmlr.com: All connection attempts failed
2026-08-14 19:20:38.943 | WARNING  | rahasya.utils.http_client:_request_with_retry:60 - Attempt 2/3 failed for https://brickset.com/profile/gorjay: All connection attempts failed
2026-08-14 19:20:39.069 | WARNING  | rahasya.utils.http_client:_request_with_retry:60 - Attempt 3/3 failed for https://bio.site/gorjay: All connection attempts failed
2026-08-14 19:20:39.215 | WARNING  | rahasya.utils.http_client:_request_with_retry:60 - Attempt 3/3 failed for https://beacons.ai/gorjay: All connection attempts failed
2026-08-14 19:20:39.215 | WARNING  | rahasya.utils.http_client:_request_with_retry:60 - Attempt 3/3 failed for https://community.avid.com/members/gorjay/default.aspx: All connection attempts failed
2026-08-14 19:20:39.315 | WARNING  | rahasya.utils.http_client:_request_with_retry:60 - Attempt 3/3 failed for https://forums.babypips.com/u/gorjay.json: All connection attempts failed
2026-08-14 19:20:39.357 | WARNING  | rahasya.utils.http_client:_request_with_retry:60 - Attempt 3/3 failed for https://www.blogi.pl/osoba,gorjay.html: All connection attempts failed
2026-08-14 19:20:39.483 | WARNING  | rahasya.utils.http_client:_request_with_retry:60 - Attempt 3/3 failed for https://booknode.com/profil/gorjay: All connection attempts failed
2026-08-14 19:20:39.483 | WARNING  | rahasya.utils.http_client:_request_with_retry:60 - Attempt 3/3 failed for https://bandcamp.com/gorjay: All connection attempts failed
2026-08-14 19:20:39.624 | WARNING  | rahasya.utils.http_client:_request_with_retry:60 - Attempt 3/3 failed for https://www.bdsmsingles.com/members/gorjay/: All connection attempts failed
2026-08-14 19:20:39.691 | WARNING  | rahasya.utils.http_client:_request_with_retry:60 - Attempt 3/3 failed for https://www.biggerpockets.com/users/gorjay: All connection attempts failed
2026-08-14 19:20:39.707 | WARNING  | rahasya.utils.http_client:_request_with_retry:60 - Attempt 3/3 failed for https://bentbox.co/gorjay: All connection attempts failed
2026-08-14 19:20:39.733 | WARNING  | rahasya.utils.http_client:_request_with_retry:60 - Attempt 3/3 failed for https://bio.link/gorjay: All connection attempts failed
2026-08-14 19:20:39.758 | WARNING  | rahasya.utils.http_client:_request_with_retry:60 - Attempt 3/3 failed for http://gorjay.blogspot.com: All connection attempts failed
2026-08-14 19:20:39.758 | WARNING  | rahasya.utils.http_client:_request_with_retry:60 - Attempt 1/3 failed for https://app.buymeacoffee.com/api/v1/check_availability: All connection attempts failed
2026-08-14 19:20:39.799 | WARNING  | rahasya.utils.http_client:_request_with_retry:60 - Attempt 3/3 failed for https://ask.bimpos.com/user/gorjay: All connection attempts failed
2026-08-14 19:20:39.799 | WARNING  | rahasya.utils.http_client:_request_with_retry:60 - Attempt 3/3 failed for https://www.bandlab.com/api/v1.3/users/gorjay: All connection attempts failed
2026-08-14 19:20:39.945 | WARNING  | rahasya.utils.http_client:_request_with_retry:60 - Attempt 3/3 failed for http://blogmarks.net/user/gorjay: All connection attempts failed
2026-08-14 19:20:40.018 | WARNING  | rahasya.utils.http_client:_request_with_retry:60 - Attempt 1/3 failed for https://career.habr.com/gorjay: All connection attempts failed
2026-08-14 19:20:40.018 | WARNING  | rahasya.utils.http_client:_request_with_retry:60 - Attempt 3/3 failed for https://www.babyblog.ru/user/gorjay: All connection attempts failed
2026-08-14 19:20:40.018 | WARNING  | rahasya.utils.http_client:_request_with_retry:60 - Attempt 1/3 failed for https://cafecito.app/gorjay: All connection attempts failed
2026-08-14 19:20:40.018 | WARNING  | rahasya.utils.http_client:_request_with_retry:60 - Attempt 1/3 failed for https://calendly.com/api/booking/profiles/gorjay: All connection attempts failed
2026-08-14 19:20:40.215 | WARNING  | rahasya.utils.http_client:_request_with_retry:60 - Attempt 3/3 failed for https://bsky.app/profile/gorjay: All connection attempts failed
2026-08-14 19:20:40.215 | WARNING  | rahasya.utils.http_client:_request_with_retry:60 - Attempt 3/3 failed for https://www.bigo.tv/user/gorjay: All connection attempts failed
2026-08-14 19:20:40.316 | WARNING  | rahasya.utils.http_client:_request_with_retry:60 - Attempt 3/3 failed for https://bitbucket.org/!api/2.0/repositories/gorjay?page=1&pagelen=25&sort=-updated_on&q=&fields=-values.owner%2C-values.workspace: All connection attempts failed
2026-08-14 19:20:40.316 | WARNING  | rahasya.utils.http_client:_request_with_retry:60 - Attempt 3/3 failed for https://api.geekdo.com/api/accounts/validate/username?username=gorjay: All connection attempts failed
2026-08-14 19:20:40.365 | WARNING  | rahasya.utils.http_client:_request_with_retry:60 - Attempt 3/3 failed for https://public.api.bsky.app/xrpc/app.bsky.actor.getProfile?actor=gorjay.bsky.social: All connection attempts failed
2026-08-14 19:20:40.366 | WARNING  | rahasya.utils.http_client:_request_with_retry:60 - Attempt 3/3 failed for https://gorjay.booth.pm/: All connection attempts failed
2026-08-14 19:20:40.399 | WARNING  | rahasya.utils.http_client:_request_with_retry:60 - Attempt 3/3 failed for https://api.boosty.to/v1/blog/gorjay: All connection attempts failed
2026-08-14 19:20:40.425 | WARNING  | rahasya.utils.http_client:_request_with_retry:60 - Attempt 1/3 failed for https://www.cda.pl/gorjay: All connection attempts failed
2026-08-14 19:20:40.427 | WARNING  | rahasya.utils.http_client:_request_with_retry:60 - Attempt 3/3 failed for https://www.bookcrossing.com/mybookshelf/gorjay: All connection attempts failed
2026-08-14 19:20:40.493 | WARNING  | rahasya.utils.http_client:_request_with_retry:60 - Attempt 1/3 failed for https://www.chamsko.pl/profil/gorjay: All connection attempts failed
2026-08-14 19:20:40.493 | WARNING  | rahasya.utils.http_client:_request_with_retry:60 - Attempt 1/3 failed for https://chaturbate.com/gorjay/: All connection attempts failed
2026-08-14 19:20:40.493 | WARNING  | rahasya.utils.http_client:_request_with_retry:60 - Attempt 3/3 failed for https://api.bitchute.com/api/beta/channel: All connection attempts failed
2026-08-14 19:20:40.557 | WARNING  | rahasya.utils.http_client:_request_with_retry:60 - Attempt 1/3 failed for https://www.castingcall.club/gorjay: All connection attempts failed
2026-08-14 19:20:40.616 | WARNING  | rahasya.utils.http_client:_request_with_retry:60 - Attempt 1/3 failed for https://community.bunpro.jp/u/gorjay.json: All connection attempts failed
2026-08-14 19:20:40.616 | WARNING  | rahasya.utils.http_client:_request_with_retry:60 - Attempt 3/3 failed for https://bugcrowd.com/profile-service/v1/profiles/gorjay: All connection attempts failed
2026-08-14 19:20:40.651 | WARNING  | rahasya.utils.http_client:_request_with_retry:60 - Attempt 1/3 failed for https://gorjay.carbonmade.com/: All connection attempts failed
2026-08-14 19:20:40.765 | WARNING  | rahasya.utils.http_client:_request_with_retry:60 - Attempt 2/3 failed for https://app.buymeacoffee.com/api/v1/check_availability: All connection attempts failed
2026-08-14 19:20:40.876 | WARNING  | rahasya.utils.http_client:_request_with_retry:60 - Attempt 1/3 failed for https://www.buzzfeed.com/gorjay: All connection attempts failed
2026-08-14 19:20:40.888 | WARNING  | rahasya.utils.http_client:_request_with_retry:60 - Attempt 1/3 failed for https://forum.cfx.re/u/gorjay.json: All connection attempts failed
2026-08-14 19:20:40.959 | WARNING  | rahasya.utils.http_client:_request_with_retry:60 - Attempt 3/3 failed for https://brickset.com/profile/gorjay: All connection attempts failed
2026-08-14 19:20:41.034 | WARNING  | rahasya.utils.http_client:_request_with_retry:60 - Attempt 2/3 failed for https://career.habr.com/gorjay: All connection attempts failed
2026-08-14 19:20:41.034 | WARNING  | rahasya.utils.http_client:_request_with_retry:60 - Attempt 2/3 failed for https://cafecito.app/gorjay: All connection attempts failed
2026-08-14 19:20:41.034 | WARNING  | rahasya.utils.http_client:_request_with_retry:60 - Attempt 2/3 failed for https://calendly.com/api/booking/profiles/gorjay: All connection attempts failed
2026-08-14 19:20:41.057 | WARNING  | rahasya.utils.http_client:_request_with_retry:60 - Attempt 1/3 failed for https://chyoa.com/user/gorjay: All connection attempts failed
2026-08-14 19:20:41.074 | WARNING  | rahasya.utils.http_client:_request_with_retry:60 - Attempt 1/3 failed for https://www.cameo.com/api/v2/users/gorjay: All connection attempts failed
2026-08-14 19:20:41.075 | WARNING  | rahasya.utils.http_client:_request_with_retry:60 - Attempt 1/3 failed for https://gorjay.chatango.com: All connection attempts failed
2026-08-14 19:20:41.075 | WARNING  | rahasya.utils.http_client:_request_with_retry:60 - Attempt 1/3 failed for https://community.chocolatey.org/profiles/gorjay: All connection attempts failed
2026-08-14 19:20:41.232 | WARNING  | rahasya.utils.http_client:_request_with_retry:60 - Attempt 1/3 failed for https://community.cloudflare.com/u/gorjay/card.json: All connection attempts failed
2026-08-14 19:20:41.376 | WARNING  | rahasya.utils.http_client:_request_with_retry:60 - Attempt 1/3 failed for https://gorjay.carrd.co: All connection attempts failed
2026-08-14 19:20:41.423 | WARNING  | rahasya.utils.http_client:_request_with_retry:60 - Attempt 2/3 failed for https://www.cda.pl/gorjay: All connection attempts failed
2026-08-14 19:20:41.440 | WARNING  | rahasya.utils.http_client:_request_with_retry:60 - Attempt 1/3 failed for https://www.cnet.com/profiles/gorjay/: All connection attempts failed
2026-08-14 19:20:41.490 | WARNING  | rahasya.utils.http_client:_request_with_retry:60 - Attempt 1/3 failed for https://choko.link/gorjay: All connection attempts failed
2026-08-14 19:20:41.490 | WARNING  | rahasya.utils.http_client:_request_with_retry:60 - Attempt 2/3 failed for https://chaturbate.com/gorjay/: All connection attempts failed
2026-08-14 19:20:41.490 | WARNING  | rahasya.utils.http_client:_request_with_retry:60 - Attempt 2/3 failed for https://www.chamsko.pl/profil/gorjay: All connection attempts failed
2026-08-14 19:20:41.559 | WARNING  | rahasya.utils.http_client:_request_with_retry:60 - Attempt 2/3 failed for https://www.castingcall.club/gorjay: All connection attempts failed
2026-08-14 19:20:41.623 | WARNING  | rahasya.utils.http_client:_request_with_retry:60 - Attempt 2/3 failed for https://community.bunpro.jp/u/gorjay.json: All connection attempts failed
2026-08-14 19:20:41.640 | WARNING  | rahasya.utils.http_client:_request_with_retry:60 - Attempt 2/3 failed for https://gorjay.carbonmade.com/: All connection attempts failed
2026-08-14 19:20:41.640 | WARNING  | rahasya.utils.http_client:_request_with_retry:60 - Attempt 1/3 failed for https://beta.cent.co/data/user/profile?userHandles=gorjay: All connection attempts failed
2026-08-14 19:20:41.707 | WARNING  | rahasya.utils.http_client:_request_with_retry:60 - Attempt 1/3 failed for https://api.chess.com/pub/player/gorjay: All connection attempts failed
2026-08-14 19:20:41.749 | WARNING  | rahasya.utils.http_client:_request_with_retry:60 - Attempt 1/3 failed for https://www.championat.com/user/gorjay/: All connection attempts failed
2026-08-14 19:20:41.807 | WARNING  | rahasya.utils.http_client:_request_with_retry:60 - Attempt 1/3 failed for https://coda.io/@gorjay/: All connection attempts failed
2026-08-14 19:20:41.807 | WARNING  | rahasya.utils.http_client:_request_with_retry:60 - Attempt 1/3 failed for https://cheezburger.com/Editor/gorjay: All connection attempts failed
2026-08-14 19:20:41.904 | WARNING  | rahasya.utils.http_client:_request_with_retry:60 - Attempt 2/3 failed for https://www.buzzfeed.com/gorjay: All connection attempts failed
2026-08-14 19:20:41.905 | WARNING  | rahasya.utils.http_client:_request_with_retry:60 - Attempt 1/3 failed for https://codeberg.org/api/v1/users/gorjay: All connection attempts failed
2026-08-14 19:20:41.905 | WARNING  | rahasya.utils.http_client:_request_with_retry:60 - Attempt 2/3 failed for https://forum.cfx.re/u/gorjay.json: All connection attempts failed
2026-08-14 19:20:41.999 | WARNING  | rahasya.utils.http_client:_request_with_retry:60 - Attempt 1/3 failed for https://www.codecademy.com/profiles/gorjay: All connection attempts failed
2026-08-14 19:20:42.068 | WARNING  | rahasya.utils.http_client:_request_with_retry:60 - Attempt 2/3 failed for https://chyoa.com/user/gorjay: All connection attempts failed
2026-08-14 19:20:42.069 | WARNING  | rahasya.utils.http_client:_request_with_retry:60 - Attempt 2/3 failed for https://www.cameo.com/api/v2/users/gorjay: All connection attempts failed
2026-08-14 19:20:42.069 | WARNING  | rahasya.utils.http_client:_request_with_retry:60 - Attempt 2/3 failed for https://community.chocolatey.org/profiles/gorjay: All connection attempts failed
2026-08-14 19:20:42.069 | WARNING  | rahasya.utils.http_client:_request_with_retry:60 - Attempt 1/3 failed for https://www.clubhouse.com/@gorjay: All connection attempts failed
2026-08-14 19:20:42.069 | WARNING  | rahasya.utils.http_client:_request_with_retry:60 - Attempt 2/3 failed for https://gorjay.chatango.com: All connection attempts failed
2026-08-14 19:20:42.175 | WARNING  | rahasya.utils.http_client:_request_with_retry:60 - Attempt 1/3 failed for https://www.codechef.com/users/gorjay: All connection attempts failed
2026-08-14 19:20:42.224 | WARNING  | rahasya.utils.http_client:_request_with_retry:60 - Attempt 2/3 failed for https://community.cloudflare.com/u/gorjay/card.json: All connection attempts failed
2026-08-14 19:20:42.224 | WARNING  | rahasya.utils.http_client:_request_with_retry:60 - Attempt 1/3 failed for https://chomikuj.pl/gorjay/: All connection attempts failed
2026-08-14 19:20:42.391 | WARNING  | rahasya.utils.http_client:_request_with_retry:60 - Attempt 2/3 failed for https://gorjay.carrd.co: All connection attempts failed
2026-08-14 19:20:42.440 | WARNING  | rahasya.utils.http_client:_request_with_retry:60 - Attempt 2/3 failed for https://www.cnet.com/profiles/gorjay/: All connection attempts failed
2026-08-14 19:20:42.500 | WARNING  | rahasya.utils.http_client:_request_with_retry:60 - Attempt 2/3 failed for https://choko.link/gorjay: All connection attempts failed
2026-08-14 19:20:42.631 | WARNING  | rahasya.utils.http_client:_request_with_retry:60 - Attempt 2/3 failed for https://beta.cent.co/data/user/profile?userHandles=gorjay: All connection attempts failed
2026-08-14 19:20:42.718 | WARNING  | rahasya.utils.http_client:_request_with_retry:60 - Attempt 2/3 failed for https://api.chess.com/pub/player/gorjay: All connection attempts failed
2026-08-14 19:20:42.757 | WARNING  | rahasya.utils.http_client:_request_with_retry:60 - Attempt 2/3 failed for https://www.championat.com/user/gorjay/: All connection attempts failed
2026-08-14 19:20:42.757 | WARNING  | rahasya.utils.http_client:_request_with_retry:60 - Attempt 3/3 failed for https://app.buymeacoffee.com/api/v1/check_availability: All connection attempts failed
2026-08-14 19:20:42.808 | WARNING  | rahasya.utils.http_client:_request_with_retry:60 - Attempt 2/3 failed for https://cheezburger.com/Editor/gorjay: All connection attempts failed
2026-08-14 19:20:42.810 | WARNING  | rahasya.utils.http_client:_request_with_retry:60 - Attempt 2/3 failed for https://coda.io/@gorjay/: All connection attempts failed
2026-08-14 19:20:42.893 | WARNING  | rahasya.utils.http_client:_request_with_retry:60 - Attempt 2/3 failed for https://codeberg.org/api/v1/users/gorjay: All connection attempts failed
2026-08-14 19:20:42.997 | WARNING  | rahasya.utils.http_client:_request_with_retry:60 - Attempt 2/3 failed for https://www.codecademy.com/profiles/gorjay: All connection attempts failed
2026-08-14 19:20:43.048 | WARNING  | rahasya.utils.http_client:_request_with_retry:60 - Attempt 3/3 failed for https://career.habr.com/gorjay: All connection attempts failed
2026-08-14 19:20:43.048 | WARNING  | rahasya.utils.http_client:_request_with_retry:60 - Attempt 2/3 failed for https://www.clubhouse.com/@gorjay: All connection attempts failed
2026-08-14 19:20:43.048 | WARNING  | rahasya.utils.http_client:_request_with_retry:60 - Attempt 3/3 failed for https://calendly.com/api/booking/profiles/gorjay: All connection attempts failed
2026-08-14 19:20:43.048 | WARNING  | rahasya.utils.http_client:_request_with_retry:60 - Attempt 3/3 failed for https://cafecito.app/gorjay: All connection attempts failed
2026-08-14 19:20:43.192 | WARNING  | rahasya.utils.http_client:_request_with_retry:60 - Attempt 2/3 failed for https://www.codechef.com/users/gorjay: All connection attempts failed
2026-08-14 19:20:43.240 | WARNING  | rahasya.utils.http_client:_request_with_retry:60 - Attempt 2/3 failed for https://chomikuj.pl/gorjay/: All connection attempts failed
2026-08-14 19:20:43.442 | WARNING  | rahasya.utils.http_client:_request_with_retry:60 - Attempt 3/3 failed for https://www.cda.pl/gorjay: All connection attempts failed
2026-08-14 19:20:43.491 | WARNING  | rahasya.utils.http_client:_request_with_retry:60 - Attempt 3/3 failed for https://chaturbate.com/gorjay/: All connection attempts failed
2026-08-14 19:20:43.491 | WARNING  | rahasya.utils.http_client:_request_with_retry:60 - Attempt 3/3 failed for https://www.chamsko.pl/profil/gorjay: All connection attempts failed
2026-08-14 19:20:43.550 | WARNING  | rahasya.utils.http_client:_request_with_retry:60 - Attempt 3/3 failed for https://www.castingcall.club/gorjay: All connection attempts failed
2026-08-14 19:20:43.623 | WARNING  | rahasya.utils.http_client:_request_with_retry:60 - Attempt 3/3 failed for https://community.bunpro.jp/u/gorjay.json: All connection attempts failed
2026-08-14 19:20:43.650 | WARNING  | rahasya.utils.http_client:_request_with_retry:60 - Attempt 3/3 failed for https://gorjay.carbonmade.com/: All connection attempts failed
2026-08-14 19:20:43.906 | WARNING  | rahasya.utils.http_client:_request_with_retry:60 - Attempt 3/3 failed for https://forum.cfx.re/u/gorjay.json: All connection attempts failed
2026-08-14 19:20:43.906 | WARNING  | rahasya.utils.http_client:_request_with_retry:60 - Attempt 3/3 failed for https://www.buzzfeed.com/gorjay: All connection attempts failed
2026-08-14 19:20:44.084 | WARNING  | rahasya.utils.http_client:_request_with_retry:60 - Attempt 3/3 failed for https://www.cameo.com/api/v2/users/gorjay: All connection attempts failed
2026-08-14 19:20:44.086 | WARNING  | rahasya.utils.http_client:_request_with_retry:60 - Attempt 3/3 failed for https://community.chocolatey.org/profiles/gorjay: All connection attempts failed
2026-08-14 19:20:44.086 | WARNING  | rahasya.utils.http_client:_request_with_retry:60 - Attempt 3/3 failed for https://gorjay.chatango.com: All connection attempts failed
2026-08-14 19:20:44.086 | WARNING  | rahasya.utils.http_client:_request_with_retry:60 - Attempt 3/3 failed for https://chyoa.com/user/gorjay: All connection attempts failed
2026-08-14 19:20:44.233 | WARNING  | rahasya.utils.http_client:_request_with_retry:60 - Attempt 3/3 failed for https://community.cloudflare.com/u/gorjay/card.json: All connection attempts failed
2026-08-14 19:20:44.409 | WARNING  | rahasya.utils.http_client:_request_with_retry:60 - Attempt 3/3 failed for https://gorjay.carrd.co: All connection attempts failed
2026-08-14 19:20:44.409 | WARNING  | rahasya.utils.http_client:_request_with_retry:60 - Attempt 1/3 failed for https://codepen.io/gorjay: All connection attempts failed
2026-08-14 19:20:44.457 | WARNING  | rahasya.utils.http_client:_request_with_retry:60 - Attempt 3/3 failed for https://www.cnet.com/profiles/gorjay/: All connection attempts failed
2026-08-14 19:20:44.492 | WARNING  | rahasya.utils.http_client:_request_with_retry:60 - Attempt 1/3 failed for https://codeforces.com/api/user.info?handles=gorjay: All connection attempts failed
2026-08-14 19:20:44.492 | WARNING  | rahasya.utils.http_client:_request_with_retry:60 - Attempt 3/3 failed for https://choko.link/gorjay: All connection attempts failed
2026-08-14 19:20:44.515 | WARNING  | rahasya.utils.http_client:_request_with_retry:60 - Attempt 1/3 failed for https://cowboys4angels.com/cowboy/gorjay/: All connection attempts failed
2026-08-14 19:20:44.548 | WARNING  | rahasya.utils.http_client:_request_with_retry:60 - Attempt 1/3 failed for https://community.adobe.com/t5/forums/searchpage/tab/user?q=gorjay: All connection attempts failed
2026-08-14 19:20:44.641 | WARNING  | rahasya.utils.http_client:_request_with_retry:60 - Attempt 3/3 failed for https://beta.cent.co/data/user/profile?userHandles=gorjay: All connection attempts failed
2026-08-14 19:20:44.681 | WARNING  | rahasya.utils.http_client:_request_with_retry:60 - Attempt 1/3 failed for https://www.codementor.io/@gorjay: All connection attempts failed
2026-08-14 19:20:44.708 | WARNING  | rahasya.utils.http_client:_request_with_retry:60 - Attempt 1/3 failed for https://coub.com/api/v2/channels/gorjay: All connection attempts failed
2026-08-14 19:20:44.708 | WARNING  | rahasya.utils.http_client:_request_with_retry:60 - Attempt 3/3 failed for https://api.chess.com/pub/player/gorjay: All connection attempts failed
2026-08-14 19:20:44.773 | WARNING  | rahasya.utils.http_client:_request_with_retry:60 - Attempt 3/3 failed for https://www.championat.com/user/gorjay/: All connection attempts failed
2026-08-14 19:20:44.781 | WARNING  | rahasya.utils.http_client:_request_with_retry:60 - Attempt 1/3 failed for https://gorjay.crevado.com/: All connection attempts failed
2026-08-14 19:20:44.814 | WARNING  | rahasya.utils.http_client:_request_with_retry:60 - Attempt 3/3 failed for https://cheezburger.com/Editor/gorjay: All connection attempts failed
2026-08-14 19:20:44.817 | WARNING  | rahasya.utils.http_client:_request_with_retry:60 - Attempt 3/3 failed for https://coda.io/@gorjay/: All connection attempts failed
2026-08-14 19:20:44.900 | WARNING  | rahasya.utils.http_client:_request_with_retry:60 - Attempt 3/3 failed for https://codeberg.org/api/v1/users/gorjay: All connection attempts failed
2026-08-14 19:20:44.975 | WARNING  | rahasya.utils.http_client:_request_with_retry:60 - Attempt 1/3 failed for https://crowdin.com/profile/gorjay: All connection attempts failed
2026-08-14 19:20:44.975 | WARNING  | rahasya.utils.http_client:_request_with_retry:60 - Attempt 3/3 failed for https://www.codecademy.com/profiles/gorjay: All connection attempts failed
2026-08-14 19:20:45.025 | WARNING  | rahasya.utils.http_client:_request_with_retry:60 - Attempt 1/3 failed for https://coderwall.com/gorjay/: All connection attempts failed
2026-08-14 19:20:45.025 | WARNING  | rahasya.utils.http_client:_request_with_retry:60 - Attempt 1/3 failed for https://www.codewars.com/api/v1/users/gorjay: All connection attempts failed
2026-08-14 19:20:45.067 | WARNING  | rahasya.utils.http_client:_request_with_retry:60 - Attempt 3/3 failed for https://www.clubhouse.com/@gorjay: All connection attempts failed
2026-08-14 19:20:45.131 | WARNING  | rahasya.utils.http_client:_request_with_retry:60 - Attempt 1/3 failed for https://codesandbox.io/api/v1/users/gorjay: All connection attempts failed
2026-08-14 19:20:45.150 | WARNING  | rahasya.utils.http_client:_request_with_retry:60 - Attempt 1/3 failed for https://darudar.org/users/gorjay/: [Errno 11001] getaddrinfo failed
2026-08-14 19:20:45.175 | WARNING  | rahasya.utils.http_client:_request_with_retry:60 - Attempt 3/3 failed for https://www.codechef.com/users/gorjay: All connection attempts failed
2026-08-14 19:20:45.199 | WARNING  | rahasya.utils.http_client:_request_with_retry:60 - Attempt 1/3 failed for https://www.coroflot.com/gorjay: All connection attempts failed
2026-08-14 19:20:45.199 | WARNING  | rahasya.utils.http_client:_request_with_retry:60 - Attempt 1/3 failed for https://www.colourlovers.com/ajax/check-username-availability: All connection attempts failed
2026-08-14 19:20:45.247 | WARNING  | rahasya.utils.http_client:_request_with_retry:60 - Attempt 3/3 failed for https://chomikuj.pl/gorjay/: All connection attempts failed
2026-08-14 19:20:45.284 | WARNING  | rahasya.utils.http_client:_request_with_retry:60 - Attempt 1/3 failed for https://json.commudle.com/api/v2/users?username=gorjay: All connection attempts failed
2026-08-14 19:20:45.427 | WARNING  | rahasya.utils.http_client:_request_with_retry:60 - Attempt 2/3 failed for https://codepen.io/gorjay: All connection attempts failed
2026-08-14 19:20:45.498 | WARNING  | rahasya.utils.http_client:_request_with_retry:60 - Attempt 2/3 failed for https://codeforces.com/api/user.info?handles=gorjay: All connection attempts failed
2026-08-14 19:20:45.522 | WARNING  | rahasya.utils.http_client:_request_with_retry:60 - Attempt 1/3 failed for https://www.dailykos.com/user/gorjay: All connection attempts failed
2026-08-14 19:20:45.522 | WARNING  | rahasya.utils.http_client:_request_with_retry:60 - Attempt 2/3 failed for https://cowboys4angels.com/cowboy/gorjay/: All connection attempts failed
2026-08-14 19:20:45.556 | WARNING  | rahasya.utils.http_client:_request_with_retry:60 - Attempt 2/3 failed for https://community.adobe.com/t5/forums/searchpage/tab/user?q=gorjay: All connection attempts failed
2026-08-14 19:20:45.600 | WARNING  | rahasya.utils.http_client:_request_with_retry:60 - Attempt 1/3 failed for https://www.datezone.com/users/gorjay/: All connection attempts failed
2026-08-14 19:20:45.600 | WARNING  | rahasya.utils.http_client:_request_with_retry:60 - Attempt 1/3 failed for https://www.cracked.com/members/gorjay: All connection attempts failed
2026-08-14 19:20:45.673 | WARNING  | rahasya.utils.http_client:_request_with_retry:60 - Attempt 1/3 failed for https://cults3d.com/en/users/gorjay/creations: All connection attempts failed
2026-08-14 19:20:45.673 | WARNING  | rahasya.utils.http_client:_request_with_retry:60 - Attempt 2/3 failed for https://www.codementor.io/@gorjay: All connection attempts failed
2026-08-14 19:20:45.707 | WARNING  | rahasya.utils.http_client:_request_with_retry:60 - Attempt 2/3 failed for https://coub.com/api/v2/channels/gorjay: All connection attempts failed
2026-08-14 19:20:45.772 | WARNING  | rahasya.utils.http_client:_request_with_retry:60 - Attempt 2/3 failed for https://gorjay.crevado.com/: All connection attempts failed
2026-08-14 19:20:45.830 | WARNING  | rahasya.utils.http_client:_request_with_retry:60 - Attempt 1/3 failed for https://www.destructoid.com/?name=gorjay: All connection attempts failed
2026-08-14 19:20:45.830 | WARNING  | rahasya.utils.http_client:_request_with_retry:60 - Attempt 1/3 failed for https://dating.ru/gorjay/: All connection attempts failed
2026-08-14 19:20:45.864 | WARNING  | rahasya.utils.http_client:_request_with_retry:60 - Attempt 1/3 failed for https://api.cropty.io/v1/auth/gorjay: All connection attempts failed
2026-08-14 19:20:45.914 | WARNING  | rahasya.utils.http_client:_request_with_retry:60 - Attempt 1/3 failed for https://cytoid.io/profile/gorjay: All connection attempts failed
2026-08-14 19:20:45.990 | WARNING  | rahasya.utils.http_client:_request_with_retry:60 - Attempt 2/3 failed for https://crowdin.com/profile/gorjay: All connection attempts failed
2026-08-14 19:20:46.039 | WARNING  | rahasya.utils.http_client:_request_with_retry:60 - Attempt 1/3 failed for https://www.dateinasia.com/gorjay: All connection attempts failed
2026-08-14 19:20:46.040 | WARNING  | rahasya.utils.http_client:_request_with_retry:60 - Attempt 2/3 failed for https://coderwall.com/gorjay/: All connection attempts failed
2026-08-14 19:20:46.040 | WARNING  | rahasya.utils.http_client:_request_with_retry:60 - Attempt 1/3 failed for https://api.destream.net/siteapi/v2/live/details/gorjay: All connection attempts failed
2026-08-14 19:20:46.040 | WARNING  | rahasya.utils.http_client:_request_with_retry:60 - Attempt 2/3 failed for https://www.codewars.com/api/v1/users/gorjay: All connection attempts failed
2026-08-14 19:20:46.139 | WARNING  | rahasya.utils.http_client:_request_with_retry:60 - Attempt 2/3 failed for https://codesandbox.io/api/v1/users/gorjay: All connection attempts failed
2026-08-14 19:20:46.172 | WARNING  | rahasya.utils.http_client:_request_with_retry:60 - Attempt 2/3 failed for https://darudar.org/users/gorjay/: [Errno 11001] getaddrinfo failed
2026-08-14 19:20:46.209 | WARNING  | rahasya.utils.http_client:_request_with_retry:60 - Attempt 1/3 failed for https://www.depop.com/gorjay/: All connection attempts failed
2026-08-14 19:20:46.209 | WARNING  | rahasya.utils.http_client:_request_with_retry:60 - Attempt 2/3 failed for https://www.coroflot.com/gorjay: All connection attempts failed
2026-08-14 19:20:46.209 | WARNING  | rahasya.utils.http_client:_request_with_retry:60 - Attempt 2/3 failed for https://www.colourlovers.com/ajax/check-username-availability: All connection attempts failed
2026-08-14 19:20:46.282 | WARNING  | rahasya.utils.http_client:_request_with_retry:60 - Attempt 1/3 failed for https://www.designspiration.com/gorjay/: All connection attempts failed
2026-08-14 19:20:46.282 | WARNING  | rahasya.utils.http_client:_request_with_retry:60 - Attempt 2/3 failed for https://json.commudle.com/api/v2/users?username=gorjay: All connection attempts failed
2026-08-14 19:20:46.522 | WARNING  | rahasya.utils.http_client:_request_with_retry:60 - Attempt 2/3 failed for https://www.dailykos.com/user/gorjay: All connection attempts failed
2026-08-14 19:20:46.565 | WARNING  | rahasya.utils.http_client:_request_with_retry:60 - Attempt 1/3 failed for https://www.deviantart.com/gorjay: All connection attempts failed
2026-08-14 19:20:46.605 | WARNING  | rahasya.utils.http_client:_request_with_retry:60 - Attempt 2/3 failed for https://www.datezone.com/users/gorjay/: All connection attempts failed
2026-08-14 19:20:46.609 | WARNING  | rahasya.utils.http_client:_request_with_retry:60 - Attempt 2/3 failed for https://www.cracked.com/members/gorjay: All connection attempts failed
2026-08-14 19:20:46.609 | WARNING  | rahasya.utils.http_client:_request_with_retry:60 - Attempt 1/3 failed for https://dev.to/api/users/by_username?url=gorjay: All connection attempts failed
2026-08-14 19:20:46.684 | WARNING  | rahasya.utils.http_client:_request_with_retry:60 - Attempt 2/3 failed for https://cults3d.com/en/users/gorjay/creations: All connection attempts failed
2026-08-14 19:20:46.716 | WARNING  | rahasya.utils.http_client:_request_with_retry:60 - Attempt 1/3 failed for https://demotywatory.pl/user/gorjay: All connection attempts failed
2026-08-14 19:20:46.847 | WARNING  | rahasya.utils.http_client:_request_with_retry:60 - Attempt 2/3 failed for https://api.cropty.io/v1/auth/gorjay: All connection attempts failed
2026-08-14 19:20:46.847 | WARNING  | rahasya.utils.http_client:_request_with_retry:60 - Attempt 2/3 failed for https://dating.ru/gorjay/: All connection attempts failed
2026-08-14 19:20:46.847 | WARNING  | rahasya.utils.http_client:_request_with_retry:60 - Attempt 2/3 failed for https://www.destructoid.com/?name=gorjay: All connection attempts failed
2026-08-14 19:20:46.923 | WARNING  | rahasya.utils.http_client:_request_with_retry:60 - Attempt 2/3 failed for https://cytoid.io/profile/gorjay: All connection attempts failed
2026-08-14 19:20:47.049 | WARNING  | rahasya.utils.http_client:_request_with_retry:60 - Attempt 2/3 failed for https://api.destream.net/siteapi/v2/live/details/gorjay: All connection attempts failed
2026-08-14 19:20:47.050 | WARNING  | rahasya.utils.http_client:_request_with_retry:60 - Attempt 2/3 failed for https://www.dateinasia.com/gorjay: All connection attempts failed
2026-08-14 19:20:47.216 | WARNING  | rahasya.utils.http_client:_request_with_retry:60 - Attempt 2/3 failed for https://www.depop.com/gorjay/: All connection attempts failed
2026-08-14 19:20:47.297 | WARNING  | rahasya.utils.http_client:_request_with_retry:60 - Attempt 2/3 failed for https://www.designspiration.com/gorjay/: All connection attempts failed
2026-08-14 19:20:47.441 | WARNING  | rahasya.utils.http_client:_request_with_retry:60 - Attempt 3/3 failed for https://codepen.io/gorjay: All connection attempts failed
2026-08-14 19:20:47.489 | WARNING  | rahasya.utils.http_client:_request_with_retry:60 - Attempt 3/3 failed for https://codeforces.com/api/user.info?handles=gorjay: All connection attempts failed
2026-08-14 19:20:47.522 | WARNING  | rahasya.utils.http_client:_request_with_retry:60 - Attempt 3/3 failed for https://cowboys4angels.com/cowboy/gorjay/: All connection attempts failed
2026-08-14 19:20:47.582 | WARNING  | rahasya.utils.http_client:_request_with_retry:60 - Attempt 2/3 failed for https://www.deviantart.com/gorjay: All connection attempts failed
2026-08-14 19:20:47.582 | WARNING  | rahasya.utils.http_client:_request_with_retry:60 - Attempt 3/3 failed for https://community.adobe.com/t5/forums/searchpage/tab/user?q=gorjay: All connection attempts failed
2026-08-14 19:20:47.608 | WARNING  | rahasya.utils.http_client:_request_with_retry:60 - Attempt 2/3 failed for https://dev.to/api/users/by_username?url=gorjay: All connection attempts failed
2026-08-14 19:20:47.699 | WARNING  | rahasya.utils.http_client:_request_with_retry:60 - Attempt 3/3 failed for https://www.codementor.io/@gorjay: All connection attempts failed
2026-08-14 19:20:47.722 | WARNING  | rahasya.utils.http_client:_request_with_retry:60 - Attempt 3/3 failed for https://coub.com/api/v2/channels/gorjay: All connection attempts failed
2026-08-14 19:20:47.722 | WARNING  | rahasya.utils.http_client:_request_with_retry:60 - Attempt 2/3 failed for https://demotywatory.pl/user/gorjay: All connection attempts failed
2026-08-14 19:20:47.780 | WARNING  | rahasya.utils.http_client:_request_with_retry:60 - Attempt 3/3 failed for https://gorjay.crevado.com/: All connection attempts failed
2026-08-14 19:20:48.016 | WARNING  | rahasya.utils.http_client:_request_with_retry:60 - Attempt 3/3 failed for https://crowdin.com/profile/gorjay: All connection attempts failed
2026-08-14 19:20:48.055 | WARNING  | rahasya.utils.http_client:_request_with_retry:60 - Attempt 3/3 failed for https://coderwall.com/gorjay/: All connection attempts failed
2026-08-14 19:20:48.055 | WARNING  | rahasya.utils.http_client:_request_with_retry:60 - Attempt 3/3 failed for https://www.codewars.com/api/v1/users/gorjay: All connection attempts failed
2026-08-14 19:20:48.130 | WARNING  | rahasya.utils.http_client:_request_with_retry:60 - Attempt 3/3 failed for https://codesandbox.io/api/v1/users/gorjay: All connection attempts failed
2026-08-14 19:20:48.180 | WARNING  | rahasya.utils.http_client:_request_with_retry:60 - Attempt 3/3 failed for https://darudar.org/users/gorjay/: [Errno 11001] getaddrinfo failed
2026-08-14 19:20:48.217 | WARNING  | rahasya.utils.http_client:_request_with_retry:60 - Attempt 3/3 failed for https://www.coroflot.com/gorjay: All connection attempts failed
2026-08-14 19:20:48.217 | WARNING  | rahasya.utils.http_client:_request_with_retry:60 - Attempt 3/3 failed for https://www.colourlovers.com/ajax/check-username-availability: All connection attempts failed
2026-08-14 19:20:48.299 | WARNING  | rahasya.utils.http_client:_request_with_retry:60 - Attempt 3/3 failed for https://json.commudle.com/api/v2/users?username=gorjay: All connection attempts failed
2026-08-14 19:20:48.532 | WARNING  | rahasya.utils.http_client:_request_with_retry:60 - Attempt 3/3 failed for https://www.dailykos.com/user/gorjay: All connection attempts failed
2026-08-14 19:20:48.596 | WARNING  | rahasya.utils.http_client:_request_with_retry:60 - Attempt 3/3 failed for https://www.datezone.com/users/gorjay/: All connection attempts failed
2026-08-14 19:20:48.596 | WARNING  | rahasya.utils.http_client:_request_with_retry:60 - Attempt 3/3 failed for https://www.cracked.com/members/gorjay: All connection attempts failed
2026-08-14 19:20:48.682 | WARNING  | rahasya.utils.http_client:_request_with_retry:60 - Attempt 3/3 failed for https://cults3d.com/en/users/gorjay/creations: All connection attempts failed
2026-08-14 19:20:48.684 | WARNING  | rahasya.utils.http_client:_request_with_retry:60 - Attempt 1/3 failed for https://discord.com/api/v9/unique-username/username-attempt-unauthed: All connection attempts failed
2026-08-14 19:20:48.832 | WARNING  | rahasya.utils.http_client:_request_with_retry:60 - Attempt 1/3 failed for https://forums.digitalspy.com/profile/discussions/gorjay: All connection attempts failed
2026-08-14 19:20:48.857 | WARNING  | rahasya.utils.http_client:_request_with_retry:60 - Attempt 3/3 failed for https://dating.ru/gorjay/: All connection attempts failed
2026-08-14 19:20:48.857 | WARNING  | rahasya.utils.http_client:_request_with_retry:60 - Attempt 3/3 failed for https://api.cropty.io/v1/auth/gorjay: All connection attempts failed
2026-08-14 19:20:48.857 | WARNING  | rahasya.utils.http_client:_request_with_retry:60 - Attempt 3/3 failed for https://www.destructoid.com/?name=gorjay: All connection attempts failed
2026-08-14 19:20:48.940 | WARNING  | rahasya.utils.http_client:_request_with_retry:60 - Attempt 1/3 failed for https://www.dibiz.com/gorjay: All connection attempts failed
2026-08-14 19:20:48.940 | WARNING  | rahasya.utils.http_client:_request_with_retry:60 - Attempt 3/3 failed for https://cytoid.io/profile/gorjay: All connection attempts failed
2026-08-14 19:20:49.078 | WARNING  | rahasya.utils.http_client:_request_with_retry:60 - Attempt 3/3 failed for https://www.dateinasia.com/gorjay: All connection attempts failed
2026-08-14 19:20:49.078 | WARNING  | rahasya.utils.http_client:_request_with_retry:60 - Attempt 3/3 failed for https://api.destream.net/siteapi/v2/live/details/gorjay: All connection attempts failed
2026-08-14 19:20:49.165 | WARNING  | rahasya.utils.http_client:_request_with_retry:60 - Attempt 1/3 failed for https://www.dfgames.com.br/user/gorjay: All connection attempts failed
2026-08-14 19:20:49.213 | WARNING  | rahasya.utils.http_client:_request_with_retry:60 - Attempt 3/3 failed for https://www.depop.com/gorjay/: All connection attempts failed
2026-08-14 19:20:49.246 | WARNING  | rahasya.utils.http_client:_request_with_retry:60 - Attempt 1/3 failed for https://devrant.com/api/get-user-id?app=3&username=gorjay: All connection attempts failed
2026-08-14 19:20:49.288 | WARNING  | rahasya.utils.http_client:_request_with_retry:60 - Attempt 3/3 failed for https://www.designspiration.com/gorjay/: All connection attempts failed
2026-08-14 19:20:49.322 | WARNING  | rahasya.utils.http_client:_request_with_retry:60 - Attempt 1/3 failed for https://hub.docker.com/v2/users/gorjay/: All connection attempts failed
2026-08-14 19:20:49.390 | WARNING  | rahasya.utils.http_client:_request_with_retry:60 - Attempt 1/3 failed for https://www.diigo.com/interact_api/load_profile_info?name=gorjay: All connection attempts failed
2026-08-14 19:20:49.390 | WARNING  | rahasya.utils.http_client:_request_with_retry:60 - Attempt 1/3 failed for https://hub.docker.com/v2/orgs/gorjay/: All connection attempts failed
2026-08-14 19:20:49.440 | WARNING  | rahasya.utils.http_client:_request_with_retry:60 - Attempt 1/3 failed for https://meta.discourse.org/u/gorjay/summary.json: All connection attempts failed
2026-08-14 19:20:49.578 | WARNING  | rahasya.utils.http_client:_request_with_retry:60 - Attempt 1/3 failed for https://diablo2.io/member/gorjay/: All connection attempts failed
2026-08-14 19:20:49.611 | WARNING  | rahasya.utils.http_client:_request_with_retry:60 - Attempt 1/3 failed for https://dota2.ru/forum/search/?type=user&keywords=gorjay&sort_by=username: All connection attempts failed
2026-08-14 19:20:49.611 | WARNING  | rahasya.utils.http_client:_request_with_retry:60 - Attempt 3/3 failed for https://www.deviantart.com/gorjay: All connection attempts failed
2026-08-14 19:20:49.612 | WARNING  | rahasya.utils.http_client:_request_with_retry:60 - Attempt 3/3 failed for https://dev.to/api/users/by_username?url=gorjay: All connection attempts failed
2026-08-14 19:20:49.641 | WARNING  | rahasya.utils.http_client:_request_with_retry:60 - Attempt 1/3 failed for https://api.discogs.com/users/gorjay: All connection attempts failed
2026-08-14 19:20:49.658 | WARNING  | rahasya.utils.http_client:_request_with_retry:60 - Attempt 1/3 failed for https://disqus.com/api/3.0/users/details?user=username:gorjay&api_key=E8Uh5l5fHZ6gD8U3KycjAIAk46f68Zw7C6eW8WSjZvCLXebZ7p0r1yrYDrLilk2F: All connection attempts failed
2026-08-14 19:20:49.681 | WARNING  | rahasya.utils.http_client:_request_with_retry:60 - Attempt 2/3 failed for https://discord.com/api/v9/unique-username/username-attempt-unauthed: All connection attempts failed
2026-08-14 19:20:49.741 | WARNING  | rahasya.utils.http_client:_request_with_retry:60 - Attempt 3/3 failed for https://demotywatory.pl/user/gorjay: All connection attempts failed
2026-08-14 19:20:49.741 | WARNING  | rahasya.utils.http_client:_request_with_retry:60 - Attempt 1/3 failed for https://discord.com/api/v9/invites/gorjay?with_counts=true&with_expiration=true: All connection attempts failed
2026-08-14 19:20:49.788 | WARNING  | rahasya.utils.http_client:_request_with_retry:60 - Attempt 1/3 failed for https://donate.stream/api/v1/streamer.get?path=gorjay&app=9f4e793cec820015d511dbc77b20c5c1: All connection attempts failed
2026-08-14 19:20:49.788 | WARNING  | rahasya.utils.http_client:_request_with_retry:60 - Attempt 1/3 failed for https://www.dotafire.com/ajax/searchSite?text=gorjay&search=members: All connection attempts failed
2026-08-14 19:20:49.841 | WARNING  | rahasya.utils.http_client:_request_with_retry:60 - Attempt 2/3 failed for https://forums.digitalspy.com/profile/discussions/gorjay: All connection attempts failed
2026-08-14 19:20:49.911 | WARNING  | rahasya.utils.http_client:_request_with_retry:60 - Attempt 1/3 failed for https://dribbble.com/gorjay: All connection attempts failed
2026-08-14 19:20:49.951 | WARNING  | rahasya.utils.http_client:_request_with_retry:60 - Attempt 2/3 failed for https://www.dibiz.com/gorjay: All connection attempts failed
2026-08-14 19:20:50.083 | WARNING  | rahasya.utils.http_client:_request_with_retry:60 - Attempt 1/3 failed for https://dojoverse.com/members/gorjay/: All connection attempts failed
2026-08-14 19:20:50.130 | WARNING  | rahasya.utils.http_client:_request_with_retry:60 - Attempt 1/3 failed for https://donatello.to/gorjay: All connection attempts failed
2026-08-14 19:20:50.171 | WARNING  | rahasya.utils.http_client:_request_with_retry:60 - Attempt 1/3 failed for https://discuss.elastic.co/u/gorjay: All connection attempts failed
2026-08-14 19:20:50.171 | WARNING  | rahasya.utils.http_client:_request_with_retry:60 - Attempt 2/3 failed for https://www.dfgames.com.br/user/gorjay: All connection attempts failed
2026-08-14 19:20:50.205 | WARNING  | rahasya.utils.http_client:_request_with_retry:60 - Attempt 1/3 failed for https://dissenter.com/user/gorjay: All connection attempts failed
2026-08-14 19:20:50.230 | WARNING  | rahasya.utils.http_client:_request_with_retry:60 - Attempt 2/3 failed for https://devrant.com/api/get-user-id?app=3&username=gorjay: All connection attempts failed
2026-08-14 19:20:50.281 | WARNING  | rahasya.utils.http_client:_request_with_retry:60 - Attempt 1/3 failed for https://gorjay.donatik.io/en: All connection attempts failed
2026-08-14 19:20:50.329 | WARNING  | rahasya.utils.http_client:_request_with_retry:60 - Attempt 2/3 failed for https://hub.docker.com/v2/users/gorjay/: All connection attempts failed
2026-08-14 19:20:50.382 | WARNING  | rahasya.utils.http_client:_request_with_retry:60 - Attempt 1/3 failed for https://www.donationalerts.com/api/v1/user/gorjay/donationpagesettings: All connection attempts failed
2026-08-14 19:20:50.382 | WARNING  | rahasya.utils.http_client:_request_with_retry:60 - Attempt 2/3 failed for https://www.diigo.com/interact_api/load_profile_info?name=gorjay: All connection attempts failed
2026-08-14 19:20:50.382 | WARNING  | rahasya.utils.http_client:_request_with_retry:60 - Attempt 2/3 failed for https://hub.docker.com/v2/orgs/gorjay/: All connection attempts failed
2026-08-14 19:20:50.448 | WARNING  | rahasya.utils.http_client:_request_with_retry:60 - Attempt 2/3 failed for https://meta.discourse.org/u/gorjay/summary.json: All connection attempts failed
2026-08-14 19:20:50.556 | WARNING  | rahasya.utils.http_client:_request_with_retry:60 - Attempt 1/3 failed for https://api.donatty.com/users/find/gorjay: All connection attempts failed
2026-08-14 19:20:50.556 | WARNING  | rahasya.utils.http_client:_request_with_retry:60 - Attempt 2/3 failed for https://diablo2.io/member/gorjay/: All connection attempts failed
2026-08-14 19:20:50.598 | WARNING  | rahasya.utils.http_client:_request_with_retry:60 - Attempt 1/3 failed for https://easyen.ru/index/8-0-gorjay: All connection attempts failed
2026-08-14 19:20:50.599 | WARNING  | rahasya.utils.http_client:_request_with_retry:60 - Attempt 2/3 failed for https://dota2.ru/forum/search/?type=user&keywords=gorjay&sort_by=username: All connection attempts failed
2026-08-14 19:20:50.601 | WARNING  | rahasya.utils.http_client:_request_with_retry:60 - Attempt 1/3 failed for https://www.duolingo.com/2017-06-30/users?username=gorjay&_=1628308619574: All connection attempts failed
2026-08-14 19:20:50.657 | WARNING  | rahasya.utils.http_client:_request_with_retry:60 - Attempt 2/3 failed for https://api.discogs.com/users/gorjay: All connection attempts failed
2026-08-14 19:20:50.679 | WARNING  | rahasya.utils.http_client:_request_with_retry:60 - Attempt 2/3 failed for https://disqus.com/api/3.0/users/details?user=username:gorjay&api_key=E8Uh5l5fHZ6gD8U3KycjAIAk46f68Zw7C6eW8WSjZvCLXebZ7p0r1yrYDrLilk2F: All connection attempts failed
2026-08-14 19:20:50.740 | WARNING  | rahasya.utils.http_client:_request_with_retry:60 - Attempt 1/3 failed for https://dot.cards/gorjay: All connection attempts failed
2026-08-14 19:20:50.740 | WARNING  | rahasya.utils.http_client:_request_with_retry:60 - Attempt 2/3 failed for https://discord.com/api/v9/invites/gorjay?with_counts=true&with_expiration=true: All connection attempts failed
2026-08-14 19:20:50.788 | WARNING  | rahasya.utils.http_client:_request_with_retry:60 - Attempt 2/3 failed for https://donate.stream/api/v1/streamer.get?path=gorjay&app=9f4e793cec820015d511dbc77b20c5c1: All connection attempts failed
2026-08-14 19:20:50.788 | WARNING  | rahasya.utils.http_client:_request_with_retry:60 - Attempt 2/3 failed for https://www.dotafire.com/ajax/searchSite?text=gorjay&search=members: All connection attempts failed
2026-08-14 19:20:50.854 | WARNING  | rahasya.utils.http_client:_request_with_retry:60 - Attempt 1/3 failed for https://dou.ua/users/gorjay/: All connection attempts failed
2026-08-14 19:20:50.923 | WARNING  | rahasya.utils.http_client:_request_with_retry:60 - Attempt 2/3 failed for https://dribbble.com/gorjay: All connection attempts failed
2026-08-14 19:20:50.930 | WARNING  | rahasya.utils.http_client:_request_with_retry:60 - Attempt 1/3 failed for https://www.drive2.ru/users/gorjay/: All connection attempts failed
2026-08-14 19:20:51.096 | WARNING  | rahasya.utils.http_client:_request_with_retry:60 - Attempt 2/3 failed for https://dojoverse.com/members/gorjay/: All connection attempts failed
2026-08-14 19:20:51.140 | WARNING  | rahasya.utils.http_client:_request_with_retry:60 - Attempt 2/3 failed for https://donatello.to/gorjay: All connection attempts failed
2026-08-14 19:20:51.179 | WARNING  | rahasya.utils.http_client:_request_with_retry:60 - Attempt 2/3 failed for https://discuss.elastic.co/u/gorjay: All connection attempts failed
2026-08-14 19:20:51.179 | WARNING  | rahasya.utils.http_client:_request_with_retry:60 - Attempt 1/3 failed for https://droners.io/accounts/gorjay/: All connection attempts failed
2026-08-14 19:20:51.213 | WARNING  | rahasya.utils.http_client:_request_with_retry:60 - Attempt 2/3 failed for https://dissenter.com/user/gorjay: All connection attempts failed
2026-08-14 19:20:51.287 | WARNING  | rahasya.utils.http_client:_request_with_retry:60 - Attempt 2/3 failed for https://gorjay.donatik.io/en: All connection attempts failed
2026-08-14 19:20:51.387 | WARNING  | rahasya.utils.http_client:_request_with_retry:60 - Attempt 2/3 failed for https://www.donationalerts.com/api/v1/user/gorjay/donationpagesettings: All connection attempts failed
2026-08-14 19:20:51.554 | WARNING  | rahasya.utils.http_client:_request_with_retry:60 - Attempt 2/3 failed for https://api.donatty.com/users/find/gorjay: All connection attempts failed
2026-08-14 19:20:51.615 | WARNING  | rahasya.utils.http_client:_request_with_retry:60 - Attempt 2/3 failed for https://www.duolingo.com/2017-06-30/users?username=gorjay&_=1628308619574: All connection attempts failed
2026-08-14 19:20:51.615 | WARNING  | rahasya.utils.http_client:_request_with_retry:60 - Attempt 2/3 failed for https://easyen.ru/index/8-0-gorjay: All connection attempts failed
2026-08-14 19:20:51.681 | WARNING  | rahasya.utils.http_client:_request_with_retry:60 - Attempt 3/3 failed for https://discord.com/api/v9/unique-username/username-attempt-unauthed: All connection attempts failed
2026-08-14 19:20:51.746 | WARNING  | rahasya.utils.http_client:_request_with_retry:60 - Attempt 2/3 failed for https://dot.cards/gorjay: All connection attempts failed
2026-08-14 19:20:51.837 | WARNING  | rahasya.utils.http_client:_request_with_retry:60 - Attempt 3/3 failed for https://forums.digitalspy.com/profile/discussions/gorjay: All connection attempts failed
2026-08-14 19:20:51.865 | WARNING  | rahasya.utils.http_client:_request_with_retry:60 - Attempt 2/3 failed for https://dou.ua/users/gorjay/: All connection attempts failed
2026-08-14 19:20:51.931 | WARNING  | rahasya.utils.http_client:_request_with_retry:60 - Attempt 2/3 failed for https://www.drive2.ru/users/gorjay/: All connection attempts failed
2026-08-14 19:20:51.931 | WARNING  | rahasya.utils.http_client:_request_with_retry:60 - Attempt 3/3 failed for https://www.dibiz.com/gorjay: All connection attempts failed
2026-08-14 19:20:52.173 | WARNING  | rahasya.utils.http_client:_request_with_retry:60 - Attempt 3/3 failed for https://www.dfgames.com.br/user/gorjay: All connection attempts failed
2026-08-14 19:20:52.173 | WARNING  | rahasya.utils.http_client:_request_with_retry:60 - Attempt 2/3 failed for https://droners.io/accounts/gorjay/: All connection attempts failed
2026-08-14 19:20:52.222 | WARNING  | rahasya.utils.http_client:_request_with_retry:60 - Attempt 3/3 failed for https://devrant.com/api/get-user-id?app=3&username=gorjay: All connection attempts failed
2026-08-14 19:20:52.279 | WARNING  | rahasya.utils.http_client:_request_with_retry:60 - Attempt 1/3 failed for https://www.ebay.com/usr/gorjay: All connection attempts failed
2026-08-14 19:20:52.348 | WARNING  | rahasya.utils.http_client:_request_with_retry:60 - Attempt 3/3 failed for https://hub.docker.com/v2/users/gorjay/: All connection attempts failed
2026-08-14 19:20:52.388 | WARNING  | rahasya.utils.http_client:_request_with_retry:60 - Attempt 3/3 failed for https://www.diigo.com/interact_api/load_profile_info?name=gorjay: All connection attempts failed
2026-08-14 19:20:52.388 | WARNING  | rahasya.utils.http_client:_request_with_retry:60 - Attempt 3/3 failed for https://hub.docker.com/v2/orgs/gorjay/: All connection attempts failed
2026-08-14 19:20:52.454 | WARNING  | rahasya.utils.http_client:_request_with_retry:60 - Attempt 3/3 failed for https://meta.discourse.org/u/gorjay/summary.json: All connection attempts failed
2026-08-14 19:20:52.565 | WARNING  | rahasya.utils.http_client:_request_with_retry:60 - Attempt 3/3 failed for https://diablo2.io/member/gorjay/: All connection attempts failed
2026-08-14 19:20:52.612 | WARNING  | rahasya.utils.http_client:_request_with_retry:60 - Attempt 3/3 failed for https://dota2.ru/forum/search/?type=user&keywords=gorjay&sort_by=username: All connection attempts failed
2026-08-14 19:20:52.645 | WARNING  | rahasya.utils.http_client:_request_with_retry:60 - Attempt 3/3 failed for https://api.discogs.com/users/gorjay: All connection attempts failed
2026-08-14 19:20:52.698 | WARNING  | rahasya.utils.http_client:_request_with_retry:60 - Attempt 3/3 failed for https://disqus.com/api/3.0/users/details?user=username:gorjay&api_key=E8Uh5l5fHZ6gD8U3KycjAIAk46f68Zw7C6eW8WSjZvCLXebZ7p0r1yrYDrLilk2F: All connection attempts failed
2026-08-14 19:20:52.728 | WARNING  | rahasya.utils.http_client:_request_with_retry:60 - Attempt 3/3 failed for https://discord.com/api/v9/invites/gorjay?with_counts=true&with_expiration=true: All connection attempts failed
2026-08-14 19:20:52.787 | WARNING  | rahasya.utils.http_client:_request_with_retry:60 - Attempt 3/3 failed for https://donate.stream/api/v1/streamer.get?path=gorjay&app=9f4e793cec820015d511dbc77b20c5c1: All connection attempts failed
2026-08-14 19:20:52.787 | WARNING  | rahasya.utils.http_client:_request_with_retry:60 - Attempt 3/3 failed for https://www.dotafire.com/ajax/searchSite?text=gorjay&search=members: All connection attempts failed
2026-08-14 19:20:52.931 | WARNING  | rahasya.utils.http_client:_request_with_retry:60 - Attempt 3/3 failed for https://dribbble.com/gorjay: All connection attempts failed
2026-08-14 19:20:53.114 | WARNING  | rahasya.utils.http_client:_request_with_retry:60 - Attempt 3/3 failed for https://dojoverse.com/members/gorjay/: All connection attempts failed
2026-08-14 19:20:53.138 | WARNING  | rahasya.utils.http_client:_request_with_retry:60 - Attempt 3/3 failed for https://donatello.to/gorjay: All connection attempts failed
2026-08-14 19:20:53.188 | WARNING  | rahasya.utils.http_client:_request_with_retry:60 - Attempt 3/3 failed for https://discuss.elastic.co/u/gorjay: All connection attempts failed
2026-08-14 19:20:53.220 | WARNING  | rahasya.utils.http_client:_request_with_retry:60 - Attempt 3/3 failed for https://dissenter.com/user/gorjay: All connection attempts failed
2026-08-14 19:20:53.254 | WARNING  | rahasya.utils.http_client:_request_with_retry:60 - Attempt 1/3 failed for https://www.etoro.com/api/logininfo/v1.1/users/gorjay: All connection attempts failed
2026-08-14 19:20:53.270 | WARNING  | rahasya.utils.http_client:_request_with_retry:60 - Attempt 2/3 failed for https://www.ebay.com/usr/gorjay: All connection attempts failed
2026-08-14 19:20:53.287 | WARNING  | rahasya.utils.http_client:_request_with_retry:60 - Attempt 3/3 failed for https://gorjay.donatik.io/en: All connection attempts failed
2026-08-14 19:20:53.287 | WARNING  | rahasya.utils.http_client:_request_with_retry:60 - Attempt 1/3 failed for https://www.facebook.com/gorjay/: All connection attempts failed
2026-08-14 19:20:53.356 | WARNING  | rahasya.utils.http_client:_request_with_retry:60 - Attempt 1/3 failed for https://www.engadget.com/about/editors/gorjay/: All connection attempts failed
2026-08-14 19:20:53.387 | WARNING  | rahasya.utils.http_client:_request_with_retry:60 - Attempt 1/3 failed for https://community.evocms.ru/users/?search=gorjay: All connection attempts failed
2026-08-14 19:20:53.387 | WARNING  | rahasya.utils.http_client:_request_with_retry:60 - Attempt 3/3 failed for https://www.donationalerts.com/api/v1/user/gorjay/donationpagesettings: All connection attempts failed
2026-08-14 19:20:53.487 | WARNING  | rahasya.utils.http_client:_request_with_retry:60 - Attempt 1/3 failed for https://be.electrobel.org/register.ajax: All connection attempts failed
2026-08-14 19:20:53.562 | WARNING  | rahasya.utils.http_client:_request_with_retry:60 - Attempt 3/3 failed for https://api.donatty.com/users/find/gorjay: All connection attempts failed
2026-08-14 19:20:53.604 | WARNING  | rahasya.utils.http_client:_request_with_retry:60 - Attempt 3/3 failed for https://easyen.ru/index/8-0-gorjay: All connection attempts failed
2026-08-14 19:20:53.604 | WARNING  | rahasya.utils.http_client:_request_with_retry:60 - Attempt 1/3 failed for https://www.eyeem.com/u/gorjay: All connection attempts failed
2026-08-14 19:20:53.604 | WARNING  | rahasya.utils.http_client:_request_with_retry:60 - Attempt 3/3 failed for https://www.duolingo.com/2017-06-30/users?username=gorjay&_=1628308619574: All connection attempts failed
2026-08-14 19:20:53.741 | WARNING  | rahasya.utils.http_client:_request_with_retry:60 - Attempt 3/3 failed for https://dot.cards/gorjay: All connection attempts failed
2026-08-14 19:20:53.741 | WARNING  | rahasya.utils.http_client:_request_with_retry:60 - Attempt 1/3 failed for https://www.ebay.com/str/gorjay: All connection attempts failed
2026-08-14 19:20:53.829 | WARNING  | rahasya.utils.http_client:_request_with_retry:60 - Attempt 1/3 failed for https://www.etsy.com/people/gorjay: All connection attempts failed
2026-08-14 19:20:53.862 | WARNING  | rahasya.utils.http_client:_request_with_retry:60 - Attempt 3/3 failed for https://dou.ua/users/gorjay/: All connection attempts failed
2026-08-14 19:20:53.937 | WARNING  | rahasya.utils.http_client:_request_with_retry:60 - Attempt 3/3 failed for https://www.drive2.ru/users/gorjay/: All connection attempts failed
2026-08-14 19:20:54.066 | WARNING  | rahasya.utils.http_client:_request_with_retry:60 - Attempt 1/3 failed for https://www.fabswingers.com/profile/gorjay: All connection attempts failed
2026-08-14 19:20:54.066 | WARNING  | rahasya.utils.http_client:_request_with_retry:60 - Attempt 1/3 failed for https://fanslist.com/search?q=gorjay: All connection attempts failed
2026-08-14 19:20:54.066 | WARNING  | rahasya.utils.http_client:_request_with_retry:60 - Attempt 1/3 failed for https://faktopedia.pl/user/gorjay: All connection attempts failed
2026-08-14 19:20:54.104 | WARNING  | rahasya.utils.http_client:_request_with_retry:60 - Attempt 1/3 failed for https://fancentro.com/api/profile.get?profileAlias=gorjay&limit=1: All connection attempts failed
2026-08-14 19:20:54.178 | WARNING  | rahasya.utils.http_client:_request_with_retry:60 - Attempt 1/3 failed for https://www.fandom.com/u/gorjay: All connection attempts failed
2026-08-14 19:20:54.178 | WARNING  | rahasya.utils.http_client:_request_with_retry:60 - Attempt 3/3 failed for https://droners.io/accounts/gorjay/: All connection attempts failed
2026-08-14 19:20:54.220 | WARNING  | rahasya.utils.http_client:_request_with_retry:60 - Attempt 1/3 failed for https://www.eporner.com/xhr/check/: All connection attempts failed
2026-08-14 19:20:54.255 | WARNING  | rahasya.utils.http_client:_request_with_retry:60 - Attempt 2/3 failed for https://www.etoro.com/api/logininfo/v1.1/users/gorjay: All connection attempts failed
2026-08-14 19:20:54.295 | WARNING  | rahasya.utils.http_client:_request_with_retry:60 - Attempt 2/3 failed for https://www.facebook.com/gorjay/: All connection attempts failed
2026-08-14 19:20:54.362 | WARNING  | rahasya.utils.http_client:_request_with_retry:60 - Attempt 1/3 failed for https://expressional.social/api/v1/accounts/lookup?acct=gorjay: All connection attempts failed
2026-08-14 19:20:54.362 | WARNING  | rahasya.utils.http_client:_request_with_retry:60 - Attempt 1/3 failed for https://www.faceit.com/api/users/v1/nicknames/gorjay: All connection attempts failed
2026-08-14 19:20:54.362 | WARNING  | rahasya.utils.http_client:_request_with_retry:60 - Attempt 2/3 failed for https://www.engadget.com/about/editors/gorjay/: All connection attempts failed
2026-08-14 19:20:54.387 | WARNING  | rahasya.utils.http_client:_request_with_retry:60 - Attempt 2/3 failed for https://community.evocms.ru/users/?search=gorjay: All connection attempts failed
2026-08-14 19:20:54.387 | WARNING  | rahasya.utils.http_client:_request_with_retry:60 - Attempt 1/3 failed for https://apiv3.fansly.com/api/v1/account?usernames=gorjay: All connection attempts failed
2026-08-14 19:20:54.504 | WARNING  | rahasya.utils.http_client:_request_with_retry:60 - Attempt 2/3 failed for https://be.electrobel.org/register.ajax: All connection attempts failed
2026-08-14 19:20:54.547 | WARNING  | rahasya.utils.http_client:_request_with_retry:60 - Attempt 1/3 failed for https://federated.press/api/v1/accounts/lookup?acct=gorjay: All connection attempts failed
2026-08-14 19:20:54.610 | WARNING  | rahasya.utils.http_client:_request_with_retry:60 - Attempt 1/3 failed for https://www.filmweb.pl/user/gorjay: All connection attempts failed
2026-08-14 19:20:54.614 | WARNING  | rahasya.utils.http_client:_request_with_retry:60 - Attempt 2/3 failed for https://www.eyeem.com/u/gorjay: All connection attempts failed
2026-08-14 19:20:54.615 | WARNING  | rahasya.utils.http_client:_request_with_retry:60 - Attempt 1/3 failed for https://www.fark.com/users/gorjay: All connection attempts failed
2026-08-14 19:20:54.664 | WARNING  | rahasya.utils.http_client:_request_with_retry:60 - Attempt 1/3 failed for https://www.fanpop.com/fans/gorjay: All connection attempts failed
2026-08-14 19:20:54.746 | WARNING  | rahasya.utils.http_client:_request_with_retry:60 - Attempt 2/3 failed for https://www.ebay.com/str/gorjay: All connection attempts failed
2026-08-14 19:20:54.778 | WARNING  | rahasya.utils.http_client:_request_with_retry:60 - Attempt 1/3 failed for https://www.figma.com/api/profile/handle/gorjay: All connection attempts failed
2026-08-14 19:20:54.844 | WARNING  | rahasya.utils.http_client:_request_with_retry:60 - Attempt 2/3 failed for https://www.etsy.com/people/gorjay: All connection attempts failed
2026-08-14 19:20:54.844 | WARNING  | rahasya.utils.http_client:_request_with_retry:60 - Attempt 1/3 failed for https://www.fatsecret.com/member/gorjay: All connection attempts failed
2026-08-14 19:20:55.013 | WARNING  | rahasya.utils.http_client:_request_with_retry:60 - Attempt 1/3 failed for https://filmot.com/unlistedSearch?channelQuery=gorjay&sortField=uploaddate&sortOrder=desc&: All connection attempts failed
2026-08-14 19:20:55.064 | WARNING  | rahasya.utils.http_client:_request_with_retry:60 - Attempt 2/3 failed for https://faktopedia.pl/user/gorjay: All connection attempts failed
2026-08-14 19:20:55.064 | WARNING  | rahasya.utils.http_client:_request_with_retry:60 - Attempt 1/3 failed for https://filmot.com/channelsearch/gorjay: All connection attempts failed
2026-08-14 19:20:55.064 | WARNING  | rahasya.utils.http_client:_request_with_retry:60 - Attempt 2/3 failed for https://fanslist.com/search?q=gorjay: All connection attempts failed
2026-08-14 19:20:55.064 | WARNING  | rahasya.utils.http_client:_request_with_retry:60 - Attempt 2/3 failed for https://www.fabswingers.com/profile/gorjay: All connection attempts failed
2026-08-14 19:20:55.104 | WARNING  | rahasya.utils.http_client:_request_with_retry:60 - Attempt 2/3 failed for https://fancentro.com/api/profile.get?profileAlias=gorjay&limit=1: All connection attempts failed
2026-08-14 19:20:55.139 | WARNING  | rahasya.utils.http_client:_request_with_retry:60 - Attempt 1/3 failed for https://www.flickr.com/photos/gorjay/: All connection attempts failed
2026-08-14 19:20:55.187 | WARNING  | rahasya.utils.http_client:_request_with_retry:60 - Attempt 2/3 failed for https://www.fandom.com/u/gorjay: All connection attempts failed
2026-08-14 19:20:55.242 | WARNING  | rahasya.utils.http_client:_request_with_retry:60 - Attempt 2/3 failed for https://www.eporner.com/xhr/check/: All connection attempts failed
2026-08-14 19:20:55.264 | WARNING  | rahasya.utils.http_client:_request_with_retry:60 - Attempt 3/3 failed for https://www.ebay.com/usr/gorjay: All connection attempts failed
2026-08-14 19:20:55.370 | WARNING  | rahasya.utils.http_client:_request_with_retry:60 - Attempt 2/3 failed for https://expressional.social/api/v1/accounts/lookup?acct=gorjay: All connection attempts failed
2026-08-14 19:20:55.373 | WARNING  | rahasya.utils.http_client:_request_with_retry:60 - Attempt 2/3 failed for https://www.faceit.com/api/users/v1/nicknames/gorjay: All connection attempts failed
2026-08-14 19:20:55.395 | WARNING  | rahasya.utils.http_client:_request_with_retry:60 - Attempt 2/3 failed for https://apiv3.fansly.com/api/v1/account?usernames=gorjay: All connection attempts failed
2026-08-14 19:20:55.512 | WARNING  | rahasya.utils.http_client:_request_with_retry:60 - Attempt 1/3 failed for https://fineartamerica.com/profiles/gorjay: All connection attempts failed
2026-08-14 19:20:55.553 | WARNING  | rahasya.utils.http_client:_request_with_retry:60 - Attempt 2/3 failed for https://federated.press/api/v1/accounts/lookup?acct=gorjay: All connection attempts failed
2026-08-14 19:20:55.603 | WARNING  | rahasya.utils.http_client:_request_with_retry:60 - Attempt 2/3 failed for https://www.filmweb.pl/user/gorjay: All connection attempts failed
2026-08-14 19:20:55.603 | WARNING  | rahasya.utils.http_client:_request_with_retry:60 - Attempt 2/3 failed for https://www.fark.com/users/gorjay: All connection attempts failed
2026-08-14 19:20:55.676 | WARNING  | rahasya.utils.http_client:_request_with_retry:60 - Attempt 1/3 failed for https://www.fiverr.com/validate_username: All connection attempts failed
2026-08-14 19:20:55.677 | WARNING  | rahasya.utils.http_client:_request_with_retry:60 - Attempt 2/3 failed for https://www.fanpop.com/fans/gorjay: All connection attempts failed
2026-08-14 19:20:55.728 | WARNING  | rahasya.utils.http_client:_request_with_retry:60 - Attempt 1/3 failed for https://www.fl.ru/users/gorjay/portfolio/: All connection attempts failed
2026-08-14 19:20:55.763 | WARNING  | rahasya.utils.http_client:_request_with_retry:60 - Attempt 2/3 failed for https://www.figma.com/api/profile/handle/gorjay: All connection attempts failed
2026-08-14 19:20:55.869 | WARNING  | rahasya.utils.http_client:_request_with_retry:60 - Attempt 2/3 failed for https://www.fatsecret.com/member/gorjay: All connection attempts failed
2026-08-14 19:20:56.021 | WARNING  | rahasya.utils.http_client:_request_with_retry:60 - Attempt 2/3 failed for https://filmot.com/unlistedSearch?channelQuery=gorjay&sortField=uploaddate&sortOrder=desc&: All connection attempts failed
2026-08-14 19:20:56.069 | WARNING  | rahasya.utils.http_client:_request_with_retry:60 - Attempt 2/3 failed for https://filmot.com/channelsearch/gorjay: All connection attempts failed
2026-08-14 19:20:56.137 | WARNING  | rahasya.utils.http_client:_request_with_retry:60 - Attempt 2/3 failed for https://www.flickr.com/photos/gorjay/: All connection attempts failed
2026-08-14 19:20:56.254 | WARNING  | rahasya.utils.http_client:_request_with_retry:60 - Attempt 1/3 failed for https://my.flightradar24.com/gorjay/: All connection attempts failed
2026-08-14 19:20:56.255 | WARNING  | rahasya.utils.http_client:_request_with_retry:60 - Attempt 3/3 failed for https://www.etoro.com/api/logininfo/v1.1/users/gorjay: All connection attempts failed
2026-08-14 19:20:56.294 | WARNING  | rahasya.utils.http_client:_request_with_retry:60 - Attempt 3/3 failed for https://www.facebook.com/gorjay/: All connection attempts failed
2026-08-14 19:20:56.379 | WARNING  | rahasya.utils.http_client:_request_with_retry:60 - Attempt 3/3 failed for https://community.evocms.ru/users/?search=gorjay: All connection attempts failed
2026-08-14 19:20:56.379 | WARNING  | rahasya.utils.http_client:_request_with_retry:60 - Attempt 3/3 failed for https://www.engadget.com/about/editors/gorjay/: All connection attempts failed
2026-08-14 19:20:56.511 | WARNING  | rahasya.utils.http_client:_request_with_retry:60 - Attempt 3/3 failed for https://be.electrobel.org/register.ajax: All connection attempts failed
2026-08-14 19:20:56.511 | WARNING  | rahasya.utils.http_client:_request_with_retry:60 - Attempt 2/3 failed for https://fineartamerica.com/profiles/gorjay: All connection attempts failed
2026-08-14 19:20:56.620 | WARNING  | rahasya.utils.http_client:_request_with_retry:60 - Attempt 3/3 failed for https://www.eyeem.com/u/gorjay: All connection attempts failed
2026-08-14 19:20:56.694 | WARNING  | rahasya.utils.http_client:_request_with_retry:60 - Attempt 2/3 failed for https://www.fiverr.com/validate_username: All connection attempts failed
2026-08-14 19:20:56.736 | WARNING  | rahasya.utils.http_client:_request_with_retry:60 - Attempt 2/3 failed for https://www.fl.ru/users/gorjay/portfolio/: All connection attempts failed
2026-08-14 19:20:56.739 | WARNING  | rahasya.utils.http_client:_request_with_retry:60 - Attempt 3/3 failed for https://www.ebay.com/str/gorjay: All connection attempts failed
2026-08-14 19:20:56.847 | WARNING  | rahasya.utils.http_client:_request_with_retry:60 - Attempt 3/3 failed for https://www.etsy.com/people/gorjay: All connection attempts failed
2026-08-14 19:20:57.069 | WARNING  | rahasya.utils.http_client:_request_with_retry:60 - Attempt 3/3 failed for https://fanslist.com/search?q=gorjay: All connection attempts failed
2026-08-14 19:20:57.069 | WARNING  | rahasya.utils.http_client:_request_with_retry:60 - Attempt 3/3 failed for https://www.fabswingers.com/profile/gorjay: All connection attempts failed
2026-08-14 19:20:57.069 | WARNING  | rahasya.utils.http_client:_request_with_retry:60 - Attempt 3/3 failed for https://faktopedia.pl/user/gorjay: All connection attempts failed
2026-08-14 19:20:57.102 | WARNING  | rahasya.utils.http_client:_request_with_retry:60 - Attempt 3/3 failed for https://fancentro.com/api/profile.get?profileAlias=gorjay&limit=1: All connection attempts failed
2026-08-14 19:20:57.102 | WARNING  | rahasya.utils.http_client:_request_with_retry:60 - Attempt 1/3 failed for https://www.flowcode.com/page/gorjay: All connection attempts failed
2026-08-14 19:20:57.178 | WARNING  | rahasya.utils.http_client:_request_with_retry:60 - Attempt 3/3 failed for https://www.fandom.com/u/gorjay: All connection attempts failed
2026-08-14 19:20:57.261 | WARNING  | rahasya.utils.http_client:_request_with_retry:60 - Attempt 2/3 failed for https://my.flightradar24.com/gorjay/: All connection attempts failed
2026-08-14 19:20:57.261 | WARNING  | rahasya.utils.http_client:_request_with_retry:60 - Attempt 3/3 failed for https://www.eporner.com/xhr/check/: All connection attempts failed
2026-08-14 19:20:57.361 | WARNING  | rahasya.utils.http_client:_request_with_retry:60 - Attempt 3/3 failed for https://www.faceit.com/api/users/v1/nicknames/gorjay: All connection attempts failed
2026-08-14 19:20:57.361 | WARNING  | rahasya.utils.http_client:_request_with_retry:60 - Attempt 3/3 failed for https://expressional.social/api/v1/accounts/lookup?acct=gorjay: All connection attempts failed
2026-08-14 19:20:57.361 | WARNING  | rahasya.utils.http_client:_request_with_retry:60 - Attempt 1/3 failed for https://fosstodon.org/api/v1/accounts/lookup?acct=gorjay: All connection attempts failed
2026-08-14 19:20:57.381 | WARNING  | rahasya.utils.http_client:_request_with_retry:60 - Attempt 3/3 failed for https://apiv3.fansly.com/api/v1/account?usernames=gorjay: All connection attempts failed
2026-08-14 19:20:57.411 | WARNING  | rahasya.utils.http_client:_request_with_retry:60 - Attempt 1/3 failed for https://forumprawne.org/members/gorjay.html: All connection attempts failed
2026-08-14 19:20:57.553 | WARNING  | rahasya.utils.http_client:_request_with_retry:60 - Attempt 3/3 failed for https://federated.press/api/v1/accounts/lookup?acct=gorjay: All connection attempts failed
2026-08-14 19:20:57.596 | WARNING  | rahasya.utils.http_client:_request_with_retry:60 - Attempt 1/3 failed for https://fortnitetracker.com/profile/all/gorjay: All connection attempts failed
2026-08-14 19:20:57.597 | WARNING  | rahasya.utils.http_client:_request_with_retry:60 - Attempt 3/3 failed for https://www.filmweb.pl/user/gorjay: All connection attempts failed
2026-08-14 19:20:57.597 | WARNING  | rahasya.utils.http_client:_request_with_retry:60 - Attempt 3/3 failed for https://www.fark.com/users/gorjay: All connection attempts failed
2026-08-14 19:20:57.686 | WARNING  | rahasya.utils.http_client:_request_with_retry:60 - Attempt 3/3 failed for https://www.fanpop.com/fans/gorjay: All connection attempts failed
2026-08-14 19:20:57.771 | WARNING  | rahasya.utils.http_client:_request_with_retry:60 - Attempt 3/3 failed for https://www.figma.com/api/profile/handle/gorjay: All connection attempts failed
2026-08-14 19:20:57.869 | WARNING  | rahasya.utils.http_client:_request_with_retry:60 - Attempt 3/3 failed for https://www.fatsecret.com/member/gorjay: All connection attempts failed
2026-08-14 19:20:58.030 | WARNING  | rahasya.utils.http_client:_request_with_retry:60 - Attempt 3/3 failed for https://filmot.com/unlistedSearch?channelQuery=gorjay&sortField=uploaddate&sortOrder=desc&: All connection attempts failed
2026-08-14 19:20:58.078 | WARNING  | rahasya.utils.http_client:_request_with_retry:60 - Attempt 1/3 failed for https://archive.org/wayback/available?url=https://www.fotolog.com/gorjay: All connection attempts failed
2026-08-14 19:20:58.078 | WARNING  | rahasya.utils.http_client:_request_with_retry:60 - Attempt 3/3 failed for https://filmot.com/channelsearch/gorjay: All connection attempts failed
2026-08-14 19:20:58.111 | WARNING  | rahasya.utils.http_client:_request_with_retry:60 - Attempt 2/3 failed for https://www.flowcode.com/page/gorjay: All connection attempts failed
2026-08-14 19:20:58.136 | WARNING  | rahasya.utils.http_client:_request_with_retry:60 - Attempt 1/3 failed for https://freelance.ua/user/gorjay/: All connection attempts failed
2026-08-14 19:20:58.136 | WARNING  | rahasya.utils.http_client:_request_with_retry:60 - Attempt 3/3 failed for https://www.flickr.com/photos/gorjay/: All connection attempts failed
2026-08-14 19:20:58.169 | WARNING  | rahasya.utils.http_client:_request_with_retry:60 - Attempt 1/3 failed for https://foursquare.com/gorjay: All connection attempts failed
2026-08-14 19:20:58.194 | WARNING  | rahasya.utils.http_client:_request_with_retry:60 - Attempt 1/3 failed for https://freelance.ru/gorjay: All connection attempts failed
2026-08-14 19:20:58.194 | WARNING  | rahasya.utils.http_client:_request_with_retry:60 - Attempt 1/3 failed for https://api.fotka.com/v2/user/dataStatic?login=gorjay: All connection attempts failed
2026-08-14 19:20:58.279 | WARNING  | rahasya.utils.http_client:_request_with_retry:60 - Attempt 1/3 failed for https://friendfinder.com/profile/gorjay: All connection attempts failed
2026-08-14 19:20:58.279 | WARNING  | rahasya.utils.http_client:_request_with_retry:60 - Attempt 1/3 failed for https://www.fodors.com/community/profile/gorjay/forum-activity: All connection attempts failed
2026-08-14 19:20:58.360 | WARNING  | rahasya.utils.http_client:_request_with_retry:60 - Attempt 1/3 failed for https://flipboard.com/@gorjay: All connection attempts failed
2026-08-14 19:20:58.368 | WARNING  | rahasya.utils.http_client:_request_with_retry:60 - Attempt 2/3 failed for https://fosstodon.org/api/v1/accounts/lookup?acct=gorjay: All connection attempts failed
2026-08-14 19:20:58.421 | WARNING  | rahasya.utils.http_client:_request_with_retry:60 - Attempt 2/3 failed for https://forumprawne.org/members/gorjay.html: All connection attempts failed
2026-08-14 19:20:58.469 | WARNING  | rahasya.utils.http_client:_request_with_retry:60 - Attempt 1/3 failed for https://www.folkd.com/?app=core&module=system&controller=ajax&do=usernameExists&input=gorjay: All connection attempts failed
2026-08-14 19:20:58.519 | WARNING  | rahasya.utils.http_client:_request_with_retry:60 - Attempt 3/3 failed for https://fineartamerica.com/profiles/gorjay: All connection attempts failed
2026-08-14 19:20:58.603 | WARNING  | rahasya.utils.http_client:_request_with_retry:60 - Attempt 1/3 failed for https://gab.com/api/v1/account_by_username/gorjay: All connection attempts failed
2026-08-14 19:20:58.603 | WARNING  | rahasya.utils.http_client:_request_with_retry:60 - Attempt 2/3 failed for https://fortnitetracker.com/profile/all/gorjay: All connection attempts failed
2026-08-14 19:20:58.662 | WARNING  | rahasya.utils.http_client:_request_with_retry:60 - Attempt 1/3 failed for https://www.freesteamkeys.com/members/gorjay/: All connection attempts failed
2026-08-14 19:20:58.685 | WARNING  | rahasya.utils.http_client:_request_with_retry:60 - Attempt 3/3 failed for https://www.fiverr.com/validate_username: All connection attempts failed
2026-08-14 19:20:58.710 | WARNING  | rahasya.utils.http_client:_request_with_retry:60 - Attempt 1/3 failed for https://www.furaffinity.net/user/gorjay/: All connection attempts failed
2026-08-14 19:20:58.745 | WARNING  | rahasya.utils.http_client:_request_with_retry:60 - Attempt 3/3 failed for https://www.fl.ru/users/gorjay/portfolio/: All connection attempts failed
2026-08-14 19:20:58.786 | WARNING  | rahasya.utils.http_client:_request_with_retry:60 - Attempt 1/3 failed for https://www.friendfinder-x.com/profile/gorjay: All connection attempts failed
2026-08-14 19:20:58.805 | WARNING  | rahasya.utils.http_client:_request_with_retry:60 - Attempt 1/3 failed for https://gamejolt.com/site-api/web/profile/@gorjay/: All connection attempts failed
2026-08-14 19:20:58.868 | WARNING  | rahasya.utils.http_client:_request_with_retry:60 - Attempt 1/3 failed for https://freelancehunt.com/en/employer/gorjay.html: All connection attempts failed
2026-08-14 19:20:58.986 | WARNING  | rahasya.utils.http_client:_request_with_retry:60 - Attempt 1/3 failed for https://www.freelancer.com/api/users/0.1/users?usernames%5B%5D=gorjay&compact=true: All connection attempts failed
2026-08-14 19:20:58.986 | WARNING  | rahasya.utils.http_client:_request_with_retry:60 - Attempt 1/3 failed for https://www.game-debate.com/profile/gorjay: All connection attempts failed
2026-08-14 19:20:59.071 | WARNING  | rahasya.utils.http_client:_request_with_retry:60 - Attempt 2/3 failed for https://archive.org/wayback/available?url=https://www.fotolog.com/gorjay: All connection attempts failed
2026-08-14 19:20:59.071 | WARNING  | rahasya.utils.http_client:_request_with_retry:60 - Attempt 1/3 failed for https://api.freecodecamp.org/users/get-public-profile?username=gorjay: All connection attempts failed
2026-08-14 19:20:59.136 | WARNING  | rahasya.utils.http_client:_request_with_retry:60 - Attempt 2/3 failed for https://freelance.ua/user/gorjay/: All connection attempts failed
2026-08-14 19:20:59.183 | WARNING  | rahasya.utils.http_client:_request_with_retry:60 - Attempt 2/3 failed for https://freelance.ru/gorjay: All connection attempts failed
2026-08-14 19:20:59.183 | WARNING  | rahasya.utils.http_client:_request_with_retry:60 - Attempt 2/3 failed for https://api.fotka.com/v2/user/dataStatic?login=gorjay: All connection attempts failed
2026-08-14 19:20:59.184 | WARNING  | rahasya.utils.http_client:_request_with_retry:60 - Attempt 2/3 failed for https://foursquare.com/gorjay: All connection attempts failed
2026-08-14 19:20:59.277 | WARNING  | rahasya.utils.http_client:_request_with_retry:60 - Attempt 2/3 failed for https://friendfinder.com/profile/gorjay: All connection attempts failed
2026-08-14 19:20:59.277 | WARNING  | rahasya.utils.http_client:_request_with_retry:60 - Attempt 2/3 failed for https://www.fodors.com/community/profile/gorjay/forum-activity: All connection attempts failed
2026-08-14 19:20:59.277 | WARNING  | rahasya.utils.http_client:_request_with_retry:60 - Attempt 3/3 failed for https://my.flightradar24.com/gorjay/: All connection attempts failed
2026-08-14 19:20:59.294 | WARNING  | rahasya.utils.http_client:_request_with_retry:60 - Attempt 1/3 failed for https://freelancehunt.com/en/freelancer/gorjay.html: All connection attempts failed
2026-08-14 19:20:59.335 | WARNING  | rahasya.utils.http_client:_request_with_retry:60 - Attempt 1/3 failed for https://www.gamespot.com/profile/gorjay/summary/activity/?ajax: All connection attempts failed
2026-08-14 19:20:59.368 | WARNING  | rahasya.utils.http_client:_request_with_retry:60 - Attempt 2/3 failed for https://flipboard.com/@gorjay: All connection attempts failed
2026-08-14 19:20:59.435 | WARNING  | rahasya.utils.http_client:_request_with_retry:60 - Attempt 1/3 failed for https://freesound.org/people/gorjay/section/stats/?ajax=1: All connection attempts failed
2026-08-14 19:20:59.469 | WARNING  | rahasya.utils.http_client:_request_with_retry:60 - Attempt 2/3 failed for https://www.folkd.com/?app=core&module=system&controller=ajax&do=usernameExists&input=gorjay: All connection attempts failed
2026-08-14 19:20:59.604 | WARNING  | rahasya.utils.http_client:_request_with_retry:60 - Attempt 2/3 failed for https://gab.com/api/v1/account_by_username/gorjay: All connection attempts failed
2026-08-14 19:20:59.670 | WARNING  | rahasya.utils.http_client:_request_with_retry:60 - Attempt 2/3 failed for https://www.freesteamkeys.com/members/gorjay/: All connection attempts failed
2026-08-14 19:20:59.719 | WARNING  | rahasya.utils.http_client:_request_with_retry:60 - Attempt 2/3 failed for https://www.furaffinity.net/user/gorjay/: All connection attempts failed
2026-08-14 19:20:59.802 | WARNING  | rahasya.utils.http_client:_request_with_retry:60 - Attempt 2/3 failed for https://www.friendfinder-x.com/profile/gorjay: All connection attempts failed
2026-08-14 19:20:59.802 | WARNING  | rahasya.utils.http_client:_request_with_retry:60 - Attempt 2/3 failed for https://gamejolt.com/site-api/web/profile/@gorjay/: All connection attempts failed
2026-08-14 19:20:59.869 | WARNING  | rahasya.utils.http_client:_request_with_retry:60 - Attempt 2/3 failed for https://freelancehunt.com/en/employer/gorjay.html: All connection attempts failed
2026-08-14 19:20:59.921 | WARNING  | rahasya.utils.http_client:_request_with_retry:60 - Attempt 1/3 failed for https://gamerdvr.com/gamer/gorjay: All connection attempts failed
2026-08-14 19:20:59.927 | WARNING  | rahasya.utils.http_client:_request_with_retry:60 - Attempt 1/3 failed for https://gdbrowser.com/api/profile/gorjay: All connection attempts failed
2026-08-14 19:20:59.996 | WARNING  | rahasya.modules.base:safe_execute:181 - Module WhatsMyName was cancelled
2026-08-14 19:20:59.996 | ERROR    | rahasya.core.orchestrator:_run_scan_loop:206 - Module failed: TimeoutError: 
2026-08-14 19:21:00.033 | DEBUG    | rahasya.core.orchestrator:_run_scan_loop:181 - Dispatching 4 modules for [username] 'jayg'
2026-08-14 19:21:01.068 | INFO     | rahasya.modules.base:safe_execute:165 - Executing Ahmia on [username] 'jayg' (scan=bc73dc4c...)
2026-08-14 19:21:01.068 | INFO     | rahasya.modules.base:safe_execute:165 - Executing WhatsMyName on [username] 'jayg' (scan=bc73dc4c...)
2026-08-14 19:21:01.068 | INFO     | rahasya.modules.base:safe_execute:165 - Executing Sherlock on [username] 'jayg' (scan=bc73dc4c...)
2026-08-14 19:21:01.076 | INFO     | rahasya.modules.base:safe_execute:165 - Executing Maigret on [username] 'jayg' (scan=bc73dc4c...)
2026-08-14 19:21:01.593 | WARNING  | rahasya.utils.http_client:_request_with_retry:60 - Attempt 1/3 failed for https://35photo.pro/@jayg/: All connection attempts failed
2026-08-14 19:21:01.743 | WARNING  | rahasya.utils.http_client:_request_with_retry:60 - Attempt 1/3 failed for https://graphql.anilist.co: All connection attempts failed
2026-08-14 19:21:01.743 | WARNING  | rahasya.utils.http_client:_request_with_retry:60 - Attempt 1/3 failed for https://www.artbreeder.com/jayg: All connection attempts failed
2026-08-14 19:21:01.751 | WARNING  | rahasya.utils.http_client:_request_with_retry:60 - Attempt 1/3 failed for https://api.tracker.gg/api/v2/apex/standard/profile/origin/jayg: All connection attempts failed
2026-08-14 19:21:01.818 | WARNING  | rahasya.utils.http_client:_request_with_retry:60 - Attempt 1/3 failed for https://au.ru/user/jayg/: All connection attempts failed
2026-08-14 19:21:01.870 | WARNING  | rahasya.utils.http_client:_request_with_retry:60 - Attempt 1/3 failed for https://7dach.ru/profile/jayg: All connection attempts failed
2026-08-14 19:21:01.870 | WARNING  | rahasya.utils.http_client:_request_with_retry:60 - Attempt 1/3 failed for https://arsmate.com/jayg: All connection attempts failed
2026-08-14 19:21:01.897 | WARNING  | rahasya.utils.http_client:_request_with_retry:60 - Attempt 1/3 failed for https://3dtoday.ru/blogs/jayg: All connection attempts failed
2026-08-14 19:21:02.037 | WARNING  | rahasya.utils.http_client:_request_with_retry:60 - Attempt 1/3 failed for https://gitlab.archlinux.org/api/v4/users?username=jayg: All connection attempts failed
2026-08-14 19:21:02.037 | WARNING  | rahasya.utils.http_client:_request_with_retry:60 - Attempt 1/3 failed for https://asciinema.org/~jayg: All connection attempts failed
2026-08-14 19:21:02.040 | WARNING  | rahasya.utils.http_client:_request_with_retry:60 - Attempt 1/3 failed for https://www.americanthinker.com/author/jayg/: All connection attempts failed
2026-08-14 19:21:02.501 | WARNING  | rahasya.utils.http_client:_request_with_retry:60 - Attempt 1/3 failed for https://ameblo.jp/jayg: All connection attempts failed
2026-08-14 19:21:02.501 | WARNING  | rahasya.utils.http_client:_request_with_retry:60 - Attempt 1/3 failed for https://www.anime-planet.com/api/validation/username: All connection attempts failed
2026-08-14 19:21:02.501 | WARNING  | rahasya.utils.http_client:_request_with_retry:60 - Attempt 1/3 failed for https://armorgames.com/user/jayg: All connection attempts failed
2026-08-14 19:21:02.501 | WARNING  | rahasya.utils.http_client:_request_with_retry:60 - Attempt 1/3 failed for https://admireme.vip/jayg/: All connection attempts failed
2026-08-14 19:21:02.501 | WARNING  | rahasya.utils.http_client:_request_with_retry:60 - Attempt 1/3 failed for https://projecthub.arduino.cc/jayg: All connection attempts failed
2026-08-14 19:21:02.534 | WARNING  | rahasya.utils.http_client:_request_with_retry:60 - Attempt 1/3 failed for https://albicla.com/jayg/post/1: All connection attempts failed
2026-08-14 19:21:02.534 | WARNING  | rahasya.utils.http_client:_request_with_retry:60 - Attempt 1/3 failed for https://247sports.com/User/jayg/: All connection attempts failed
2026-08-14 19:21:02.598 | WARNING  | rahasya.utils.http_client:_request_with_retry:60 - Attempt 2/3 failed for https://35photo.pro/@jayg/: All connection attempts failed
2026-08-14 19:21:02.600 | WARNING  | rahasya.utils.http_client:_request_with_retry:60 - Attempt 1/3 failed for https://www.artstation.com/jayg: All connection attempts failed
2026-08-14 19:21:02.601 | WARNING  | rahasya.utils.http_client:_request_with_retry:60 - Attempt 1/3 failed for https://www.adultism.com/profile/jayg: All connection attempts failed
2026-08-14 19:21:02.601 | WARNING  | rahasya.utils.http_client:_request_with_retry:60 - Attempt 1/3 failed for https://atcoder.jp/users/jayg: All connection attempts failed
2026-08-14 19:21:02.640 | ERROR    | rahasya.modules.social.maigret_module:execute:101 - Maigret execution failed: Expecting value: line 1 column 1 (char 0)
2026-08-14 19:21:02.643 | INFO     | rahasya.modules.base:safe_execute:173 - Completed Maigret: 0 entities found in 2578ms
2026-08-14 19:21:02.709 | ERROR    | rahasya.modules.social.sherlock_module:execute:74 - Sherlock execution failed: Expecting value: line 1 column 1 (char 0)
2026-08-14 19:21:02.709 | INFO     | rahasya.modules.base:safe_execute:173 - Completed Sherlock: 0 entities found in 2641ms
2026-08-14 19:21:02.753 | WARNING  | rahasya.utils.http_client:_request_with_retry:60 - Attempt 1/3 failed for https://uk.advfn.com/forum/profile/jayg: All connection attempts failed
2026-08-14 19:21:02.754 | WARNING  | rahasya.utils.http_client:_request_with_retry:60 - Attempt 2/3 failed for https://graphql.anilist.co: All connection attempts failed
2026-08-14 19:21:02.754 | WARNING  | rahasya.utils.http_client:_request_with_retry:60 - Attempt 2/3 failed for https://api.tracker.gg/api/v2/apex/standard/profile/origin/jayg: All connection attempts failed
2026-08-14 19:21:02.755 | WARNING  | rahasya.utils.http_client:_request_with_retry:60 - Attempt 1/3 failed for https://cursos.alura.com.br/user/jayg: All connection attempts failed
2026-08-14 19:21:02.774 | WARNING  | rahasya.utils.http_client:_request_with_retry:60 - Attempt 2/3 failed for https://www.artbreeder.com/jayg: All connection attempts failed
2026-08-14 19:21:02.774 | WARNING  | rahasya.utils.http_client:_request_with_retry:60 - Attempt 1/3 failed for https://about.me/jayg: All connection attempts failed
2026-08-14 19:21:02.826 | WARNING  | rahasya.utils.http_client:_request_with_retry:60 - Attempt 2/3 failed for https://au.ru/user/jayg/: All connection attempts failed
2026-08-14 19:21:02.826 | WARNING  | rahasya.utils.http_client:_request_with_retry:60 - Attempt 1/3 failed for https://www.7cups.com/@jayg: All connection attempts failed
2026-08-14 19:21:02.876 | WARNING  | rahasya.utils.http_client:_request_with_retry:60 - Attempt 2/3 failed for https://3dtoday.ru/blogs/jayg: All connection attempts failed
2026-08-14 19:21:02.876 | WARNING  | rahasya.utils.http_client:_request_with_retry:60 - Attempt 2/3 failed for https://arsmate.com/jayg: All connection attempts failed
2026-08-14 19:21:02.876 | WARNING  | rahasya.utils.http_client:_request_with_retry:60 - Attempt 2/3 failed for https://7dach.ru/profile/jayg: All connection attempts failed
2026-08-14 19:21:02.978 | WARNING  | rahasya.utils.http_client:_request_with_retry:60 - Attempt 1/3 failed for https://247ctf.com/progress/jayg: All connection attempts failed
2026-08-14 19:21:02.978 | WARNING  | rahasya.utils.http_client:_request_with_retry:60 - Attempt 1/3 failed for https://support.advancedcustomfields.com/forums/users/jayg/: All connection attempts failed
2026-08-14 19:21:02.978 | WARNING  | rahasya.utils.http_client:_request_with_retry:60 - Attempt 1/3 failed for https://community.appian.com/members/jayg: All connection attempts failed
2026-08-14 19:21:03.004 | WARNING  | rahasya.utils.http_client:_request_with_retry:60 - Attempt 1/3 failed for https://ahmia.fi/api/search/?q=jayg: All connection attempts failed
2026-08-14 19:21:03.004 | WARNING  | rahasya.utils.http_client:_request_with_retry:60 - Attempt 1/3 failed for https://forum.arduino.cc/u/jayg.json: All connection attempts failed
2026-08-14 19:21:03.043 | WARNING  | rahasya.utils.http_client:_request_with_retry:60 - Attempt 2/3 failed for https://gitlab.archlinux.org/api/v4/users?username=jayg: All connection attempts failed
2026-08-14 19:21:03.043 | WARNING  | rahasya.utils.http_client:_request_with_retry:60 - Attempt 2/3 failed for https://asciinema.org/~jayg: All connection attempts failed
2026-08-14 19:21:03.043 | WARNING  | rahasya.utils.http_client:_request_with_retry:60 - Attempt 2/3 failed for https://www.americanthinker.com/author/jayg/: All connection attempts failed
2026-08-14 19:21:03.078 | WARNING  | rahasya.utils.http_client:_request_with_retry:60 - Attempt 1/3 failed for https://www.alik.cz/u/jayg: All connection attempts failed
2026-08-14 19:21:03.503 | WARNING  | rahasya.utils.http_client:_request_with_retry:60 - Attempt 2/3 failed for https://ameblo.jp/jayg: All connection attempts failed
2026-08-14 19:21:03.503 | WARNING  | rahasya.utils.http_client:_request_with_retry:60 - Attempt 2/3 failed for https://admireme.vip/jayg/: All connection attempts failed
2026-08-14 19:21:03.507 | WARNING  | rahasya.utils.http_client:_request_with_retry:60 - Attempt 2/3 failed for https://www.anime-planet.com/api/validation/username: All connection attempts failed
2026-08-14 19:21:03.507 | WARNING  | rahasya.utils.http_client:_request_with_retry:60 - Attempt 2/3 failed for https://projecthub.arduino.cc/jayg: All connection attempts failed
2026-08-14 19:21:03.507 | WARNING  | rahasya.utils.http_client:_request_with_retry:60 - Attempt 2/3 failed for https://armorgames.com/user/jayg: All connection attempts failed
2026-08-14 19:21:03.537 | WARNING  | rahasya.utils.http_client:_request_with_retry:60 - Attempt 2/3 failed for https://albicla.com/jayg/post/1: All connection attempts failed
2026-08-14 19:21:03.537 | WARNING  | rahasya.utils.http_client:_request_with_retry:60 - Attempt 2/3 failed for https://247sports.com/User/jayg/: All connection attempts failed
2026-08-14 19:21:03.609 | WARNING  | rahasya.utils.http_client:_request_with_retry:60 - Attempt 2/3 failed for https://www.artstation.com/jayg: All connection attempts failed
2026-08-14 19:21:03.609 | WARNING  | rahasya.utils.http_client:_request_with_retry:60 - Attempt 2/3 failed for https://www.adultism.com/profile/jayg: All connection attempts failed
2026-08-14 19:21:03.609 | WARNING  | rahasya.utils.http_client:_request_with_retry:60 - Attempt 2/3 failed for https://atcoder.jp/users/jayg: All connection attempts failed
2026-08-14 19:21:03.771 | WARNING  | rahasya.utils.http_client:_request_with_retry:60 - Attempt 2/3 failed for https://about.me/jayg: All connection attempts failed
2026-08-14 19:21:03.771 | WARNING  | rahasya.utils.http_client:_request_with_retry:60 - Attempt 2/3 failed for https://uk.advfn.com/forum/profile/jayg: All connection attempts failed
2026-08-14 19:21:03.771 | WARNING  | rahasya.utils.http_client:_request_with_retry:60 - Attempt 2/3 failed for https://cursos.alura.com.br/user/jayg: All connection attempts failed
2026-08-14 19:21:03.817 | WARNING  | rahasya.utils.http_client:_request_with_retry:60 - Attempt 2/3 failed for https://www.7cups.com/@jayg: All connection attempts failed
2026-08-14 19:21:03.976 | WARNING  | rahasya.utils.http_client:_request_with_retry:60 - Attempt 2/3 failed for https://247ctf.com/progress/jayg: All connection attempts failed
2026-08-14 19:21:03.979 | WARNING  | rahasya.utils.http_client:_request_with_retry:60 - Attempt 2/3 failed for https://support.advancedcustomfields.com/forums/users/jayg/: All connection attempts failed
2026-08-14 19:21:03.979 | WARNING  | rahasya.utils.http_client:_request_with_retry:60 - Attempt 2/3 failed for https://community.appian.com/members/jayg: All connection attempts failed
2026-08-14 19:21:04.017 | WARNING  | rahasya.utils.http_client:_request_with_retry:60 - Attempt 2/3 failed for https://ahmia.fi/api/search/?q=jayg: All connection attempts failed
2026-08-14 19:21:04.026 | WARNING  | rahasya.utils.http_client:_request_with_retry:60 - Attempt 2/3 failed for https://forum.arduino.cc/u/jayg.json: All connection attempts failed
2026-08-14 19:21:04.076 | WARNING  | rahasya.utils.http_client:_request_with_retry:60 - Attempt 2/3 failed for https://www.alik.cz/u/jayg: All connection attempts failed
2026-08-14 19:21:04.603 | WARNING  | rahasya.utils.http_client:_request_with_retry:60 - Attempt 3/3 failed for https://35photo.pro/@jayg/: All connection attempts failed
2026-08-14 19:21:04.771 | WARNING  | rahasya.utils.http_client:_request_with_retry:60 - Attempt 3/3 failed for https://api.tracker.gg/api/v2/apex/standard/profile/origin/jayg: All connection attempts failed
2026-08-14 19:21:04.771 | WARNING  | rahasya.utils.http_client:_request_with_retry:60 - Attempt 3/3 failed for https://graphql.anilist.co: All connection attempts failed
2026-08-14 19:21:04.771 | WARNING  | rahasya.utils.http_client:_request_with_retry:60 - Attempt 3/3 failed for https://www.artbreeder.com/jayg: All connection attempts failed
2026-08-14 19:21:04.826 | WARNING  | rahasya.utils.http_client:_request_with_retry:60 - Attempt 3/3 failed for https://au.ru/user/jayg/: All connection attempts failed
2026-08-14 19:21:04.884 | WARNING  | rahasya.utils.http_client:_request_with_retry:60 - Attempt 3/3 failed for https://3dtoday.ru/blogs/jayg: All connection attempts failed
2026-08-14 19:21:04.884 | WARNING  | rahasya.utils.http_client:_request_with_retry:60 - Attempt 3/3 failed for https://arsmate.com/jayg: All connection attempts failed
2026-08-14 19:21:04.884 | WARNING  | rahasya.utils.http_client:_request_with_retry:60 - Attempt 3/3 failed for https://7dach.ru/profile/jayg: All connection attempts failed
2026-08-14 19:21:05.044 | WARNING  | rahasya.utils.http_client:_request_with_retry:60 - Attempt 3/3 failed for https://gitlab.archlinux.org/api/v4/users?username=jayg: All connection attempts failed
2026-08-14 19:21:05.044 | WARNING  | rahasya.utils.http_client:_request_with_retry:60 - Attempt 3/3 failed for https://asciinema.org/~jayg: All connection attempts failed
2026-08-14 19:21:05.044 | WARNING  | rahasya.utils.http_client:_request_with_retry:60 - Attempt 3/3 failed for https://www.americanthinker.com/author/jayg/: All connection attempts failed
2026-08-14 19:21:05.519 | WARNING  | rahasya.utils.http_client:_request_with_retry:60 - Attempt 3/3 failed for https://projecthub.arduino.cc/jayg: All connection attempts failed
2026-08-14 19:21:05.519 | WARNING  | rahasya.utils.http_client:_request_with_retry:60 - Attempt 3/3 failed for https://armorgames.com/user/jayg: All connection attempts failed
2026-08-14 19:21:05.519 | WARNING  | rahasya.utils.http_client:_request_with_retry:60 - Attempt 3/3 failed for https://ameblo.jp/jayg: All connection attempts failed
2026-08-14 19:21:05.523 | WARNING  | rahasya.utils.http_client:_request_with_retry:60 - Attempt 3/3 failed for https://www.anime-planet.com/api/validation/username: All connection attempts failed
2026-08-14 19:21:05.534 | WARNING  | rahasya.utils.http_client:_request_with_retry:60 - Attempt 3/3 failed for https://admireme.vip/jayg/: All connection attempts failed
2026-08-14 19:21:05.534 | WARNING  | rahasya.utils.http_client:_request_with_retry:60 - Attempt 3/3 failed for https://albicla.com/jayg/post/1: All connection attempts failed
2026-08-14 19:21:05.534 | WARNING  | rahasya.utils.http_client:_request_with_retry:60 - Attempt 3/3 failed for https://247sports.com/User/jayg/: All connection attempts failed
2026-08-14 19:21:05.603 | WARNING  | rahasya.utils.http_client:_request_with_retry:60 - Attempt 3/3 failed for https://www.adultism.com/profile/jayg: All connection attempts failed
2026-08-14 19:21:05.603 | WARNING  | rahasya.utils.http_client:_request_with_retry:60 - Attempt 3/3 failed for https://atcoder.jp/users/jayg: All connection attempts failed
2026-08-14 19:21:05.603 | WARNING  | rahasya.utils.http_client:_request_with_retry:60 - Attempt 3/3 failed for https://www.artstation.com/jayg: All connection attempts failed
2026-08-14 19:21:05.770 | WARNING  | rahasya.utils.http_client:_request_with_retry:60 - Attempt 3/3 failed for https://about.me/jayg: All connection attempts failed
2026-08-14 19:21:05.770 | WARNING  | rahasya.utils.http_client:_request_with_retry:60 - Attempt 3/3 failed for https://uk.advfn.com/forum/profile/jayg: All connection attempts failed
2026-08-14 19:21:05.770 | WARNING  | rahasya.utils.http_client:_request_with_retry:60 - Attempt 3/3 failed for https://cursos.alura.com.br/user/jayg: All connection attempts failed
2026-08-14 19:21:05.770 | WARNING  | rahasya.utils.http_client:_request_with_retry:60 - Attempt 1/3 failed for https://bandcamp.com/jayg: All connection attempts failed
2026-08-14 19:21:05.836 | WARNING  | rahasya.utils.http_client:_request_with_retry:60 - Attempt 3/3 failed for https://www.7cups.com/@jayg: All connection attempts failed
2026-08-14 19:21:05.942 | WARNING  | rahasya.utils.http_client:_request_with_retry:60 - Attempt 1/3 failed for https://www.babepedia.com/user/jayg: All connection attempts failed
2026-08-14 19:21:05.942 | WARNING  | rahasya.utils.http_client:_request_with_retry:60 - Attempt 1/3 failed for https://www.bandlab.com/api/v1.3/users/jayg: All connection attempts failed
2026-08-14 19:21:05.975 | WARNING  | rahasya.utils.http_client:_request_with_retry:60 - Attempt 3/3 failed for https://247ctf.com/progress/jayg: All connection attempts failed
2026-08-14 19:21:05.975 | WARNING  | rahasya.utils.http_client:_request_with_retry:60 - Attempt 3/3 failed for https://support.advancedcustomfields.com/forums/users/jayg/: All connection attempts failed
2026-08-14 19:21:05.975 | WARNING  | rahasya.utils.http_client:_request_with_retry:60 - Attempt 3/3 failed for https://community.appian.com/members/jayg: All connection attempts failed
2026-08-14 19:21:06.020 | WARNING  | rahasya.utils.http_client:_request_with_retry:60 - Attempt 3/3 failed for https://ahmia.fi/api/search/?q=jayg: All connection attempts failed
2026-08-14 19:21:06.020 | ERROR    | rahasya.modules.darkweb.ahmia_module:execute:51 - Ahmia API search failed: All connection attempts failed
2026-08-14 19:21:06.020 | INFO     | rahasya.modules.base:safe_execute:173 - Completed Ahmia: 0 entities found in 5968ms
2026-08-14 19:21:06.020 | WARNING  | rahasya.utils.http_client:_request_with_retry:60 - Attempt 3/3 failed for https://forum.arduino.cc/u/jayg.json: All connection attempts failed
2026-08-14 19:21:06.020 | WARNING  | rahasya.utils.http_client:_request_with_retry:60 - Attempt 1/3 failed for https://community.avid.com/members/jayg/default.aspx: All connection attempts failed
2026-08-14 19:21:06.042 | WARNING  | rahasya.utils.http_client:_request_with_retry:60 - Attempt 1/3 failed for https://jayg.bdsmlr.com: All connection attempts failed
2026-08-14 19:21:06.076 | WARNING  | rahasya.utils.http_client:_request_with_retry:60 - Attempt 3/3 failed for https://www.alik.cz/u/jayg: All connection attempts failed
2026-08-14 19:21:06.137 | WARNING  | rahasya.utils.http_client:_request_with_retry:60 - Attempt 1/3 failed for https://bitbucket.org/!api/2.0/repositories/jayg?page=1&pagelen=25&sort=-updated_on&q=&fields=-values.owner%2C-values.workspace: All connection attempts failed
2026-08-14 19:21:06.175 | WARNING  | rahasya.utils.http_client:_request_with_retry:60 - Attempt 1/3 failed for https://forums.babypips.com/u/jayg.json: All connection attempts failed
2026-08-14 19:21:06.202 | WARNING  | rahasya.utils.http_client:_request_with_retry:60 - Attempt 1/3 failed for https://bentbox.co/jayg: All connection attempts failed
2026-08-14 19:21:06.266 | WARNING  | rahasya.utils.http_client:_request_with_retry:60 - Attempt 1/3 failed for https://api.bitchute.com/api/beta/channel: All connection attempts failed
2026-08-14 19:21:06.309 | WARNING  | rahasya.utils.http_client:_request_with_retry:60 - Attempt 1/3 failed for https://www.babyblog.ru/user/jayg: All connection attempts failed
2026-08-14 19:21:06.483 | WARNING  | rahasya.utils.http_client:_request_with_retry:60 - Attempt 1/3 failed for https://public.api.bsky.app/xrpc/app.bsky.actor.getProfile?actor=jayg.bsky.social: All connection attempts failed
2026-08-14 19:21:06.483 | WARNING  | rahasya.utils.http_client:_request_with_retry:60 - Attempt 1/3 failed for https://api.geekdo.com/api/accounts/validate/username?username=jayg: All connection attempts failed
2026-08-14 19:21:06.483 | WARNING  | rahasya.utils.http_client:_request_with_retry:60 - Attempt 1/3 failed for https://audiojungle.net/user/jayg: All connection attempts failed
2026-08-14 19:21:06.527 | WARNING  | rahasya.utils.http_client:_request_with_retry:60 - Attempt 1/3 failed for https://bio.link/jayg: All connection attempts failed
2026-08-14 19:21:06.594 | WARNING  | rahasya.utils.http_client:_request_with_retry:60 - Attempt 1/3 failed for https://www.biggerpockets.com/users/jayg: All connection attempts failed
2026-08-14 19:21:06.617 | WARNING  | rahasya.utils.http_client:_request_with_retry:60 - Attempt 1/3 failed for https://www.bdsmsingles.com/members/jayg/: All connection attempts failed
2026-08-14 19:21:06.708 | WARNING  | rahasya.utils.http_client:_request_with_retry:60 - Attempt 1/3 failed for http://blogmarks.net/user/jayg: All connection attempts failed
2026-08-14 19:21:06.750 | WARNING  | rahasya.utils.http_client:_request_with_retry:60 - Attempt 1/3 failed for https://jayg.booth.pm/: All connection attempts failed
2026-08-14 19:21:06.786 | WARNING  | rahasya.utils.http_client:_request_with_retry:60 - Attempt 2/3 failed for https://bandcamp.com/jayg: All connection attempts failed
2026-08-14 19:21:06.917 | WARNING  | rahasya.utils.http_client:_request_with_retry:60 - Attempt 1/3 failed for https://ask.bimpos.com/user/jayg: All connection attempts failed
2026-08-14 19:21:06.959 | WARNING  | rahasya.utils.http_client:_request_with_retry:60 - Attempt 1/3 failed for https://beacons.ai/jayg: All connection attempts failed
2026-08-14 19:21:06.959 | WARNING  | rahasya.utils.http_client:_request_with_retry:60 - Attempt 2/3 failed for https://www.babepedia.com/user/jayg: All connection attempts failed
2026-08-14 19:21:06.959 | WARNING  | rahasya.utils.http_client:_request_with_retry:60 - Attempt 2/3 failed for https://www.bandlab.com/api/v1.3/users/jayg: All connection attempts failed
2026-08-14 19:21:07.037 | WARNING  | rahasya.utils.http_client:_request_with_retry:60 - Attempt 2/3 failed for https://jayg.bdsmlr.com: All connection attempts failed
2026-08-14 19:21:07.037 | WARNING  | rahasya.utils.http_client:_request_with_retry:60 - Attempt 1/3 failed for https://bio.site/jayg: All connection attempts failed
2026-08-14 19:21:07.092 | WARNING  | rahasya.utils.http_client:_request_with_retry:60 - Attempt 1/3 failed for https://www.bigo.tv/user/jayg: All connection attempts failed
2026-08-14 19:21:07.127 | WARNING  | rahasya.utils.http_client:_request_with_retry:60 - Attempt 1/3 failed for https://brickset.com/profile/jayg: All connection attempts failed
2026-08-14 19:21:07.127 | WARNING  | rahasya.utils.http_client:_request_with_retry:60 - Attempt 2/3 failed for https://bitbucket.org/!api/2.0/repositories/jayg?page=1&pagelen=25&sort=-updated_on&q=&fields=-values.owner%2C-values.workspace: All connection attempts failed
2026-08-14 19:21:07.175 | WARNING  | rahasya.utils.http_client:_request_with_retry:60 - Attempt 2/3 failed for https://bentbox.co/jayg: All connection attempts failed
2026-08-14 19:21:07.175 | WARNING  | rahasya.utils.http_client:_request_with_retry:60 - Attempt 2/3 failed for https://forums.babypips.com/u/jayg.json: All connection attempts failed
2026-08-14 19:21:07.175 | WARNING  | rahasya.utils.http_client:_request_with_retry:60 - Attempt 2/3 failed for https://community.avid.com/members/jayg/default.aspx: All connection attempts failed
2026-08-14 19:21:07.277 | WARNING  | rahasya.utils.http_client:_request_with_retry:60 - Attempt 1/3 failed for https://bsky.app/profile/jayg: All connection attempts failed
2026-08-14 19:21:07.277 | WARNING  | rahasya.utils.http_client:_request_with_retry:60 - Attempt 2/3 failed for https://api.bitchute.com/api/beta/channel: All connection attempts failed
2026-08-14 19:21:07.316 | WARNING  | rahasya.utils.http_client:_request_with_retry:60 - Attempt 2/3 failed for https://www.babyblog.ru/user/jayg: All connection attempts failed
2026-08-14 19:21:07.468 | WARNING  | rahasya.utils.http_client:_request_with_retry:60 - Attempt 1/3 failed for http://jayg.blogspot.com: All connection attempts failed
2026-08-14 19:21:07.501 | WARNING  | rahasya.utils.http_client:_request_with_retry:60 - Attempt 2/3 failed for https://public.api.bsky.app/xrpc/app.bsky.actor.getProfile?actor=jayg.bsky.social: All connection attempts failed
2026-08-14 19:21:07.501 | WARNING  | rahasya.utils.http_client:_request_with_retry:60 - Attempt 2/3 failed for https://api.geekdo.com/api/accounts/validate/username?username=jayg: All connection attempts failed
2026-08-14 19:21:07.501 | WARNING  | rahasya.utils.http_client:_request_with_retry:60 - Attempt 2/3 failed for https://audiojungle.net/user/jayg: All connection attempts failed
2026-08-14 19:21:07.535 | WARNING  | rahasya.utils.http_client:_request_with_retry:60 - Attempt 2/3 failed for https://bio.link/jayg: All connection attempts failed
2026-08-14 19:21:07.592 | WARNING  | rahasya.utils.http_client:_request_with_retry:60 - Attempt 1/3 failed for https://www.blogi.pl/osoba,jayg.html: All connection attempts failed
2026-08-14 19:21:07.592 | WARNING  | rahasya.utils.http_client:_request_with_retry:60 - Attempt 2/3 failed for https://www.biggerpockets.com/users/jayg: All connection attempts failed
2026-08-14 19:21:07.625 | WARNING  | rahasya.utils.http_client:_request_with_retry:60 - Attempt 2/3 failed for https://www.bdsmsingles.com/members/jayg/: All connection attempts failed
2026-08-14 19:21:07.658 | WARNING  | rahasya.utils.http_client:_request_with_retry:60 - Attempt 1/3 failed for https://api.boosty.to/v1/blog/jayg: All connection attempts failed
2026-08-14 19:21:07.708 | WARNING  | rahasya.utils.http_client:_request_with_retry:60 - Attempt 2/3 failed for http://blogmarks.net/user/jayg: All connection attempts failed
2026-08-14 19:21:07.741 | WARNING  | rahasya.utils.http_client:_request_with_retry:60 - Attempt 2/3 failed for https://jayg.booth.pm/: All connection attempts failed
2026-08-14 19:21:07.798 | WARNING  | rahasya.utils.http_client:_request_with_retry:60 - Attempt 1/3 failed for https://booknode.com/profil/jayg: All connection attempts failed
2026-08-14 19:21:07.825 | WARNING  | rahasya.utils.http_client:_request_with_retry:60 - Attempt 1/3 failed for https://www.bookcrossing.com/mybookshelf/jayg: All connection attempts failed
2026-08-14 19:21:07.860 | WARNING  | rahasya.utils.http_client:_request_with_retry:60 - Attempt 1/3 failed for https://bugcrowd.com/profile-service/v1/profiles/jayg: All connection attempts failed
2026-08-14 19:21:07.925 | WARNING  | rahasya.utils.http_client:_request_with_retry:60 - Attempt 2/3 failed for https://ask.bimpos.com/user/jayg: All connection attempts failed
2026-08-14 19:21:07.967 | WARNING  | rahasya.utils.http_client:_request_with_retry:60 - Attempt 2/3 failed for https://beacons.ai/jayg: All connection attempts failed
2026-08-14 19:21:08.053 | WARNING  | rahasya.utils.http_client:_request_with_retry:60 - Attempt 2/3 failed for https://bio.site/jayg: All connection attempts failed
2026-08-14 19:21:08.092 | WARNING  | rahasya.utils.http_client:_request_with_retry:60 - Attempt 2/3 failed for https://www.bigo.tv/user/jayg: All connection attempts failed
2026-08-14 19:21:08.151 | WARNING  | rahasya.utils.http_client:_request_with_retry:60 - Attempt 2/3 failed for https://brickset.com/profile/jayg: All connection attempts failed
2026-08-14 19:21:08.285 | WARNING  | rahasya.utils.http_client:_request_with_retry:60 - Attempt 2/3 failed for https://bsky.app/profile/jayg: All connection attempts failed
2026-08-14 19:21:08.484 | WARNING  | rahasya.utils.http_client:_request_with_retry:60 - Attempt 2/3 failed for http://jayg.blogspot.com: All connection attempts failed
2026-08-14 19:21:08.582 | WARNING  | rahasya.utils.http_client:_request_with_retry:60 - Attempt 2/3 failed for https://www.blogi.pl/osoba,jayg.html: All connection attempts failed
2026-08-14 19:21:08.668 | WARNING  | rahasya.utils.http_client:_request_with_retry:60 - Attempt 2/3 failed for https://api.boosty.to/v1/blog/jayg: All connection attempts failed
2026-08-14 19:21:08.804 | WARNING  | rahasya.utils.http_client:_request_with_retry:60 - Attempt 2/3 failed for https://booknode.com/profil/jayg: All connection attempts failed
2026-08-14 19:21:08.804 | WARNING  | rahasya.utils.http_client:_request_with_retry:60 - Attempt 3/3 failed for https://bandcamp.com/jayg: All connection attempts failed
2026-08-14 19:21:08.804 | WARNING  | rahasya.utils.http_client:_request_with_retry:60 - Attempt 2/3 failed for https://www.bookcrossing.com/mybookshelf/jayg: All connection attempts failed
2026-08-14 19:21:08.857 | WARNING  | rahasya.utils.http_client:_request_with_retry:60 - Attempt 2/3 failed for https://bugcrowd.com/profile-service/v1/profiles/jayg: All connection attempts failed
2026-08-14 19:21:08.975 | WARNING  | rahasya.utils.http_client:_request_with_retry:60 - Attempt 3/3 failed for https://www.babepedia.com/user/jayg: All connection attempts failed
2026-08-14 19:21:08.975 | WARNING  | rahasya.utils.http_client:_request_with_retry:60 - Attempt 3/3 failed for https://www.bandlab.com/api/v1.3/users/jayg: All connection attempts failed
2026-08-14 19:21:09.042 | WARNING  | rahasya.utils.http_client:_request_with_retry:60 - Attempt 3/3 failed for https://jayg.bdsmlr.com: All connection attempts failed
2026-08-14 19:21:09.132 | WARNING  | rahasya.utils.http_client:_request_with_retry:60 - Attempt 3/3 failed for https://bitbucket.org/!api/2.0/repositories/jayg?page=1&pagelen=25&sort=-updated_on&q=&fields=-values.owner%2C-values.workspace: All connection attempts failed
2026-08-14 19:21:09.184 | WARNING  | rahasya.utils.http_client:_request_with_retry:60 - Attempt 3/3 failed for https://community.avid.com/members/jayg/default.aspx: All connection attempts failed
2026-08-14 19:21:09.184 | WARNING  | rahasya.utils.http_client:_request_with_retry:60 - Attempt 3/3 failed for https://forums.babypips.com/u/jayg.json: All connection attempts failed
2026-08-14 19:21:09.215 | WARNING  | rahasya.utils.http_client:_request_with_retry:60 - Attempt 3/3 failed for https://bentbox.co/jayg: All connection attempts failed
2026-08-14 19:21:09.274 | WARNING  | rahasya.utils.http_client:_request_with_retry:60 - Attempt 3/3 failed for https://api.bitchute.com/api/beta/channel: All connection attempts failed
2026-08-14 19:21:09.326 | WARNING  | rahasya.utils.http_client:_request_with_retry:60 - Attempt 3/3 failed for https://www.babyblog.ru/user/jayg: All connection attempts failed
2026-08-14 19:21:09.491 | WARNING  | rahasya.utils.http_client:_request_with_retry:60 - Attempt 3/3 failed for https://api.geekdo.com/api/accounts/validate/username?username=jayg: All connection attempts failed
2026-08-14 19:21:09.491 | WARNING  | rahasya.utils.http_client:_request_with_retry:60 - Attempt 3/3 failed for https://public.api.bsky.app/xrpc/app.bsky.actor.getProfile?actor=jayg.bsky.social: All connection attempts failed
2026-08-14 19:21:09.491 | WARNING  | rahasya.utils.http_client:_request_with_retry:60 - Attempt 3/3 failed for https://audiojungle.net/user/jayg: All connection attempts failed
2026-08-14 19:21:09.541 | WARNING  | rahasya.utils.http_client:_request_with_retry:60 - Attempt 3/3 failed for https://bio.link/jayg: All connection attempts failed
2026-08-14 19:21:09.591 | WARNING  | rahasya.utils.http_client:_request_with_retry:60 - Attempt 3/3 failed for https://www.biggerpockets.com/users/jayg: All connection attempts failed
2026-08-14 19:21:09.625 | WARNING  | rahasya.utils.http_client:_request_with_retry:60 - Attempt 3/3 failed for https://www.bdsmsingles.com/members/jayg/: All connection attempts failed
2026-08-14 19:21:09.718 | WARNING  | rahasya.utils.http_client:_request_with_retry:60 - Attempt 3/3 failed for http://blogmarks.net/user/jayg: All connection attempts failed
2026-08-14 19:21:09.760 | WARNING  | rahasya.utils.http_client:_request_with_retry:60 - Attempt 3/3 failed for https://jayg.booth.pm/: All connection attempts failed
2026-08-14 19:21:09.943 | WARNING  | rahasya.utils.http_client:_request_with_retry:60 - Attempt 3/3 failed for https://ask.bimpos.com/user/jayg: All connection attempts failed
2026-08-14 19:21:09.943 | WARNING  | rahasya.utils.http_client:_request_with_retry:60 - Attempt 1/3 failed for https://career.habr.com/jayg: All connection attempts failed
2026-08-14 19:21:09.958 | WARNING  | rahasya.utils.http_client:_request_with_retry:60 - Attempt 1/3 failed for https://jayg.carbonmade.com/: All connection attempts failed
2026-08-14 19:21:09.958 | WARNING  | rahasya.utils.http_client:_request_with_retry:60 - Attempt 3/3 failed for https://beacons.ai/jayg: All connection attempts failed
2026-08-14 19:21:10.018 | WARNING  | rahasya.utils.http_client:_request_with_retry:60 - Attempt 1/3 failed for https://calendly.com/api/booking/profiles/jayg: All connection attempts failed
2026-08-14 19:21:10.024 | WARNING  | rahasya.utils.http_client:_request_with_retry:60 - Attempt 1/3 failed for https://jayg.carrd.co: All connection attempts failed
2026-08-14 19:21:10.051 | WARNING  | rahasya.utils.http_client:_request_with_retry:60 - Attempt 3/3 failed for https://bio.site/jayg: All connection attempts failed
2026-08-14 19:21:10.083 | WARNING  | rahasya.utils.http_client:_request_with_retry:60 - Attempt 3/3 failed for https://www.bigo.tv/user/jayg: All connection attempts failed
2026-08-14 19:21:10.108 | WARNING  | rahasya.utils.http_client:_request_with_retry:60 - Attempt 1/3 failed for https://www.buzzfeed.com/jayg: All connection attempts failed
2026-08-14 19:21:10.159 | WARNING  | rahasya.utils.http_client:_request_with_retry:60 - Attempt 3/3 failed for https://brickset.com/profile/jayg: All connection attempts failed
2026-08-14 19:21:10.301 | WARNING  | rahasya.utils.http_client:_request_with_retry:60 - Attempt 1/3 failed for https://www.chamsko.pl/profil/jayg: All connection attempts failed
2026-08-14 19:21:10.301 | WARNING  | rahasya.utils.http_client:_request_with_retry:60 - Attempt 3/3 failed for https://bsky.app/profile/jayg: All connection attempts failed
2026-08-14 19:21:10.337 | WARNING  | rahasya.utils.http_client:_request_with_retry:60 - Attempt 1/3 failed for https://forum.cfx.re/u/jayg.json: All connection attempts failed
2026-08-14 19:21:10.376 | WARNING  | rahasya.utils.http_client:_request_with_retry:60 - Attempt 1/3 failed for https://community.bunpro.jp/u/jayg.json: All connection attempts failed
2026-08-14 19:21:10.399 | WARNING  | rahasya.utils.http_client:_request_with_retry:60 - Attempt 1/3 failed for https://beta.cent.co/data/user/profile?userHandles=jayg: All connection attempts failed
2026-08-14 19:21:10.474 | WARNING  | rahasya.utils.http_client:_request_with_retry:60 - Attempt 1/3 failed for https://www.cameo.com/api/v2/users/jayg: All connection attempts failed
2026-08-14 19:21:10.483 | WARNING  | rahasya.utils.http_client:_request_with_retry:60 - Attempt 3/3 failed for http://jayg.blogspot.com: All connection attempts failed
2026-08-14 19:21:10.549 | WARNING  | rahasya.utils.http_client:_request_with_retry:60 - Attempt 1/3 failed for https://jayg.chatango.com: All connection attempts failed
2026-08-14 19:21:10.599 | WARNING  | rahasya.utils.http_client:_request_with_retry:60 - Attempt 3/3 failed for https://www.blogi.pl/osoba,jayg.html: All connection attempts failed
2026-08-14 19:21:10.666 | WARNING  | rahasya.utils.http_client:_request_with_retry:60 - Attempt 3/3 failed for https://api.boosty.to/v1/blog/jayg: All connection attempts failed
2026-08-14 19:21:10.699 | WARNING  | rahasya.utils.http_client:_request_with_retry:60 - Attempt 1/3 failed for https://www.cda.pl/jayg: All connection attempts failed
2026-08-14 19:21:10.783 | WARNING  | rahasya.utils.http_client:_request_with_retry:60 - Attempt 1/3 failed for https://cheezburger.com/Editor/jayg: All connection attempts failed
2026-08-14 19:21:10.783 | WARNING  | rahasya.utils.http_client:_request_with_retry:60 - Attempt 1/3 failed for https://cafecito.app/jayg: All connection attempts failed
2026-08-14 19:21:10.807 | WARNING  | rahasya.utils.http_client:_request_with_retry:60 - Attempt 3/3 failed for https://booknode.com/profil/jayg: All connection attempts failed
2026-08-14 19:21:10.810 | WARNING  | rahasya.utils.http_client:_request_with_retry:60 - Attempt 3/3 failed for https://www.bookcrossing.com/mybookshelf/jayg: All connection attempts failed
2026-08-14 19:21:10.875 | WARNING  | rahasya.utils.http_client:_request_with_retry:60 - Attempt 3/3 failed for https://bugcrowd.com/profile-service/v1/profiles/jayg: All connection attempts failed
2026-08-14 19:21:10.918 | WARNING  | rahasya.utils.http_client:_request_with_retry:60 - Attempt 1/3 failed for https://www.championat.com/user/jayg/: All connection attempts failed
2026-08-14 19:21:10.957 | WARNING  | rahasya.utils.http_client:_request_with_retry:60 - Attempt 2/3 failed for https://career.habr.com/jayg: All connection attempts failed
2026-08-14 19:21:10.957 | WARNING  | rahasya.utils.http_client:_request_with_retry:60 - Attempt 2/3 failed for https://jayg.carbonmade.com/: All connection attempts failed
2026-08-14 19:21:11.001 | WARNING  | rahasya.utils.http_client:_request_with_retry:60 - Attempt 1/3 failed for https://app.buymeacoffee.com/api/v1/check_availability: All connection attempts failed
2026-08-14 19:21:11.040 | WARNING  | rahasya.utils.http_client:_request_with_retry:60 - Attempt 2/3 failed for https://calendly.com/api/booking/profiles/jayg: All connection attempts failed
2026-08-14 19:21:11.040 | WARNING  | rahasya.utils.http_client:_request_with_retry:60 - Attempt 2/3 failed for https://jayg.carrd.co: All connection attempts failed
2026-08-14 19:21:11.066 | WARNING  | rahasya.utils.http_client:_request_with_retry:60 - Attempt 1/3 failed for https://api.chess.com/pub/player/jayg: All connection attempts failed
2026-08-14 19:21:11.099 | WARNING  | rahasya.utils.http_client:_request_with_retry:60 - Attempt 2/3 failed for https://www.buzzfeed.com/jayg: All connection attempts failed
2026-08-14 19:21:11.124 | WARNING  | rahasya.utils.http_client:_request_with_retry:60 - Attempt 1/3 failed for https://chyoa.com/user/jayg: All connection attempts failed
2026-08-14 19:21:11.201 | WARNING  | rahasya.utils.http_client:_request_with_retry:60 - Attempt 1/3 failed for https://www.castingcall.club/jayg: All connection attempts failed
2026-08-14 19:21:11.317 | WARNING  | rahasya.utils.http_client:_request_with_retry:60 - Attempt 2/3 failed for https://www.chamsko.pl/profil/jayg: All connection attempts failed
2026-08-14 19:21:11.350 | WARNING  | rahasya.utils.http_client:_request_with_retry:60 - Attempt 2/3 failed for https://forum.cfx.re/u/jayg.json: All connection attempts failed
2026-08-14 19:21:11.351 | WARNING  | rahasya.utils.http_client:_request_with_retry:60 - Attempt 1/3 failed for https://community.cloudflare.com/u/jayg/card.json: All connection attempts failed
2026-08-14 19:21:11.351 | WARNING  | rahasya.utils.http_client:_request_with_retry:60 - Attempt 2/3 failed for https://community.bunpro.jp/u/jayg.json: All connection attempts failed
2026-08-14 19:21:11.407 | WARNING  | rahasya.utils.http_client:_request_with_retry:60 - Attempt 2/3 failed for https://beta.cent.co/data/user/profile?userHandles=jayg: All connection attempts failed
2026-08-14 19:21:11.475 | WARNING  | rahasya.utils.http_client:_request_with_retry:60 - Attempt 2/3 failed for https://www.cameo.com/api/v2/users/jayg: All connection attempts failed
2026-08-14 19:21:11.534 | WARNING  | rahasya.utils.http_client:_request_with_retry:60 - Attempt 1/3 failed for https://www.codechef.com/users/jayg: All connection attempts failed
2026-08-14 19:21:11.557 | WARNING  | rahasya.utils.http_client:_request_with_retry:60 - Attempt 2/3 failed for https://jayg.chatango.com: All connection attempts failed
2026-08-14 19:21:11.641 | WARNING  | rahasya.utils.http_client:_request_with_retry:60 - Attempt 1/3 failed for https://codeberg.org/api/v1/users/jayg: All connection attempts failed
2026-08-14 19:21:11.709 | WARNING  | rahasya.utils.http_client:_request_with_retry:60 - Attempt 2/3 failed for https://www.cda.pl/jayg: All connection attempts failed
2026-08-14 19:21:11.709 | WARNING  | rahasya.utils.http_client:_request_with_retry:60 - Attempt 1/3 failed for https://chaturbate.com/jayg/: All connection attempts failed
2026-08-14 19:21:11.723 | WARNING  | rahasya.utils.http_client:_request_with_retry:60 - Attempt 1/3 failed for https://community.chocolatey.org/profiles/jayg: All connection attempts failed
2026-08-14 19:21:11.791 | WARNING  | rahasya.utils.http_client:_request_with_retry:60 - Attempt 2/3 failed for https://cafecito.app/jayg: All connection attempts failed
2026-08-14 19:21:11.793 | WARNING  | rahasya.utils.http_client:_request_with_retry:60 - Attempt 2/3 failed for https://cheezburger.com/Editor/jayg: All connection attempts failed
2026-08-14 19:21:11.873 | WARNING  | rahasya.utils.http_client:_request_with_retry:60 - Attempt 1/3 failed for https://chomikuj.pl/jayg/: All connection attempts failed
2026-08-14 19:21:11.934 | WARNING  | rahasya.utils.http_client:_request_with_retry:60 - Attempt 2/3 failed for https://www.championat.com/user/jayg/: All connection attempts failed
2026-08-14 19:21:11.940 | WARNING  | rahasya.utils.http_client:_request_with_retry:60 - Attempt 1/3 failed for https://choko.link/jayg: All connection attempts failed
2026-08-14 19:21:11.992 | WARNING  | rahasya.utils.http_client:_request_with_retry:60 - Attempt 2/3 failed for https://app.buymeacoffee.com/api/v1/check_availability: All connection attempts failed
2026-08-14 19:21:12.041 | WARNING  | rahasya.utils.http_client:_request_with_retry:60 - Attempt 1/3 failed for https://www.clubhouse.com/@jayg: All connection attempts failed
2026-08-14 19:21:12.074 | WARNING  | rahasya.utils.http_client:_request_with_retry:60 - Attempt 1/3 failed for https://coda.io/@jayg/: All connection attempts failed
2026-08-14 19:21:12.077 | WARNING  | rahasya.utils.http_client:_request_with_retry:60 - Attempt 2/3 failed for https://api.chess.com/pub/player/jayg: All connection attempts failed
2026-08-14 19:21:12.132 | WARNING  | rahasya.utils.http_client:_request_with_retry:60 - Attempt 2/3 failed for https://chyoa.com/user/jayg: All connection attempts failed
2026-08-14 19:21:12.182 | WARNING  | rahasya.utils.http_client:_request_with_retry:60 - Attempt 1/3 failed for https://www.cnet.com/profiles/jayg/: All connection attempts failed
2026-08-14 19:21:12.182 | WARNING  | rahasya.utils.http_client:_request_with_retry:60 - Attempt 2/3 failed for https://www.castingcall.club/jayg: All connection attempts failed
2026-08-14 19:21:12.357 | WARNING  | rahasya.utils.http_client:_request_with_retry:60 - Attempt 2/3 failed for https://community.cloudflare.com/u/jayg/card.json: All connection attempts failed
2026-08-14 19:21:12.384 | WARNING  | rahasya.utils.http_client:_request_with_retry:60 - Attempt 1/3 failed for https://www.codecademy.com/profiles/jayg: All connection attempts failed
2026-08-14 19:21:12.549 | WARNING  | rahasya.utils.http_client:_request_with_retry:60 - Attempt 2/3 failed for https://www.codechef.com/users/jayg: All connection attempts failed
2026-08-14 19:21:12.640 | WARNING  | rahasya.utils.http_client:_request_with_retry:60 - Attempt 2/3 failed for https://codeberg.org/api/v1/users/jayg: All connection attempts failed
2026-08-14 19:21:12.726 | WARNING  | rahasya.utils.http_client:_request_with_retry:60 - Attempt 2/3 failed for https://chaturbate.com/jayg/: All connection attempts failed
2026-08-14 19:21:12.726 | WARNING  | rahasya.utils.http_client:_request_with_retry:60 - Attempt 2/3 failed for https://community.chocolatey.org/profiles/jayg: All connection attempts failed
2026-08-14 19:21:12.878 | WARNING  | rahasya.utils.http_client:_request_with_retry:60 - Attempt 2/3 failed for https://chomikuj.pl/jayg/: All connection attempts failed
2026-08-14 19:21:12.943 | WARNING  | rahasya.utils.http_client:_request_with_retry:60 - Attempt 2/3 failed for https://choko.link/jayg: All connection attempts failed
2026-08-14 19:21:12.969 | WARNING  | rahasya.utils.http_client:_request_with_retry:60 - Attempt 3/3 failed for https://career.habr.com/jayg: All connection attempts failed
2026-08-14 19:21:12.969 | WARNING  | rahasya.utils.http_client:_request_with_retry:60 - Attempt 3/3 failed for https://jayg.carbonmade.com/: All connection attempts failed
2026-08-14 19:21:13.040 | WARNING  | rahasya.utils.http_client:_request_with_retry:60 - Attempt 3/3 failed for https://calendly.com/api/booking/profiles/jayg: All connection attempts failed
2026-08-14 19:21:13.041 | WARNING  | rahasya.utils.http_client:_request_with_retry:60 - Attempt 2/3 failed for https://www.clubhouse.com/@jayg: All connection attempts failed
2026-08-14 19:21:13.041 | WARNING  | rahasya.utils.http_client:_request_with_retry:60 - Attempt 3/3 failed for https://jayg.carrd.co: All connection attempts failed
2026-08-14 19:21:13.126 | WARNING  | rahasya.utils.http_client:_request_with_retry:60 - Attempt 2/3 failed for https://coda.io/@jayg/: All connection attempts failed
2026-08-14 19:21:13.168 | WARNING  | rahasya.utils.http_client:_request_with_retry:60 - Attempt 3/3 failed for https://www.buzzfeed.com/jayg: All connection attempts failed
2026-08-14 19:21:13.195 | WARNING  | rahasya.utils.http_client:_request_with_retry:60 - Attempt 2/3 failed for https://www.cnet.com/profiles/jayg/: All connection attempts failed
2026-08-14 19:21:13.334 | WARNING  | rahasya.utils.http_client:_request_with_retry:60 - Attempt 3/3 failed for https://www.chamsko.pl/profil/jayg: All connection attempts failed
2026-08-14 19:21:13.358 | WARNING  | rahasya.utils.http_client:_request_with_retry:60 - Attempt 3/3 failed for https://forum.cfx.re/u/jayg.json: All connection attempts failed
2026-08-14 19:21:13.358 | WARNING  | rahasya.utils.http_client:_request_with_retry:60 - Attempt 3/3 failed for https://community.bunpro.jp/u/jayg.json: All connection attempts failed
2026-08-14 19:21:13.400 | WARNING  | rahasya.utils.http_client:_request_with_retry:60 - Attempt 2/3 failed for https://www.codecademy.com/profiles/jayg: All connection attempts failed
2026-08-14 19:21:13.433 | WARNING  | rahasya.utils.http_client:_request_with_retry:60 - Attempt 3/3 failed for https://beta.cent.co/data/user/profile?userHandles=jayg: All connection attempts failed
2026-08-14 19:21:13.484 | WARNING  | rahasya.utils.http_client:_request_with_retry:60 - Attempt 3/3 failed for https://www.cameo.com/api/v2/users/jayg: All connection attempts failed
2026-08-14 19:21:13.567 | WARNING  | rahasya.utils.http_client:_request_with_retry:60 - Attempt 3/3 failed for https://jayg.chatango.com: All connection attempts failed
2026-08-14 19:21:13.681 | WARNING  | rahasya.utils.http_client:_request_with_retry:60 - Attempt 1/3 failed for https://codepen.io/jayg: All connection attempts failed
2026-08-14 19:21:13.717 | WARNING  | rahasya.utils.http_client:_request_with_retry:60 - Attempt 3/3 failed for https://www.cda.pl/jayg: All connection attempts failed
2026-08-14 19:21:13.800 | WARNING  | rahasya.utils.http_client:_request_with_retry:60 - Attempt 3/3 failed for https://cheezburger.com/Editor/jayg: All connection attempts failed
2026-08-14 19:21:13.800 | WARNING  | rahasya.utils.http_client:_request_with_retry:60 - Attempt 3/3 failed for https://cafecito.app/jayg: All connection attempts failed
2026-08-14 19:21:13.925 | WARNING  | rahasya.utils.http_client:_request_with_retry:60 - Attempt 3/3 failed for https://www.championat.com/user/jayg/: All connection attempts failed
2026-08-14 19:21:13.973 | WARNING  | rahasya.utils.http_client:_request_with_retry:60 - Attempt 3/3 failed for https://app.buymeacoffee.com/api/v1/check_availability: All connection attempts failed
2026-08-14 19:21:13.973 | WARNING  | rahasya.utils.http_client:_request_with_retry:60 - Attempt 1/3 failed for https://www.codementor.io/@jayg: All connection attempts failed
2026-08-14 19:21:14.084 | WARNING  | rahasya.utils.http_client:_request_with_retry:60 - Attempt 3/3 failed for https://api.chess.com/pub/player/jayg: All connection attempts failed
2026-08-14 19:21:14.133 | WARNING  | rahasya.utils.http_client:_request_with_retry:60 - Attempt 3/3 failed for https://chyoa.com/user/jayg: All connection attempts failed
2026-08-14 19:21:14.133 | WARNING  | rahasya.utils.http_client:_request_with_retry:60 - Attempt 1/3 failed for https://www.coroflot.com/jayg: All connection attempts failed
2026-08-14 19:21:14.184 | WARNING  | rahasya.utils.http_client:_request_with_retry:60 - Attempt 3/3 failed for https://www.castingcall.club/jayg: All connection attempts failed
2026-08-14 19:21:14.224 | WARNING  | rahasya.utils.http_client:_request_with_retry:60 - Attempt 1/3 failed for https://www.colourlovers.com/ajax/check-username-availability: All connection attempts failed
2026-08-14 19:21:14.350 | WARNING  | rahasya.utils.http_client:_request_with_retry:60 - Attempt 3/3 failed for https://community.cloudflare.com/u/jayg/card.json: All connection attempts failed
2026-08-14 19:21:14.350 | WARNING  | rahasya.utils.http_client:_request_with_retry:60 - Attempt 1/3 failed for https://codesandbox.io/api/v1/users/jayg: All connection attempts failed
2026-08-14 19:21:14.408 | WARNING  | rahasya.utils.http_client:_request_with_retry:60 - Attempt 1/3 failed for https://www.codewars.com/api/v1/users/jayg: All connection attempts failed
2026-08-14 19:21:14.567 | WARNING  | rahasya.utils.http_client:_request_with_retry:60 - Attempt 3/3 failed for https://www.codechef.com/users/jayg: All connection attempts failed
2026-08-14 19:21:14.640 | WARNING  | rahasya.utils.http_client:_request_with_retry:60 - Attempt 3/3 failed for https://codeberg.org/api/v1/users/jayg: All connection attempts failed
2026-08-14 19:21:14.640 | WARNING  | rahasya.utils.http_client:_request_with_retry:60 - Attempt 1/3 failed for https://codeforces.com/api/user.info?handles=jayg: All connection attempts failed
2026-08-14 19:21:14.682 | WARNING  | rahasya.utils.http_client:_request_with_retry:60 - Attempt 2/3 failed for https://codepen.io/jayg: All connection attempts failed
2026-08-14 19:21:14.682 | WARNING  | rahasya.utils.http_client:_request_with_retry:60 - Attempt 1/3 failed for https://json.commudle.com/api/v2/users?username=jayg: All connection attempts failed
2026-08-14 19:21:14.715 | WARNING  | rahasya.utils.http_client:_request_with_retry:60 - Attempt 1/3 failed for https://crowdin.com/profile/jayg: All connection attempts failed
2026-08-14 19:21:14.742 | WARNING  | rahasya.utils.http_client:_request_with_retry:60 - Attempt 3/3 failed for https://chaturbate.com/jayg/: All connection attempts failed
2026-08-14 19:21:14.742 | WARNING  | rahasya.utils.http_client:_request_with_retry:60 - Attempt 3/3 failed for https://community.chocolatey.org/profiles/jayg: All connection attempts failed
2026-08-14 19:21:14.832 | WARNING  | rahasya.utils.http_client:_request_with_retry:60 - Attempt 1/3 failed for https://coub.com/api/v2/channels/jayg: All connection attempts failed
2026-08-14 19:21:14.904 | WARNING  | rahasya.utils.http_client:_request_with_retry:60 - Attempt 1/3 failed for https://coderwall.com/jayg/: All connection attempts failed
2026-08-14 19:21:14.905 | WARNING  | rahasya.utils.http_client:_request_with_retry:60 - Attempt 3/3 failed for https://chomikuj.pl/jayg/: All connection attempts failed
2026-08-14 19:21:14.967 | WARNING  | rahasya.utils.http_client:_request_with_retry:60 - Attempt 3/3 failed for https://choko.link/jayg: All connection attempts failed
2026-08-14 19:21:14.969 | WARNING  | rahasya.utils.http_client:_request_with_retry:60 - Attempt 1/3 failed for https://community.adobe.com/t5/forums/searchpage/tab/user?q=jayg: All connection attempts failed
2026-08-14 19:21:15.039 | WARNING  | rahasya.utils.http_client:_request_with_retry:60 - Attempt 3/3 failed for https://www.clubhouse.com/@jayg: All connection attempts failed
2026-08-14 19:21:15.048 | WARNING  | rahasya.utils.http_client:_request_with_retry:60 - Attempt 1/3 failed for https://jayg.crevado.com/: All connection attempts failed
2026-08-14 19:21:15.139 | WARNING  | rahasya.utils.http_client:_request_with_retry:60 - Attempt 2/3 failed for https://www.coroflot.com/jayg: All connection attempts failed
2026-08-14 19:21:15.139 | WARNING  | rahasya.utils.http_client:_request_with_retry:60 - Attempt 3/3 failed for https://coda.io/@jayg/: All connection attempts failed
2026-08-14 19:21:15.164 | WARNING  | rahasya.utils.http_client:_request_with_retry:60 - Attempt 1/3 failed for https://darudar.org/users/jayg/: [Errno 11001] getaddrinfo failed
2026-08-14 19:21:15.173 | WARNING  | rahasya.utils.http_client:_request_with_retry:60 - Attempt 2/3 failed for https://www.codementor.io/@jayg: All connection attempts failed
2026-08-14 19:21:15.215 | WARNING  | rahasya.utils.http_client:_request_with_retry:60 - Attempt 3/3 failed for https://www.cnet.com/profiles/jayg/: All connection attempts failed
2026-08-14 19:21:15.239 | WARNING  | rahasya.utils.http_client:_request_with_retry:60 - Attempt 2/3 failed for https://www.colourlovers.com/ajax/check-username-availability: All connection attempts failed
2026-08-14 19:21:15.298 | WARNING  | rahasya.utils.http_client:_request_with_retry:60 - Attempt 1/3 failed for https://cowboys4angels.com/cowboy/jayg/: All connection attempts failed
2026-08-14 19:21:15.358 | WARNING  | rahasya.utils.http_client:_request_with_retry:60 - Attempt 2/3 failed for https://codesandbox.io/api/v1/users/jayg: All connection attempts failed
2026-08-14 19:21:15.421 | WARNING  | rahasya.utils.http_client:_request_with_retry:60 - Attempt 3/3 failed for https://www.codecademy.com/profiles/jayg: All connection attempts failed
2026-08-14 19:21:15.422 | WARNING  | rahasya.utils.http_client:_request_with_retry:60 - Attempt 2/3 failed for https://www.codewars.com/api/v1/users/jayg: All connection attempts failed
2026-08-14 19:21:15.523 | WARNING  | rahasya.utils.http_client:_request_with_retry:60 - Attempt 1/3 failed for https://www.dailykos.com/user/jayg: All connection attempts failed
2026-08-14 19:21:15.523 | WARNING  | rahasya.utils.http_client:_request_with_retry:60 - Attempt 1/3 failed for https://cults3d.com/en/users/jayg/creations: All connection attempts failed
2026-08-14 19:21:15.549 | WARNING  | rahasya.utils.http_client:_request_with_retry:60 - Attempt 1/3 failed for https://www.depop.com/jayg/: All connection attempts failed
2026-08-14 19:21:15.549 | WARNING  | rahasya.utils.http_client:_request_with_retry:60 - Attempt 1/3 failed for https://www.datezone.com/users/jayg/: All connection attempts failed
2026-08-14 19:21:15.643 | WARNING  | rahasya.utils.http_client:_request_with_retry:60 - Attempt 2/3 failed for https://codeforces.com/api/user.info?handles=jayg: All connection attempts failed
2026-08-14 19:21:15.668 | WARNING  | rahasya.utils.http_client:_request_with_retry:60 - Attempt 1/3 failed for https://www.cracked.com/members/jayg: All connection attempts failed
2026-08-14 19:21:15.715 | WARNING  | rahasya.utils.http_client:_request_with_retry:60 - Attempt 2/3 failed for https://json.commudle.com/api/v2/users?username=jayg: All connection attempts failed
2026-08-14 19:21:15.717 | WARNING  | rahasya.utils.http_client:_request_with_retry:60 - Attempt 2/3 failed for https://crowdin.com/profile/jayg: All connection attempts failed
2026-08-14 19:21:15.750 | WARNING  | rahasya.utils.http_client:_request_with_retry:60 - Attempt 1/3 failed for https://api.cropty.io/v1/auth/jayg: All connection attempts failed
2026-08-14 19:21:15.807 | WARNING  | rahasya.utils.http_client:_request_with_retry:60 - Attempt 1/3 failed for https://cytoid.io/profile/jayg: All connection attempts failed
2026-08-14 19:21:15.848 | WARNING  | rahasya.utils.http_client:_request_with_retry:60 - Attempt 1/3 failed for https://api.destream.net/siteapi/v2/live/details/jayg: All connection attempts failed
2026-08-14 19:21:15.849 | WARNING  | rahasya.utils.http_client:_request_with_retry:60 - Attempt 1/3 failed for https://www.destructoid.com/?name=jayg: All connection attempts failed
2026-08-14 19:21:15.874 | WARNING  | rahasya.utils.http_client:_request_with_retry:60 - Attempt 2/3 failed for https://coub.com/api/v2/channels/jayg: All connection attempts failed
2026-08-14 19:21:15.909 | WARNING  | rahasya.utils.http_client:_request_with_retry:60 - Attempt 2/3 failed for https://coderwall.com/jayg/: All connection attempts failed
2026-08-14 19:21:16.047 | WARNING  | rahasya.utils.http_client:_request_with_retry:60 - Attempt 2/3 failed for https://community.adobe.com/t5/forums/searchpage/tab/user?q=jayg: All connection attempts failed
2026-08-14 19:21:16.073 | WARNING  | rahasya.utils.http_client:_request_with_retry:60 - Attempt 2/3 failed for https://jayg.crevado.com/: All connection attempts failed
2026-08-14 19:21:16.179 | WARNING  | rahasya.utils.http_client:_request_with_retry:60 - Attempt 2/3 failed for https://darudar.org/users/jayg/: [Errno 11001] getaddrinfo failed
2026-08-14 19:21:16.300 | WARNING  | rahasya.utils.http_client:_request_with_retry:60 - Attempt 1/3 failed for https://dating.ru/jayg/: All connection attempts failed
2026-08-14 19:21:16.301 | WARNING  | rahasya.utils.http_client:_request_with_retry:60 - Attempt 2/3 failed for https://cowboys4angels.com/cowboy/jayg/: All connection attempts failed
2026-08-14 19:21:16.523 | WARNING  | rahasya.utils.http_client:_request_with_retry:60 - Attempt 2/3 failed for https://cults3d.com/en/users/jayg/creations: All connection attempts failed
2026-08-14 19:21:16.542 | WARNING  | rahasya.utils.http_client:_request_with_retry:60 - Attempt 2/3 failed for https://www.dailykos.com/user/jayg: All connection attempts failed
2026-08-14 19:21:16.564 | WARNING  | rahasya.utils.http_client:_request_with_retry:60 - Attempt 1/3 failed for https://www.designspiration.com/jayg/: All connection attempts failed
2026-08-14 19:21:16.564 | WARNING  | rahasya.utils.http_client:_request_with_retry:60 - Attempt 2/3 failed for https://www.depop.com/jayg/: All connection attempts failed
2026-08-14 19:21:16.564 | WARNING  | rahasya.utils.http_client:_request_with_retry:60 - Attempt 2/3 failed for https://www.datezone.com/users/jayg/: All connection attempts failed
2026-08-14 19:21:16.617 | WARNING  | rahasya.utils.http_client:_request_with_retry:60 - Attempt 1/3 failed for https://demotywatory.pl/user/jayg: All connection attempts failed
2026-08-14 19:21:16.648 | WARNING  | rahasya.utils.http_client:_request_with_retry:60 - Attempt 1/3 failed for https://www.dateinasia.com/jayg: All connection attempts failed
2026-08-14 19:21:16.688 | WARNING  | rahasya.utils.http_client:_request_with_retry:60 - Attempt 2/3 failed for https://www.cracked.com/members/jayg: All connection attempts failed
2026-08-14 19:21:16.688 | WARNING  | rahasya.utils.http_client:_request_with_retry:60 - Attempt 3/3 failed for https://codepen.io/jayg: All connection attempts failed
2026-08-14 19:21:16.756 | WARNING  | rahasya.utils.http_client:_request_with_retry:60 - Attempt 2/3 failed for https://api.cropty.io/v1/auth/jayg: All connection attempts failed
2026-08-14 19:21:16.817 | WARNING  | rahasya.utils.http_client:_request_with_retry:60 - Attempt 2/3 failed for https://cytoid.io/profile/jayg: All connection attempts failed
2026-08-14 19:21:16.856 | WARNING  | rahasya.utils.http_client:_request_with_retry:60 - Attempt 2/3 failed for https://api.destream.net/siteapi/v2/live/details/jayg: All connection attempts failed
2026-08-14 19:21:16.856 | WARNING  | rahasya.utils.http_client:_request_with_retry:60 - Attempt 2/3 failed for https://www.destructoid.com/?name=jayg: All connection attempts failed
2026-08-14 19:21:16.856 | WARNING  | rahasya.utils.http_client:_request_with_retry:60 - Attempt 1/3 failed for https://dev.to/api/users/by_username?url=jayg: All connection attempts failed
2026-08-14 19:21:17.141 | WARNING  | rahasya.utils.http_client:_request_with_retry:60 - Attempt 3/3 failed for https://www.coroflot.com/jayg: All connection attempts failed
2026-08-14 19:21:17.172 | WARNING  | rahasya.utils.http_client:_request_with_retry:60 - Attempt 3/3 failed for https://www.codementor.io/@jayg: All connection attempts failed
2026-08-14 19:21:17.239 | WARNING  | rahasya.utils.http_client:_request_with_retry:60 - Attempt 3/3 failed for https://www.colourlovers.com/ajax/check-username-availability: All connection attempts failed
2026-08-14 19:21:17.297 | WARNING  | rahasya.utils.http_client:_request_with_retry:60 - Attempt 1/3 failed for https://www.deviantart.com/jayg: All connection attempts failed
2026-08-14 19:21:17.324 | WARNING  | rahasya.utils.http_client:_request_with_retry:60 - Attempt 2/3 failed for https://dating.ru/jayg/: All connection attempts failed
2026-08-14 19:21:17.349 | WARNING  | rahasya.utils.http_client:_request_with_retry:60 - Attempt 3/3 failed for https://codesandbox.io/api/v1/users/jayg: All connection attempts failed
2026-08-14 19:21:17.417 | WARNING  | rahasya.utils.http_client:_request_with_retry:60 - Attempt 3/3 failed for https://www.codewars.com/api/v1/users/jayg: All connection attempts failed
2026-08-14 19:21:17.572 | WARNING  | rahasya.utils.http_client:_request_with_retry:60 - Attempt 2/3 failed for https://www.designspiration.com/jayg/: All connection attempts failed
2026-08-14 19:21:17.606 | WARNING  | rahasya.utils.http_client:_request_with_retry:60 - Attempt 2/3 failed for https://demotywatory.pl/user/jayg: All connection attempts failed
2026-08-14 19:21:17.658 | WARNING  | rahasya.utils.http_client:_request_with_retry:60 - Attempt 2/3 failed for https://www.dateinasia.com/jayg: All connection attempts failed
2026-08-14 19:21:17.658 | WARNING  | rahasya.utils.http_client:_request_with_retry:60 - Attempt 3/3 failed for https://codeforces.com/api/user.info?handles=jayg: All connection attempts failed
2026-08-14 19:21:17.708 | WARNING  | rahasya.utils.http_client:_request_with_retry:60 - Attempt 3/3 failed for https://json.commudle.com/api/v2/users?username=jayg: All connection attempts failed
2026-08-14 19:21:17.723 | WARNING  | rahasya.utils.http_client:_request_with_retry:60 - Attempt 3/3 failed for https://crowdin.com/profile/jayg: All connection attempts failed
2026-08-14 19:21:17.798 | WARNING  | rahasya.utils.http_client:_request_with_retry:60 - Attempt 1/3 failed for https://www.dfgames.com.br/user/jayg: All connection attempts failed
2026-08-14 19:21:17.872 | WARNING  | rahasya.utils.http_client:_request_with_retry:60 - Attempt 3/3 failed for https://coub.com/api/v2/channels/jayg: All connection attempts failed
2026-08-14 19:21:17.872 | WARNING  | rahasya.utils.http_client:_request_with_retry:60 - Attempt 2/3 failed for https://dev.to/api/users/by_username?url=jayg: All connection attempts failed
2026-08-14 19:21:17.905 | WARNING  | rahasya.utils.http_client:_request_with_retry:60 - Attempt 1/3 failed for https://devrant.com/api/get-user-id?app=3&username=jayg: All connection attempts failed
2026-08-14 19:21:17.923 | WARNING  | rahasya.utils.http_client:_request_with_retry:60 - Attempt 3/3 failed for https://coderwall.com/jayg/: All connection attempts failed
2026-08-14 19:21:18.050 | WARNING  | rahasya.utils.http_client:_request_with_retry:60 - Attempt 3/3 failed for https://jayg.crevado.com/: All connection attempts failed
2026-08-14 19:21:18.050 | WARNING  | rahasya.utils.http_client:_request_with_retry:60 - Attempt 3/3 failed for https://community.adobe.com/t5/forums/searchpage/tab/user?q=jayg: All connection attempts failed
2026-08-14 19:21:18.245 | WARNING  | rahasya.utils.http_client:_request_with_retry:60 - Attempt 3/3 failed for https://darudar.org/users/jayg/: [Errno 11001] getaddrinfo failed
2026-08-14 19:21:18.311 | WARNING  | rahasya.utils.http_client:_request_with_retry:60 - Attempt 3/3 failed for https://cowboys4angels.com/cowboy/jayg/: All connection attempts failed
2026-08-14 19:21:18.311 | WARNING  | rahasya.utils.http_client:_request_with_retry:60 - Attempt 2/3 failed for https://www.deviantart.com/jayg: All connection attempts failed
2026-08-14 19:21:18.530 | WARNING  | rahasya.utils.http_client:_request_with_retry:60 - Attempt 3/3 failed for https://cults3d.com/en/users/jayg/creations: All connection attempts failed
2026-08-14 19:21:18.565 | WARNING  | rahasya.utils.http_client:_request_with_retry:60 - Attempt 3/3 failed for https://www.dailykos.com/user/jayg: All connection attempts failed
2026-08-14 19:21:18.566 | WARNING  | rahasya.utils.http_client:_request_with_retry:60 - Attempt 3/3 failed for https://www.depop.com/jayg/: All connection attempts failed
2026-08-14 19:21:18.566 | WARNING  | rahasya.utils.http_client:_request_with_retry:60 - Attempt 3/3 failed for https://www.datezone.com/users/jayg/: All connection attempts failed
2026-08-14 19:21:18.686 | WARNING  | rahasya.utils.http_client:_request_with_retry:60 - Attempt 3/3 failed for https://www.cracked.com/members/jayg: All connection attempts failed
2026-08-14 19:21:18.796 | WARNING  | rahasya.utils.http_client:_request_with_retry:60 - Attempt 3/3 failed for https://api.cropty.io/v1/auth/jayg: All connection attempts failed
2026-08-14 19:21:18.796 | WARNING  | rahasya.utils.http_client:_request_with_retry:60 - Attempt 1/3 failed for https://diablo2.io/member/jayg/: All connection attempts failed
2026-08-14 19:21:18.826 | WARNING  | rahasya.utils.http_client:_request_with_retry:60 - Attempt 1/3 failed for https://www.dibiz.com/jayg: All connection attempts failed
2026-08-14 19:21:18.826 | WARNING  | rahasya.utils.http_client:_request_with_retry:60 - Attempt 2/3 failed for https://www.dfgames.com.br/user/jayg: All connection attempts failed
2026-08-14 19:21:18.826 | WARNING  | rahasya.utils.http_client:_request_with_retry:60 - Attempt 3/3 failed for https://cytoid.io/profile/jayg: All connection attempts failed
2026-08-14 19:21:18.873 | WARNING  | rahasya.utils.http_client:_request_with_retry:60 - Attempt 3/3 failed for https://www.destructoid.com/?name=jayg: All connection attempts failed
2026-08-14 19:21:18.873 | WARNING  | rahasya.utils.http_client:_request_with_retry:60 - Attempt 3/3 failed for https://api.destream.net/siteapi/v2/live/details/jayg: All connection attempts failed
2026-08-14 19:21:18.889 | WARNING  | rahasya.utils.http_client:_request_with_retry:60 - Attempt 2/3 failed for https://devrant.com/api/get-user-id?app=3&username=jayg: All connection attempts failed
2026-08-14 19:21:18.942 | WARNING  | rahasya.utils.http_client:_request_with_retry:60 - Attempt 1/3 failed for https://discord.com/api/v9/invites/jayg?with_counts=true&with_expiration=true: All connection attempts failed
2026-08-14 19:21:19.078 | WARNING  | rahasya.utils.http_client:_request_with_retry:60 - Attempt 1/3 failed for https://disqus.com/api/3.0/users/details?user=username:jayg&api_key=E8Uh5l5fHZ6gD8U3KycjAIAk46f68Zw7C6eW8WSjZvCLXebZ7p0r1yrYDrLilk2F: All connection attempts failed
2026-08-14 19:21:19.129 | WARNING  | rahasya.utils.http_client:_request_with_retry:60 - Attempt 1/3 failed for https://forums.digitalspy.com/profile/discussions/jayg: All connection attempts failed
2026-08-14 19:21:19.129 | WARNING  | rahasya.utils.http_client:_request_with_retry:60 - Attempt 1/3 failed for https://www.diigo.com/interact_api/load_profile_info?name=jayg: All connection attempts failed
2026-08-14 19:21:19.131 | WARNING  | rahasya.utils.http_client:_request_with_retry:60 - Attempt 1/3 failed for https://dissenter.com/user/jayg: All connection attempts failed
2026-08-14 19:21:19.244 | WARNING  | rahasya.utils.http_client:_request_with_retry:60 - Attempt 1/3 failed for https://hub.docker.com/v2/users/jayg/: All connection attempts failed
2026-08-14 19:21:19.335 | WARNING  | rahasya.utils.http_client:_request_with_retry:60 - Attempt 3/3 failed for https://dating.ru/jayg/: All connection attempts failed
2026-08-14 19:21:19.390 Please replace `st.components.v1.html` with `st.iframe`.

`st.components.v1.html` will be removed after 2026-06-01.
2026-08-14 19:21:19.408 | WARNING  | rahasya.utils.http_client:_request_with_retry:60 - Attempt 1/3 failed for https://api.discogs.com/users/jayg: All connection attempts failed
2026-08-14 19:21:19.472 | WARNING  | rahasya.utils.http_client:_request_with_retry:60 - Attempt 1/3 failed for https://donatello.to/jayg: All connection attempts failed
2026-08-14 19:21:19.607 | WARNING  | rahasya.utils.http_client:_request_with_retry:60 - Attempt 1/3 failed for https://donate.stream/api/v1/streamer.get?path=jayg&app=9f4e793cec820015d511dbc77b20c5c1: All connection attempts failed
2026-08-14 19:21:19.607 | WARNING  | rahasya.utils.http_client:_request_with_retry:60 - Attempt 3/3 failed for https://www.designspiration.com/jayg/: All connection attempts failed
2026-08-14 19:21:19.607 | WARNING  | rahasya.utils.http_client:_request_with_retry:60 - Attempt 1/3 failed for https://meta.discourse.org/u/jayg/summary.json: All connection attempts failed
2026-08-14 19:21:19.613 | WARNING  | rahasya.utils.http_client:_request_with_retry:60 - Attempt 3/3 failed for https://demotywatory.pl/user/jayg: All connection attempts failed
2026-08-14 19:21:19.632 | WARNING  | rahasya.utils.http_client:_request_with_retry:60 - Attempt 1/3 failed for https://discord.com/api/v9/unique-username/username-attempt-unauthed: All connection attempts failed
2026-08-14 19:21:19.676 | WARNING  | rahasya.utils.http_client:_request_with_retry:60 - Attempt 3/3 failed for https://www.dateinasia.com/jayg: All connection attempts failed
2026-08-14 19:21:19.809 | WARNING  | rahasya.utils.http_client:_request_with_retry:60 - Attempt 2/3 failed for https://diablo2.io/member/jayg/: All connection attempts failed
2026-08-14 19:21:19.810 | WARNING  | rahasya.utils.http_client:_request_with_retry:60 - Attempt 2/3 failed for https://www.dibiz.com/jayg: All connection attempts failed
2026-08-14 19:21:19.842 | WARNING  | rahasya.utils.http_client:_request_with_retry:60 - Attempt 1/3 failed for https://hub.docker.com/v2/orgs/jayg/: All connection attempts failed
2026-08-14 19:21:19.873 | WARNING  | rahasya.utils.http_client:_request_with_retry:60 - Attempt 1/3 failed for https://discuss.elastic.co/u/jayg: All connection attempts failed
2026-08-14 19:21:19.873 | WARNING  | rahasya.utils.http_client:_request_with_retry:60 - Attempt 3/3 failed for https://dev.to/api/users/by_username?url=jayg: All connection attempts failed
2026-08-14 19:21:19.889 | WARNING  | rahasya.utils.http_client:_request_with_retry:60 - Attempt 1/3 failed for https://jayg.donatik.io/en: All connection attempts failed
2026-08-14 19:21:19.942 | WARNING  | rahasya.utils.http_client:_request_with_retry:60 - Attempt 1/3 failed for https://dota2.ru/forum/search/?type=user&keywords=jayg&sort_by=username: All connection attempts failed
2026-08-14 19:21:19.942 | WARNING  | rahasya.utils.http_client:_request_with_retry:60 - Attempt 2/3 failed for https://discord.com/api/v9/invites/jayg?with_counts=true&with_expiration=true: All connection attempts failed
2026-08-14 19:21:20.073 | WARNING  | rahasya.utils.http_client:_request_with_retry:60 - Attempt 2/3 failed for https://disqus.com/api/3.0/users/details?user=username:jayg&api_key=E8Uh5l5fHZ6gD8U3KycjAIAk46f68Zw7C6eW8WSjZvCLXebZ7p0r1yrYDrLilk2F: All connection attempts failed
2026-08-14 19:21:20.138 | WARNING  | rahasya.utils.http_client:_request_with_retry:60 - Attempt 2/3 failed for https://www.diigo.com/interact_api/load_profile_info?name=jayg: All connection attempts failed
2026-08-14 19:21:20.138 | WARNING  | rahasya.utils.http_client:_request_with_retry:60 - Attempt 2/3 failed for https://dissenter.com/user/jayg: All connection attempts failed
2026-08-14 19:21:20.138 | WARNING  | rahasya.utils.http_client:_request_with_retry:60 - Attempt 2/3 failed for https://forums.digitalspy.com/profile/discussions/jayg: All connection attempts failed
2026-08-14 19:21:20.216 | WARNING  | rahasya.utils.http_client:_request_with_retry:60 - Attempt 1/3 failed for https://dou.ua/users/jayg/: All connection attempts failed
2026-08-14 19:21:20.262 | WARNING  | rahasya.utils.http_client:_request_with_retry:60 - Attempt 2/3 failed for https://hub.docker.com/v2/users/jayg/: All connection attempts failed
2026-08-14 19:21:20.308 | WARNING  | rahasya.utils.http_client:_request_with_retry:60 - Attempt 1/3 failed for https://api.donatty.com/users/find/jayg: All connection attempts failed
2026-08-14 19:21:20.308 | WARNING  | rahasya.utils.http_client:_request_with_retry:60 - Attempt 1/3 failed for https://www.dotafire.com/ajax/searchSite?text=jayg&search=members: All connection attempts failed
2026-08-14 19:21:20.314 | WARNING  | rahasya.utils.http_client:_request_with_retry:60 - Attempt 3/3 failed for https://www.deviantart.com/jayg: All connection attempts failed
2026-08-14 19:21:20.348 | WARNING  | rahasya.utils.http_client:_request_with_retry:60 - Attempt 1/3 failed for https://dojoverse.com/members/jayg/: All connection attempts failed
2026-08-14 19:21:20.422 | WARNING  | rahasya.utils.http_client:_request_with_retry:60 - Attempt 2/3 failed for https://api.discogs.com/users/jayg: All connection attempts failed
2026-08-14 19:21:20.488 | WARNING  | rahasya.utils.http_client:_request_with_retry:60 - Attempt 2/3 failed for https://donatello.to/jayg: All connection attempts failed
2026-08-14 19:21:20.611 | WARNING  | rahasya.utils.http_client:_request_with_retry:60 - Attempt 2/3 failed for https://donate.stream/api/v1/streamer.get?path=jayg&app=9f4e793cec820015d511dbc77b20c5c1: All connection attempts failed
2026-08-14 19:21:20.613 | WARNING  | rahasya.utils.http_client:_request_with_retry:60 - Attempt 2/3 failed for https://meta.discourse.org/u/jayg/summary.json: All connection attempts failed
2026-08-14 19:21:20.642 | WARNING  | rahasya.utils.http_client:_request_with_retry:60 - Attempt 2/3 failed for https://discord.com/api/v9/unique-username/username-attempt-unauthed: All connection attempts failed
2026-08-14 19:21:20.821 | WARNING  | rahasya.utils.http_client:_request_with_retry:60 - Attempt 1/3 failed for https://www.donationalerts.com/api/v1/user/jayg/donationpagesettings: All connection attempts failed
2026-08-14 19:21:20.824 | WARNING  | rahasya.utils.http_client:_request_with_retry:60 - Attempt 3/3 failed for https://www.dfgames.com.br/user/jayg: All connection attempts failed
2026-08-14 19:21:20.844 | WARNING  | rahasya.utils.http_client:_request_with_retry:60 - Attempt 1/3 failed for https://dot.cards/jayg: All connection attempts failed
2026-08-14 19:21:20.847 | WARNING  | rahasya.utils.http_client:_request_with_retry:60 - Attempt 2/3 failed for https://hub.docker.com/v2/orgs/jayg/: All connection attempts failed
2026-08-14 19:21:20.850 | WARNING  | rahasya.utils.http_client:_request_with_retry:60 - Attempt 2/3 failed for https://discuss.elastic.co/u/jayg: All connection attempts failed
2026-08-14 19:21:20.893 | WARNING  | rahasya.utils.http_client:_request_with_retry:60 - Attempt 3/3 failed for https://devrant.com/api/get-user-id?app=3&username=jayg: All connection attempts failed
2026-08-14 19:21:20.894 | WARNING  | rahasya.utils.http_client:_request_with_retry:60 - Attempt 2/3 failed for https://jayg.donatik.io/en: All connection attempts failed
2026-08-14 19:21:20.930 | WARNING  | rahasya.utils.http_client:_request_with_retry:60 - Attempt 2/3 failed for https://dota2.ru/forum/search/?type=user&keywords=jayg&sort_by=username: All connection attempts failed
2026-08-14 19:21:21.229 | WARNING  | rahasya.utils.http_client:_request_with_retry:60 - Attempt 2/3 failed for https://dou.ua/users/jayg/: All connection attempts failed
2026-08-14 19:21:21.231 | WARNING  | rahasya.utils.http_client:_request_with_retry:60 - Attempt 1/3 failed for https://dribbble.com/jayg: All connection attempts failed
2026-08-14 19:21:21.329 | WARNING  | rahasya.utils.http_client:_request_with_retry:60 - Attempt 2/3 failed for https://api.donatty.com/users/find/jayg: All connection attempts failed
2026-08-14 19:21:21.331 | WARNING  | rahasya.utils.http_client:_request_with_retry:60 - Attempt 2/3 failed for https://www.dotafire.com/ajax/searchSite?text=jayg&search=members: All connection attempts failed
2026-08-14 19:21:21.363 | WARNING  | rahasya.utils.http_client:_request_with_retry:60 - Attempt 2/3 failed for https://dojoverse.com/members/jayg/: All connection attempts failed
2026-08-14 19:21:21.464 | WARNING  | rahasya.utils.http_client:_request_with_retry:60 - Attempt 1/3 failed for https://easyen.ru/index/8-0-jayg: All connection attempts failed
2026-08-14 19:21:21.659 | WARNING  | rahasya.utils.http_client:_request_with_retry:60 - Attempt 1/3 failed for https://droners.io/accounts/jayg/: All connection attempts failed
2026-08-14 19:21:21.709 | WARNING  | rahasya.utils.http_client:_request_with_retry:60 - Attempt 1/3 failed for https://www.drive2.ru/users/jayg/: All connection attempts failed
2026-08-14 19:21:21.712 | WARNING  | rahasya.utils.http_client:_request_with_retry:60 - Attempt 1/3 failed for https://www.duolingo.com/2017-06-30/users?username=jayg&_=1628308619574: All connection attempts failed
2026-08-14 19:21:21.727 | WARNING  | rahasya.utils.http_client:_request_with_retry:60 - Attempt 1/3 failed for https://www.ebay.com/usr/jayg: All connection attempts failed
2026-08-14 19:21:21.818 | WARNING  | rahasya.utils.http_client:_request_with_retry:60 - Attempt 2/3 failed for https://www.donationalerts.com/api/v1/user/jayg/donationpagesettings: All connection attempts failed
2026-08-14 19:21:21.824 | WARNING  | rahasya.utils.http_client:_request_with_retry:60 - Attempt 3/3 failed for https://diablo2.io/member/jayg/: All connection attempts failed
2026-08-14 19:21:21.824 | WARNING  | rahasya.utils.http_client:_request_with_retry:60 - Attempt 3/3 failed for https://www.dibiz.com/jayg: All connection attempts failed
2026-08-14 19:21:21.846 | WARNING  | rahasya.utils.http_client:_request_with_retry:60 - Attempt 2/3 failed for https://dot.cards/jayg: All connection attempts failed
2026-08-14 19:21:21.943 | WARNING  | rahasya.utils.http_client:_request_with_retry:60 - Attempt 3/3 failed for https://discord.com/api/v9/invites/jayg?with_counts=true&with_expiration=true: All connection attempts failed
2026-08-14 19:21:22.055 | WARNING  | rahasya.utils.http_client:_request_with_retry:60 - Attempt 3/3 failed for https://disqus.com/api/3.0/users/details?user=username:jayg&api_key=E8Uh5l5fHZ6gD8U3KycjAIAk46f68Zw7C6eW8WSjZvCLXebZ7p0r1yrYDrLilk2F: All connection attempts failed
2026-08-14 19:21:22.148 | WARNING  | rahasya.utils.http_client:_request_with_retry:60 - Attempt 3/3 failed for https://www.diigo.com/interact_api/load_profile_info?name=jayg: All connection attempts failed
2026-08-14 19:21:22.149 | WARNING  | rahasya.utils.http_client:_request_with_retry:60 - Attempt 3/3 failed for https://forums.digitalspy.com/profile/discussions/jayg: All connection attempts failed
2026-08-14 19:21:22.152 | WARNING  | rahasya.utils.http_client:_request_with_retry:60 - Attempt 3/3 failed for https://dissenter.com/user/jayg: All connection attempts failed
2026-08-14 19:21:22.242 | WARNING  | rahasya.utils.http_client:_request_with_retry:60 - Attempt 1/3 failed for https://www.ebay.com/str/jayg: All connection attempts failed
2026-08-14 19:21:22.244 | WARNING  | rahasya.utils.http_client:_request_with_retry:60 - Attempt 2/3 failed for https://dribbble.com/jayg: All connection attempts failed
2026-08-14 19:21:22.271 | WARNING  | rahasya.utils.http_client:_request_with_retry:60 - Attempt 3/3 failed for https://hub.docker.com/v2/users/jayg/: All connection attempts failed
2026-08-14 19:21:22.440 | WARNING  | rahasya.utils.http_client:_request_with_retry:60 - Attempt 3/3 failed for https://api.discogs.com/users/jayg: All connection attempts failed
2026-08-14 19:21:22.466 | WARNING  | rahasya.utils.http_client:_request_with_retry:60 - Attempt 2/3 failed for https://easyen.ru/index/8-0-jayg: All connection attempts failed
2026-08-14 19:21:22.516 | WARNING  | rahasya.utils.http_client:_request_with_retry:60 - Attempt 3/3 failed for https://donatello.to/jayg: All connection attempts failed
2026-08-14 19:21:22.615 | WARNING  | rahasya.utils.http_client:_request_with_retry:60 - Attempt 3/3 failed for https://donate.stream/api/v1/streamer.get?path=jayg&app=9f4e793cec820015d511dbc77b20c5c1: All connection attempts failed
2026-08-14 19:21:22.615 | WARNING  | rahasya.utils.http_client:_request_with_retry:60 - Attempt 3/3 failed for https://meta.discourse.org/u/jayg/summary.json: All connection attempts failed
2026-08-14 19:21:22.634 | WARNING  | rahasya.utils.http_client:_request_with_retry:60 - Attempt 3/3 failed for https://discord.com/api/v9/unique-username/username-attempt-unauthed: All connection attempts failed
2026-08-14 19:21:22.675 | WARNING  | rahasya.utils.http_client:_request_with_retry:60 - Attempt 2/3 failed for https://droners.io/accounts/jayg/: All connection attempts failed
2026-08-14 19:21:22.713 | WARNING  | rahasya.utils.http_client:_request_with_retry:60 - Attempt 2/3 failed for https://www.drive2.ru/users/jayg/: All connection attempts failed
2026-08-14 19:21:22.716 | WARNING  | rahasya.utils.http_client:_request_with_retry:60 - Attempt 2/3 failed for https://www.duolingo.com/2017-06-30/users?username=jayg&_=1628308619574: All connection attempts failed
2026-08-14 19:21:22.744 | WARNING  | rahasya.utils.http_client:_request_with_retry:60 - Attempt 2/3 failed for https://www.ebay.com/usr/jayg: All connection attempts failed
2026-08-14 19:21:22.866 | WARNING  | rahasya.utils.http_client:_request_with_retry:60 - Attempt 3/3 failed for https://discuss.elastic.co/u/jayg: All connection attempts failed
2026-08-14 19:21:22.867 | WARNING  | rahasya.utils.http_client:_request_with_retry:60 - Attempt 3/3 failed for https://hub.docker.com/v2/orgs/jayg/: All connection attempts failed
2026-08-14 19:21:22.891 | WARNING  | rahasya.utils.http_client:_request_with_retry:60 - Attempt 3/3 failed for https://jayg.donatik.io/en: All connection attempts failed
2026-08-14 19:21:22.948 | WARNING  | rahasya.utils.http_client:_request_with_retry:60 - Attempt 3/3 failed for https://dota2.ru/forum/search/?type=user&keywords=jayg&sort_by=username: All connection attempts failed
2026-08-14 19:21:23.047 | WARNING  | rahasya.utils.http_client:_request_with_retry:60 - Attempt 1/3 failed for https://community.evocms.ru/users/?search=jayg: All connection attempts failed
2026-08-14 19:21:23.224 | WARNING  | rahasya.utils.http_client:_request_with_retry:60 - Attempt 1/3 failed for https://be.electrobel.org/register.ajax: All connection attempts failed
2026-08-14 19:21:23.228 | WARNING  | rahasya.utils.http_client:_request_with_retry:60 - Attempt 3/3 failed for https://dou.ua/users/jayg/: All connection attempts failed
2026-08-14 19:21:23.229 | WARNING  | rahasya.utils.http_client:_request_with_retry:60 - Attempt 2/3 failed for https://www.ebay.com/str/jayg: All connection attempts failed
2026-08-14 19:21:23.333 | WARNING  | rahasya.utils.http_client:_request_with_retry:60 - Attempt 3/3 failed for https://api.donatty.com/users/find/jayg: All connection attempts failed
2026-08-14 19:21:23.333 | WARNING  | rahasya.utils.http_client:_request_with_retry:60 - Attempt 3/3 failed for https://www.dotafire.com/ajax/searchSite?text=jayg&search=members: All connection attempts failed
2026-08-14 19:21:23.356 | WARNING  | rahasya.utils.http_client:_request_with_retry:60 - Attempt 1/3 failed for https://www.engadget.com/about/editors/jayg/: All connection attempts failed
2026-08-14 19:21:23.356 | WARNING  | rahasya.utils.http_client:_request_with_retry:60 - Attempt 3/3 failed for https://dojoverse.com/members/jayg/: All connection attempts failed
2026-08-14 19:21:23.490 | WARNING  | rahasya.utils.http_client:_request_with_retry:60 - Attempt 1/3 failed for https://faktopedia.pl/user/jayg: All connection attempts failed
2026-08-14 19:21:23.490 | WARNING  | rahasya.utils.http_client:_request_with_retry:60 - Attempt 1/3 failed for https://www.fabswingers.com/profile/jayg: All connection attempts failed
2026-08-14 19:21:23.495 | WARNING  | rahasya.utils.http_client:_request_with_retry:60 - Attempt 1/3 failed for https://www.fandom.com/u/jayg: All connection attempts failed
2026-08-14 19:21:23.496 | WARNING  | rahasya.utils.http_client:_request_with_retry:60 - Attempt 1/3 failed for https://www.eyeem.com/u/jayg: All connection attempts failed
2026-08-14 19:21:23.576 | WARNING  | rahasya.utils.http_client:_request_with_retry:60 - Attempt 1/3 failed for https://fanslist.com/search?q=jayg: All connection attempts failed
2026-08-14 19:21:23.802 | WARNING  | rahasya.utils.http_client:_request_with_retry:60 - Attempt 3/3 failed for https://www.donationalerts.com/api/v1/user/jayg/donationpagesettings: All connection attempts failed
2026-08-14 19:21:23.805 | WARNING  | rahasya.utils.http_client:_request_with_retry:60 - Attempt 1/3 failed for https://www.etoro.com/api/logininfo/v1.1/users/jayg: All connection attempts failed
2026-08-14 19:21:23.858 | WARNING  | rahasya.utils.http_client:_request_with_retry:60 - Attempt 3/3 failed for https://dot.cards/jayg: All connection attempts failed
2026-08-14 19:21:23.860 | WARNING  | rahasya.utils.http_client:_request_with_retry:60 - Attempt 1/3 failed for https://www.etsy.com/people/jayg: All connection attempts failed
2026-08-14 19:21:23.867 | WARNING  | rahasya.utils.http_client:_request_with_retry:60 - Attempt 1/3 failed for https://www.eporner.com/xhr/check/: All connection attempts failed
2026-08-14 19:21:23.869 | WARNING  | rahasya.utils.http_client:_request_with_retry:60 - Attempt 1/3 failed for https://www.fanpop.com/fans/jayg: All connection attempts failed
2026-08-14 19:21:24.048 | WARNING  | rahasya.utils.http_client:_request_with_retry:60 - Attempt 2/3 failed for https://community.evocms.ru/users/?search=jayg: All connection attempts failed
2026-08-14 19:21:24.053 | WARNING  | rahasya.utils.http_client:_request_with_retry:60 - Attempt 1/3 failed for https://fancentro.com/api/profile.get?profileAlias=jayg&limit=1: All connection attempts failed
2026-08-14 19:21:24.232 | WARNING  | rahasya.utils.http_client:_request_with_retry:60 - Attempt 1/3 failed for https://www.facebook.com/jayg/: All connection attempts failed
2026-08-14 19:21:24.232 | WARNING  | rahasya.utils.http_client:_request_with_retry:60 - Attempt 2/3 failed for https://be.electrobel.org/register.ajax: All connection attempts failed
2026-08-14 19:21:24.232 | WARNING  | rahasya.utils.http_client:_request_with_retry:60 - Attempt 1/3 failed for https://expressional.social/api/v1/accounts/lookup?acct=jayg: All connection attempts failed
2026-08-14 19:21:24.232 | WARNING  | rahasya.utils.http_client:_request_with_retry:60 - Attempt 1/3 failed for https://www.fatsecret.com/member/jayg: All connection attempts failed
2026-08-14 19:21:24.238 | WARNING  | rahasya.utils.http_client:_request_with_retry:60 - Attempt 3/3 failed for https://dribbble.com/jayg: All connection attempts failed
2026-08-14 19:21:24.238 | WARNING  | rahasya.utils.http_client:_request_with_retry:60 - Attempt 1/3 failed for https://www.faceit.com/api/users/v1/nicknames/jayg: All connection attempts failed
2026-08-14 19:21:24.356 | WARNING  | rahasya.utils.http_client:_request_with_retry:60 - Attempt 2/3 failed for https://www.engadget.com/about/editors/jayg/: All connection attempts failed
2026-08-14 19:21:24.439 | WARNING  | rahasya.utils.http_client:_request_with_retry:60 - Attempt 1/3 failed for https://www.figma.com/api/profile/handle/jayg: All connection attempts failed
2026-08-14 19:21:24.463 | WARNING  | rahasya.utils.http_client:_request_with_retry:60 - Attempt 3/3 failed for https://easyen.ru/index/8-0-jayg: All connection attempts failed
2026-08-14 19:21:24.507 | WARNING  | rahasya.utils.http_client:_request_with_retry:60 - Attempt 2/3 failed for https://www.fabswingers.com/profile/jayg: All connection attempts failed
2026-08-14 19:21:24.507 | WARNING  | rahasya.utils.http_client:_request_with_retry:60 - Attempt 2/3 failed for https://www.fandom.com/u/jayg: All connection attempts failed
2026-08-14 19:21:24.507 | WARNING  | rahasya.utils.http_client:_request_with_retry:60 - Attempt 2/3 failed for https://faktopedia.pl/user/jayg: All connection attempts failed
2026-08-14 19:21:24.522 | WARNING  | rahasya.utils.http_client:_request_with_retry:60 - Attempt 2/3 failed for https://www.eyeem.com/u/jayg: All connection attempts failed
2026-08-14 19:21:24.563 | WARNING  | rahasya.utils.http_client:_request_with_retry:60 - Attempt 2/3 failed for https://fanslist.com/search?q=jayg: All connection attempts failed
2026-08-14 19:21:24.681 | WARNING  | rahasya.utils.http_client:_request_with_retry:60 - Attempt 3/3 failed for https://droners.io/accounts/jayg/: All connection attempts failed
2026-08-14 19:21:24.723 | WARNING  | rahasya.utils.http_client:_request_with_retry:60 - Attempt 3/3 failed for https://www.drive2.ru/users/jayg/: All connection attempts failed
2026-08-14 19:21:24.724 | WARNING  | rahasya.utils.http_client:_request_with_retry:60 - Attempt 3/3 failed for https://www.ebay.com/usr/jayg: All connection attempts failed
2026-08-14 19:21:24.724 | WARNING  | rahasya.utils.http_client:_request_with_retry:60 - Attempt 3/3 failed for https://www.duolingo.com/2017-06-30/users?username=jayg&_=1628308619574: All connection attempts failed
2026-08-14 19:21:24.755 | WARNING  | rahasya.utils.http_client:_request_with_retry:60 - Attempt 1/3 failed for https://filmot.com/channelsearch/jayg: All connection attempts failed
2026-08-14 19:21:24.778 | WARNING  | rahasya.utils.http_client:_request_with_retry:60 - Attempt 1/3 failed for https://apiv3.fansly.com/api/v1/account?usernames=jayg: All connection attempts failed
2026-08-14 19:21:24.812 | WARNING  | rahasya.utils.http_client:_request_with_retry:60 - Attempt 2/3 failed for https://www.etoro.com/api/logininfo/v1.1/users/jayg: All connection attempts failed
2026-08-14 19:21:24.864 | WARNING  | rahasya.utils.http_client:_request_with_retry:60 - Attempt 2/3 failed for https://www.etsy.com/people/jayg: All connection attempts failed
2026-08-14 19:21:24.870 | WARNING  | rahasya.utils.http_client:_request_with_retry:60 - Attempt 2/3 failed for https://www.fanpop.com/fans/jayg: All connection attempts failed
2026-08-14 19:21:24.870 | WARNING  | rahasya.utils.http_client:_request_with_retry:60 - Attempt 1/3 failed for https://www.fark.com/users/jayg: All connection attempts failed
2026-08-14 19:21:24.870 | WARNING  | rahasya.utils.http_client:_request_with_retry:60 - Attempt 2/3 failed for https://www.eporner.com/xhr/check/: All connection attempts failed
2026-08-14 19:21:25.055 | WARNING  | rahasya.utils.http_client:_request_with_retry:60 - Attempt 2/3 failed for https://fancentro.com/api/profile.get?profileAlias=jayg&limit=1: All connection attempts failed
2026-08-14 19:21:25.246 | WARNING  | rahasya.utils.http_client:_request_with_retry:60 - Attempt 2/3 failed for https://www.facebook.com/jayg/: All connection attempts failed
2026-08-14 19:21:25.246 | WARNING  | rahasya.utils.http_client:_request_with_retry:60 - Attempt 2/3 failed for https://www.fatsecret.com/member/jayg: All connection attempts failed
2026-08-14 19:21:25.246 | WARNING  | rahasya.utils.http_client:_request_with_retry:60 - Attempt 2/3 failed for https://www.faceit.com/api/users/v1/nicknames/jayg: All connection attempts failed
2026-08-14 19:21:25.246 | WARNING  | rahasya.utils.http_client:_request_with_retry:60 - Attempt 2/3 failed for https://expressional.social/api/v1/accounts/lookup?acct=jayg: All connection attempts failed
2026-08-14 19:21:25.246 | WARNING  | rahasya.utils.http_client:_request_with_retry:60 - Attempt 3/3 failed for https://www.ebay.com/str/jayg: All connection attempts failed
2026-08-14 19:21:25.356 | WARNING  | rahasya.utils.http_client:_request_with_retry:60 - Attempt 1/3 failed for https://federated.press/api/v1/accounts/lookup?acct=jayg: All connection attempts failed
2026-08-14 19:21:25.460 | WARNING  | rahasya.utils.http_client:_request_with_retry:60 - Attempt 2/3 failed for https://www.figma.com/api/profile/handle/jayg: All connection attempts failed
2026-08-14 19:21:25.783 | WARNING  | rahasya.utils.http_client:_request_with_retry:60 - Attempt 2/3 failed for https://filmot.com/channelsearch/jayg: All connection attempts failed
2026-08-14 19:21:25.813 | WARNING  | rahasya.utils.http_client:_request_with_retry:60 - Attempt 2/3 failed for https://apiv3.fansly.com/api/v1/account?usernames=jayg: All connection attempts failed
2026-08-14 19:21:25.881 | WARNING  | rahasya.utils.http_client:_request_with_retry:60 - Attempt 2/3 failed for https://www.fark.com/users/jayg: All connection attempts failed
2026-08-14 19:21:25.947 | WARNING  | rahasya.utils.http_client:_request_with_retry:60 - Attempt 1/3 failed for https://www.fl.ru/users/jayg/portfolio/: All connection attempts failed
2026-08-14 19:21:25.947 | WARNING  | rahasya.utils.http_client:_request_with_retry:60 - Attempt 1/3 failed for https://filmot.com/unlistedSearch?channelQuery=jayg&sortField=uploaddate&sortOrder=desc&: All connection attempts failed
2026-08-14 19:21:26.063 | WARNING  | rahasya.utils.http_client:_request_with_retry:60 - Attempt 3/3 failed for https://community.evocms.ru/users/?search=jayg: All connection attempts failed
2026-08-14 19:21:26.140 | WARNING  | rahasya.utils.http_client:_request_with_retry:60 - Attempt 1/3 failed for https://www.flickr.com/photos/jayg/: All connection attempts failed
2026-08-14 19:21:26.234 | WARNING  | rahasya.utils.http_client:_request_with_retry:60 - Attempt 3/3 failed for https://be.electrobel.org/register.ajax: All connection attempts failed
2026-08-14 19:21:26.265 | WARNING  | rahasya.utils.http_client:_request_with_retry:60 - Attempt 1/3 failed for https://www.filmweb.pl/user/jayg: All connection attempts failed
2026-08-14 19:21:26.363 | WARNING  | rahasya.utils.http_client:_request_with_retry:60 - Attempt 2/3 failed for https://federated.press/api/v1/accounts/lookup?acct=jayg: All connection attempts failed
2026-08-14 19:21:26.363 | WARNING  | rahasya.utils.http_client:_request_with_retry:60 - Attempt 3/3 failed for https://www.engadget.com/about/editors/jayg/: All connection attempts failed
2026-08-14 19:21:26.463 | WARNING  | rahasya.utils.http_client:_request_with_retry:60 - Attempt 1/3 failed for https://www.fiverr.com/validate_username: All connection attempts failed
2026-08-14 19:21:26.488 | WARNING  | rahasya.utils.http_client:_request_with_retry:60 - Attempt 1/3 failed for https://fineartamerica.com/profiles/jayg: All connection attempts failed
2026-08-14 19:21:26.525 | WARNING  | rahasya.utils.http_client:_request_with_retry:60 - Attempt 3/3 failed for https://www.fabswingers.com/profile/jayg: All connection attempts failed
2026-08-14 19:21:26.526 | WARNING  | rahasya.utils.http_client:_request_with_retry:60 - Attempt 3/3 failed for https://faktopedia.pl/user/jayg: All connection attempts failed
2026-08-14 19:21:26.527 | WARNING  | rahasya.utils.http_client:_request_with_retry:60 - Attempt 3/3 failed for https://www.fandom.com/u/jayg: All connection attempts failed
2026-08-14 19:21:26.528 | WARNING  | rahasya.utils.http_client:_request_with_retry:60 - Attempt 3/3 failed for https://www.eyeem.com/u/jayg: All connection attempts failed
2026-08-14 19:21:26.563 | WARNING  | rahasya.utils.http_client:_request_with_retry:60 - Attempt 3/3 failed for https://fanslist.com/search?q=jayg: All connection attempts failed
2026-08-14 19:21:26.778 | WARNING  | rahasya.utils.http_client:_request_with_retry:60 - Attempt 1/3 failed for https://my.flightradar24.com/jayg/: All connection attempts failed
2026-08-14 19:21:26.812 | WARNING  | rahasya.utils.http_client:_request_with_retry:60 - Attempt 3/3 failed for https://www.etoro.com/api/logininfo/v1.1/users/jayg: All connection attempts failed
2026-08-14 19:21:26.879 | WARNING  | rahasya.utils.http_client:_request_with_retry:60 - Attempt 3/3 failed for https://www.etsy.com/people/jayg: All connection attempts failed
2026-08-14 19:21:26.883 | WARNING  | rahasya.utils.http_client:_request_with_retry:60 - Attempt 3/3 failed for https://www.fanpop.com/fans/jayg: All connection attempts failed
2026-08-14 19:21:26.885 | WARNING  | rahasya.utils.http_client:_request_with_retry:60 - Attempt 3/3 failed for https://www.eporner.com/xhr/check/: All connection attempts failed
2026-08-14 19:21:26.954 | WARNING  | rahasya.utils.http_client:_request_with_retry:60 - Attempt 2/3 failed for https://www.fl.ru/users/jayg/portfolio/: All connection attempts failed
2026-08-14 19:21:26.954 | WARNING  | rahasya.utils.http_client:_request_with_retry:60 - Attempt 2/3 failed for https://filmot.com/unlistedSearch?channelQuery=jayg&sortField=uploaddate&sortOrder=desc&: All connection attempts failed
2026-08-14 19:21:27.029 | WARNING  | rahasya.utils.http_client:_request_with_retry:60 - Attempt 1/3 failed for https://www.folkd.com/?app=core&module=system&controller=ajax&do=usernameExists&input=jayg: All connection attempts failed
2026-08-14 19:21:27.053 | WARNING  | rahasya.utils.http_client:_request_with_retry:60 - Attempt 3/3 failed for https://fancentro.com/api/profile.get?profileAlias=jayg&limit=1: All connection attempts failed
2026-08-14 19:21:27.059 | WARNING  | rahasya.utils.http_client:_request_with_retry:60 - Attempt 1/3 failed for https://flipboard.com/@jayg: All connection attempts failed
2026-08-14 19:21:27.148 | WARNING  | rahasya.utils.http_client:_request_with_retry:60 - Attempt 2/3 failed for https://www.flickr.com/photos/jayg/: All connection attempts failed
2026-08-14 19:21:27.249 | WARNING  | rahasya.utils.http_client:_request_with_retry:60 - Attempt 3/3 failed for https://www.facebook.com/jayg/: All connection attempts failed
2026-08-14 19:21:27.252 | WARNING  | rahasya.utils.http_client:_request_with_retry:60 - Attempt 1/3 failed for https://archive.org/wayback/available?url=https://www.fotolog.com/jayg: All connection attempts failed
2026-08-14 19:21:27.254 | WARNING  | rahasya.utils.http_client:_request_with_retry:60 - Attempt 3/3 failed for https://www.faceit.com/api/users/v1/nicknames/jayg: All connection attempts failed
2026-08-14 19:21:27.255 | WARNING  | rahasya.utils.http_client:_request_with_retry:60 - Attempt 1/3 failed for https://www.flowcode.com/page/jayg: All connection attempts failed
2026-08-14 19:21:27.255 | WARNING  | rahasya.utils.http_client:_request_with_retry:60 - Attempt 3/3 failed for https://www.fatsecret.com/member/jayg: All connection attempts failed
2026-08-14 19:21:27.255 | WARNING  | rahasya.utils.http_client:_request_with_retry:60 - Attempt 3/3 failed for https://expressional.social/api/v1/accounts/lookup?acct=jayg: All connection attempts failed
2026-08-14 19:21:27.255 | WARNING  | rahasya.utils.http_client:_request_with_retry:60 - Attempt 2/3 failed for https://www.filmweb.pl/user/jayg: All connection attempts failed
2026-08-14 19:21:27.413 | WARNING  | rahasya.utils.http_client:_request_with_retry:60 - Attempt 1/3 failed for https://www.fodors.com/community/profile/jayg/forum-activity: All connection attempts failed
2026-08-14 19:21:27.463 | WARNING  | rahasya.utils.http_client:_request_with_retry:60 - Attempt 2/3 failed for https://www.fiverr.com/validate_username: All connection attempts failed
2026-08-14 19:21:27.463 | WARNING  | rahasya.utils.http_client:_request_with_retry:60 - Attempt 3/3 failed for https://www.figma.com/api/profile/handle/jayg: All connection attempts failed
2026-08-14 19:21:27.507 | WARNING  | rahasya.utils.http_client:_request_with_retry:60 - Attempt 2/3 failed for https://fineartamerica.com/profiles/jayg: All connection attempts failed
2026-08-14 19:21:27.586 | WARNING  | rahasya.utils.http_client:_request_with_retry:60 - Attempt 1/3 failed for https://forumprawne.org/members/jayg.html: All connection attempts failed
2026-08-14 19:21:27.639 | WARNING  | rahasya.utils.http_client:_request_with_retry:60 - Attempt 1/3 failed for https://fosstodon.org/api/v1/accounts/lookup?acct=jayg: All connection attempts failed
2026-08-14 19:21:27.755 | WARNING  | rahasya.utils.http_client:_request_with_retry:60 - Attempt 1/3 failed for https://freelance.ru/jayg: All connection attempts failed
2026-08-14 19:21:27.755 | WARNING  | rahasya.utils.http_client:_request_with_retry:60 - Attempt 2/3 failed for https://my.flightradar24.com/jayg/: All connection attempts failed
2026-08-14 19:21:27.801 | WARNING  | rahasya.utils.http_client:_request_with_retry:60 - Attempt 3/3 failed for https://filmot.com/channelsearch/jayg: All connection attempts failed
2026-08-14 19:21:27.801 | WARNING  | rahasya.utils.http_client:_request_with_retry:60 - Attempt 1/3 failed for https://api.fotka.com/v2/user/dataStatic?login=jayg: All connection attempts failed
2026-08-14 19:21:27.801 | WARNING  | rahasya.utils.http_client:_request_with_retry:60 - Attempt 3/3 failed for https://apiv3.fansly.com/api/v1/account?usernames=jayg: All connection attempts failed
2026-08-14 19:21:27.907 | WARNING  | rahasya.utils.http_client:_request_with_retry:60 - Attempt 3/3 failed for https://www.fark.com/users/jayg: All connection attempts failed
2026-08-14 19:21:28.017 | WARNING  | rahasya.utils.http_client:_request_with_retry:60 - Attempt 2/3 failed for https://www.folkd.com/?app=core&module=system&controller=ajax&do=usernameExists&input=jayg: All connection attempts failed
2026-08-14 19:21:28.050 | WARNING  | rahasya.utils.http_client:_request_with_retry:60 - Attempt 1/3 failed for https://fortnitetracker.com/profile/all/jayg: All connection attempts failed
2026-08-14 19:21:28.055 | WARNING  | rahasya.utils.http_client:_request_with_retry:60 - Attempt 2/3 failed for https://flipboard.com/@jayg: All connection attempts failed
2026-08-14 19:21:28.205 | WARNING  | rahasya.utils.http_client:_request_with_retry:60 - Attempt 1/3 failed for https://freesound.org/people/jayg/section/stats/?ajax=1: All connection attempts failed
2026-08-14 19:21:28.269 | WARNING  | rahasya.utils.http_client:_request_with_retry:60 - Attempt 2/3 failed for https://archive.org/wayback/available?url=https://www.fotolog.com/jayg: All connection attempts failed
2026-08-14 19:21:28.271 | WARNING  | rahasya.utils.http_client:_request_with_retry:60 - Attempt 2/3 failed for https://www.flowcode.com/page/jayg: All connection attempts failed
2026-08-14 19:21:28.271 | WARNING  | rahasya.utils.http_client:_request_with_retry:60 - Attempt 1/3 failed for https://api.freecodecamp.org/users/get-public-profile?username=jayg: All connection attempts failed
2026-08-14 19:21:28.371 | WARNING  | rahasya.utils.http_client:_request_with_retry:60 - Attempt 3/3 failed for https://federated.press/api/v1/accounts/lookup?acct=jayg: All connection attempts failed
2026-08-14 19:21:28.419 | WARNING  | rahasya.utils.http_client:_request_with_retry:60 - Attempt 2/3 failed for https://www.fodors.com/community/profile/jayg/forum-activity: All connection attempts failed
2026-08-14 19:21:28.419 | WARNING  | rahasya.utils.http_client:_request_with_retry:60 - Attempt 1/3 failed for https://freelance.ua/user/jayg/: All connection attempts failed
2026-08-14 19:21:28.477 | WARNING  | rahasya.utils.http_client:_request_with_retry:60 - Attempt 1/3 failed for https://foursquare.com/jayg: All connection attempts failed
2026-08-14 19:21:28.556 | WARNING  | rahasya.utils.http_client:_request_with_retry:60 - Attempt 1/3 failed for https://www.friendfinder-x.com/profile/jayg: All connection attempts failed
2026-08-14 19:21:28.593 | WARNING  | rahasya.utils.http_client:_request_with_retry:60 - Attempt 2/3 failed for https://forumprawne.org/members/jayg.html: All connection attempts failed
2026-08-14 19:21:28.641 | WARNING  | rahasya.utils.http_client:_request_with_retry:60 - Attempt 2/3 failed for https://fosstodon.org/api/v1/accounts/lookup?acct=jayg: All connection attempts failed
2026-08-14 19:21:28.687 | WARNING  | rahasya.utils.http_client:_request_with_retry:60 - Attempt 1/3 failed for https://freelancehunt.com/en/freelancer/jayg.html: All connection attempts failed
2026-08-14 19:21:28.769 | WARNING  | rahasya.utils.http_client:_request_with_retry:60 - Attempt 2/3 failed for https://freelance.ru/jayg: All connection attempts failed
2026-08-14 19:21:28.817 | WARNING  | rahasya.utils.http_client:_request_with_retry:60 - Attempt 2/3 failed for https://api.fotka.com/v2/user/dataStatic?login=jayg: All connection attempts failed
2026-08-14 19:21:28.865 | WARNING  | rahasya.utils.http_client:_request_with_retry:60 - Attempt 1/3 failed for https://friendfinder.com/profile/jayg: All connection attempts failed
2026-08-14 19:21:28.865 | WARNING  | rahasya.utils.http_client:_request_with_retry:60 - Attempt 1/3 failed for https://www.freesteamkeys.com/members/jayg/: All connection attempts failed
2026-08-14 19:21:28.936 | WARNING  | rahasya.utils.http_client:_request_with_retry:60 - Attempt 1/3 failed for https://www.freelancer.com/api/users/0.1/users?usernames%5B%5D=jayg&compact=true: All connection attempts failed
2026-08-14 19:21:28.936 | WARNING  | rahasya.utils.http_client:_request_with_retry:60 - Attempt 3/3 failed for https://www.fl.ru/users/jayg/portfolio/: All connection attempts failed
2026-08-14 19:21:28.936 | WARNING  | rahasya.utils.http_client:_request_with_retry:60 - Attempt 3/3 failed for https://filmot.com/unlistedSearch?channelQuery=jayg&sortField=uploaddate&sortOrder=desc&: All connection attempts failed
2026-08-14 19:21:29.064 | WARNING  | rahasya.utils.http_client:_request_with_retry:60 - Attempt 1/3 failed for https://freelancehunt.com/en/employer/jayg.html: All connection attempts failed
2026-08-14 19:21:29.064 | WARNING  | rahasya.utils.http_client:_request_with_retry:60 - Attempt 2/3 failed for https://fortnitetracker.com/profile/all/jayg: All connection attempts failed
2026-08-14 19:21:29.147 | WARNING  | rahasya.utils.http_client:_request_with_retry:60 - Attempt 3/3 failed for https://www.flickr.com/photos/jayg/: All connection attempts failed
2026-08-14 19:21:29.178 | WARNING  | rahasya.utils.http_client:_request_with_retry:60 - Attempt 1/3 failed for https://www.furaffinity.net/user/jayg/: All connection attempts failed
2026-08-14 19:21:29.213 | WARNING  | rahasya.utils.http_client:_request_with_retry:60 - Attempt 2/3 failed for https://freesound.org/people/jayg/section/stats/?ajax=1: All connection attempts failed
2026-08-14 19:21:29.255 | WARNING  | rahasya.utils.http_client:_request_with_retry:60 - Attempt 3/3 failed for https://www.filmweb.pl/user/jayg: All connection attempts failed
2026-08-14 19:21:29.255 | WARNING  | rahasya.utils.http_client:_request_with_retry:60 - Attempt 1/3 failed for https://gab.com/api/v1/account_by_username/jayg: All connection attempts failed
2026-08-14 19:21:29.256 | WARNING  | rahasya.utils.http_client:_request_with_retry:60 - Attempt 2/3 failed for https://api.freecodecamp.org/users/get-public-profile?username=jayg: All connection attempts failed
2026-08-14 19:21:29.423 | WARNING  | rahasya.utils.http_client:_request_with_retry:60 - Attempt 2/3 failed for https://freelance.ua/user/jayg/: All connection attempts failed
2026-08-14 19:21:29.486 | WARNING  | rahasya.utils.http_client:_request_with_retry:60 - Attempt 3/3 failed for https://www.fiverr.com/validate_username: All connection attempts failed
2026-08-14 19:21:29.500 | WARNING  | rahasya.utils.http_client:_request_with_retry:60 - Attempt 2/3 failed for https://foursquare.com/jayg: All connection attempts failed
2026-08-14 19:21:29.504 | WARNING  | rahasya.utils.http_client:_request_with_retry:60 - Attempt 3/3 failed for https://fineartamerica.com/profiles/jayg: All connection attempts failed
2026-08-14 19:21:29.568 | WARNING  | rahasya.utils.http_client:_request_with_retry:60 - Attempt 2/3 failed for https://www.friendfinder-x.com/profile/jayg: All connection attempts failed
2026-08-14 19:21:29.696 | WARNING  | rahasya.utils.http_client:_request_with_retry:60 - Attempt 2/3 failed for https://freelancehunt.com/en/freelancer/jayg.html: All connection attempts failed
2026-08-14 19:21:29.763 | WARNING  | rahasya.utils.http_client:_request_with_retry:60 - Attempt 3/3 failed for https://my.flightradar24.com/jayg/: All connection attempts failed
2026-08-14 19:21:29.871 | WARNING  | rahasya.utils.http_client:_request_with_retry:60 - Attempt 2/3 failed for https://friendfinder.com/profile/jayg: All connection attempts failed
2026-08-14 19:21:29.871 | WARNING  | rahasya.utils.http_client:_request_with_retry:60 - Attempt 2/3 failed for https://www.freesteamkeys.com/members/jayg/: All connection attempts failed
2026-08-14 19:21:29.930 | WARNING  | rahasya.utils.http_client:_request_with_retry:60 - Attempt 2/3 failed for https://www.freelancer.com/api/users/0.1/users?usernames%5B%5D=jayg&compact=true: All connection attempts failed
2026-08-14 19:21:30.012 | WARNING  | rahasya.utils.http_client:_request_with_retry:60 - Attempt 3/3 failed for https://www.folkd.com/?app=core&module=system&controller=ajax&do=usernameExists&input=jayg: All connection attempts failed
2026-08-14 19:21:30.063 | WARNING  | rahasya.modules.base:safe_execute:181 - Module WhatsMyName was cancelled
2026-08-14 19:21:30.063 | ERROR    | rahasya.core.orchestrator:_run_scan_loop:206 - Module failed: TimeoutError: 
2026-08-14 19:21:30.091 | DEBUG    | rahasya.core.orchestrator:_run_scan_loop:181 - Dispatching 4 modules for [username] 'jgor'
2026-08-14 19:21:31.106 | INFO     | rahasya.modules.base:safe_execute:165 - Executing Ahmia on [username] 'jgor' (scan=bc73dc4c...)
2026-08-14 19:21:31.143 | INFO     | rahasya.modules.base:safe_execute:165 - Executing WhatsMyName on [username] 'jgor' (scan=bc73dc4c...)
2026-08-14 19:21:31.147 | INFO     | rahasya.modules.base:safe_execute:165 - Executing Sherlock on [username] 'jgor' (scan=bc73dc4c...)
2026-08-14 19:21:31.160 | INFO     | rahasya.modules.base:safe_execute:165 - Executing Maigret on [username] 'jgor' (scan=bc73dc4c...)
2026-08-14 19:21:31.693 | WARNING  | rahasya.utils.http_client:_request_with_retry:60 - Attempt 1/3 failed for https://ahmia.fi/api/search/?q=jgor: All connection attempts failed
2026-08-14 19:21:31.696 | WARNING  | rahasya.utils.http_client:_request_with_retry:60 - Attempt 1/3 failed for https://www.americanthinker.com/author/jgor/: All connection attempts failed
2026-08-14 19:21:31.789 | WARNING  | rahasya.utils.http_client:_request_with_retry:60 - Attempt 1/3 failed for https://3dtoday.ru/blogs/jgor: All connection attempts failed
2026-08-14 19:21:31.789 | WARNING  | rahasya.utils.http_client:_request_with_retry:60 - Attempt 1/3 failed for https://www.alik.cz/u/jgor: All connection attempts failed
2026-08-14 19:21:31.838 | WARNING  | rahasya.utils.http_client:_request_with_retry:60 - Attempt 1/3 failed for https://atcoder.jp/users/jgor: All connection attempts failed
2026-08-14 19:21:31.912 | WARNING  | rahasya.utils.http_client:_request_with_retry:60 - Attempt 1/3 failed for https://support.advancedcustomfields.com/forums/users/jgor/: All connection attempts failed
2026-08-14 19:21:31.912 | WARNING  | rahasya.utils.http_client:_request_with_retry:60 - Attempt 1/3 failed for https://www.artbreeder.com/jgor: All connection attempts failed
2026-08-14 19:21:31.985 | WARNING  | rahasya.utils.http_client:_request_with_retry:60 - Attempt 1/3 failed for https://asciinema.org/~jgor: All connection attempts failed
2026-08-14 19:21:31.985 | WARNING  | rahasya.utils.http_client:_request_with_retry:60 - Attempt 1/3 failed for https://35photo.pro/@jgor/: All connection attempts failed
2026-08-14 19:21:32.071 | WARNING  | rahasya.utils.http_client:_request_with_retry:60 - Attempt 1/3 failed for https://admireme.vip/jgor/: All connection attempts failed
2026-08-14 19:21:32.110 | WARNING  | rahasya.utils.http_client:_request_with_retry:60 - Attempt 1/3 failed for https://api.tracker.gg/api/v2/apex/standard/profile/origin/jgor: All connection attempts failed
2026-08-14 19:21:32.135 | WARNING  | rahasya.utils.http_client:_request_with_retry:60 - Attempt 1/3 failed for https://forum.arduino.cc/u/jgor.json: All connection attempts failed
2026-08-14 19:21:32.171 | WARNING  | rahasya.utils.http_client:_request_with_retry:60 - Attempt 1/3 failed for https://about.me/jgor: All connection attempts failed
2026-08-14 19:21:32.222 | WARNING  | rahasya.utils.http_client:_request_with_retry:60 - Attempt 1/3 failed for https://247ctf.com/progress/jgor: All connection attempts failed
2026-08-14 19:21:32.272 | WARNING  | rahasya.utils.http_client:_request_with_retry:60 - Attempt 1/3 failed for https://uk.advfn.com/forum/profile/jgor: All connection attempts failed
2026-08-14 19:21:32.396 | WARNING  | rahasya.utils.http_client:_request_with_retry:60 - Attempt 1/3 failed for https://albicla.com/jgor/post/1: All connection attempts failed
2026-08-14 19:21:32.521 | WARNING  | rahasya.utils.http_client:_request_with_retry:60 - Attempt 1/3 failed for https://projecthub.arduino.cc/jgor: All connection attempts failed
2026-08-14 19:21:32.525 | WARNING  | rahasya.utils.http_client:_request_with_retry:60 - Attempt 1/3 failed for https://cursos.alura.com.br/user/jgor: All connection attempts failed
2026-08-14 19:21:32.556 | WARNING  | rahasya.utils.http_client:_request_with_retry:60 - Attempt 1/3 failed for https://gitlab.archlinux.org/api/v4/users?username=jgor: All connection attempts failed
2026-08-14 19:21:32.556 | WARNING  | rahasya.utils.http_client:_request_with_retry:60 - Attempt 1/3 failed for https://www.adultism.com/profile/jgor: All connection attempts failed
2026-08-14 19:21:32.597 | WARNING  | rahasya.utils.http_client:_request_with_retry:60 - Attempt 1/3 failed for https://ameblo.jp/jgor: All connection attempts failed
2026-08-14 19:21:32.606 | WARNING  | rahasya.utils.http_client:_request_with_retry:60 - Attempt 1/3 failed for https://7dach.ru/profile/jgor: All connection attempts failed
2026-08-14 19:21:32.606 | WARNING  | rahasya.utils.http_client:_request_with_retry:60 - Attempt 1/3 failed for https://www.7cups.com/@jgor: All connection attempts failed
2026-08-14 19:21:32.668 | WARNING  | rahasya.utils.http_client:_request_with_retry:60 - Attempt 1/3 failed for https://arsmate.com/jgor: All connection attempts failed
2026-08-14 19:21:32.706 | WARNING  | rahasya.utils.http_client:_request_with_retry:60 - Attempt 2/3 failed for https://ahmia.fi/api/search/?q=jgor: All connection attempts failed
2026-08-14 19:21:32.710 | WARNING  | rahasya.utils.http_client:_request_with_retry:60 - Attempt 1/3 failed for https://graphql.anilist.co: All connection attempts failed
2026-08-14 19:21:32.710 | WARNING  | rahasya.utils.http_client:_request_with_retry:60 - Attempt 2/3 failed for https://www.americanthinker.com/author/jgor/: All connection attempts failed
2026-08-14 19:21:32.713 | WARNING  | rahasya.utils.http_client:_request_with_retry:60 - Attempt 1/3 failed for https://community.appian.com/members/jgor: All connection attempts failed
2026-08-14 19:21:32.770 | WARNING  | rahasya.utils.http_client:_request_with_retry:60 - Attempt 1/3 failed for https://247sports.com/User/jgor/: All connection attempts failed
2026-08-14 19:21:32.795 | WARNING  | rahasya.utils.http_client:_request_with_retry:60 - Attempt 2/3 failed for https://www.alik.cz/u/jgor: All connection attempts failed
2026-08-14 19:21:32.795 | WARNING  | rahasya.utils.http_client:_request_with_retry:60 - Attempt 2/3 failed for https://3dtoday.ru/blogs/jgor: All connection attempts failed
2026-08-14 19:21:32.873 | WARNING  | rahasya.utils.http_client:_request_with_retry:60 - Attempt 2/3 failed for https://atcoder.jp/users/jgor: All connection attempts failed
2026-08-14 19:21:32.915 | WARNING  | rahasya.utils.http_client:_request_with_retry:60 - Attempt 1/3 failed for https://au.ru/user/jgor/: All connection attempts failed
2026-08-14 19:21:32.918 | WARNING  | rahasya.utils.http_client:_request_with_retry:60 - Attempt 2/3 failed for https://support.advancedcustomfields.com/forums/users/jgor/: All connection attempts failed
2026-08-14 19:21:32.918 | WARNING  | rahasya.utils.http_client:_request_with_retry:60 - Attempt 2/3 failed for https://www.artbreeder.com/jgor: All connection attempts failed
2026-08-14 19:21:32.988 | WARNING  | rahasya.utils.http_client:_request_with_retry:60 - Attempt 2/3 failed for https://35photo.pro/@jgor/: All connection attempts failed
2026-08-14 19:21:32.988 | WARNING  | rahasya.utils.http_client:_request_with_retry:60 - Attempt 2/3 failed for https://asciinema.org/~jgor: All connection attempts failed
2026-08-14 19:21:32.988 | WARNING  | rahasya.utils.http_client:_request_with_retry:60 - Attempt 1/3 failed for https://armorgames.com/user/jgor: All connection attempts failed
2026-08-14 19:21:33.071 | WARNING  | rahasya.utils.http_client:_request_with_retry:60 - Attempt 2/3 failed for https://admireme.vip/jgor/: All connection attempts failed
2026-08-14 19:21:33.110 | WARNING  | rahasya.utils.http_client:_request_with_retry:60 - Attempt 2/3 failed for https://api.tracker.gg/api/v2/apex/standard/profile/origin/jgor: All connection attempts failed
2026-08-14 19:21:33.110 | WARNING  | rahasya.utils.http_client:_request_with_retry:60 - Attempt 1/3 failed for https://www.artstation.com/jgor: All connection attempts failed
2026-08-14 19:21:33.154 | WARNING  | rahasya.utils.http_client:_request_with_retry:60 - Attempt 2/3 failed for https://forum.arduino.cc/u/jgor.json: All connection attempts failed
2026-08-14 19:21:33.154 | WARNING  | rahasya.utils.http_client:_request_with_retry:60 - Attempt 1/3 failed for https://www.anime-planet.com/api/validation/username: All connection attempts failed
2026-08-14 19:21:33.179 | WARNING  | rahasya.utils.http_client:_request_with_retry:60 - Attempt 2/3 failed for https://about.me/jgor: All connection attempts failed
2026-08-14 19:21:33.226 | WARNING  | rahasya.utils.http_client:_request_with_retry:60 - Attempt 2/3 failed for https://247ctf.com/progress/jgor: All connection attempts failed
2026-08-14 19:21:33.268 | WARNING  | rahasya.utils.http_client:_request_with_retry:60 - Attempt 2/3 failed for https://uk.advfn.com/forum/profile/jgor: All connection attempts failed
2026-08-14 19:21:33.276 | ERROR    | rahasya.modules.social.maigret_module:execute:101 - Maigret execution failed: Expecting value: line 1 column 1 (char 0)
2026-08-14 19:21:33.276 | INFO     | rahasya.modules.base:safe_execute:173 - Completed Maigret: 0 entities found in 3140ms
2026-08-14 19:21:33.376 | ERROR    | rahasya.modules.social.sherlock_module:execute:74 - Sherlock execution failed: Expecting value: line 1 column 1 (char 0)
2026-08-14 19:21:33.376 | INFO     | rahasya.modules.base:safe_execute:173 - Completed Sherlock: 0 entities found in 3234ms
2026-08-14 19:21:33.413 | WARNING  | rahasya.utils.http_client:_request_with_retry:60 - Attempt 2/3 failed for https://albicla.com/jgor/post/1: All connection attempts failed
2026-08-14 19:21:33.535 | WARNING  | rahasya.utils.http_client:_request_with_retry:60 - Attempt 2/3 failed for https://projecthub.arduino.cc/jgor: All connection attempts failed
2026-08-14 19:21:33.535 | WARNING  | rahasya.utils.http_client:_request_with_retry:60 - Attempt 2/3 failed for https://cursos.alura.com.br/user/jgor: All connection attempts failed
2026-08-14 19:21:33.568 | WARNING  | rahasya.utils.http_client:_request_with_retry:60 - Attempt 2/3 failed for https://gitlab.archlinux.org/api/v4/users?username=jgor: All connection attempts failed
2026-08-14 19:21:33.573 | WARNING  | rahasya.utils.http_client:_request_with_retry:60 - Attempt 2/3 failed for https://www.adultism.com/profile/jgor: All connection attempts failed
2026-08-14 19:21:33.615 | WARNING  | rahasya.utils.http_client:_request_with_retry:60 - Attempt 2/3 failed for https://ameblo.jp/jgor: All connection attempts failed
2026-08-14 19:21:33.615 | WARNING  | rahasya.utils.http_client:_request_with_retry:60 - Attempt 2/3 failed for https://7dach.ru/profile/jgor: All connection attempts failed
2026-08-14 19:21:33.616 | WARNING  | rahasya.utils.http_client:_request_with_retry:60 - Attempt 2/3 failed for https://www.7cups.com/@jgor: All connection attempts failed
2026-08-14 19:21:33.671 | WARNING  | rahasya.utils.http_client:_request_with_retry:60 - Attempt 2/3 failed for https://arsmate.com/jgor: All connection attempts failed
2026-08-14 19:21:33.727 | WARNING  | rahasya.utils.http_client:_request_with_retry:60 - Attempt 2/3 failed for https://graphql.anilist.co: All connection attempts failed
2026-08-14 19:21:33.727 | WARNING  | rahasya.utils.http_client:_request_with_retry:60 - Attempt 2/3 failed for https://community.appian.com/members/jgor: All connection attempts failed
2026-08-14 19:21:33.785 | WARNING  | rahasya.utils.http_client:_request_with_retry:60 - Attempt 2/3 failed for https://247sports.com/User/jgor/: All connection attempts failed
2026-08-14 19:21:33.919 | WARNING  | rahasya.utils.http_client:_request_with_retry:60 - Attempt 2/3 failed for https://au.ru/user/jgor/: All connection attempts failed
2026-08-14 19:21:34.009 | WARNING  | rahasya.utils.http_client:_request_with_retry:60 - Attempt 2/3 failed for https://armorgames.com/user/jgor: All connection attempts failed
2026-08-14 19:21:34.119 | WARNING  | rahasya.utils.http_client:_request_with_retry:60 - Attempt 2/3 failed for https://www.artstation.com/jgor: All connection attempts failed
2026-08-14 19:21:34.164 | WARNING  | rahasya.utils.http_client:_request_with_retry:60 - Attempt 2/3 failed for https://www.anime-planet.com/api/validation/username: All connection attempts failed
2026-08-14 19:21:34.722 | WARNING  | rahasya.utils.http_client:_request_with_retry:60 - Attempt 3/3 failed for https://ahmia.fi/api/search/?q=jgor: All connection attempts failed
2026-08-14 19:21:34.722 | ERROR    | rahasya.modules.darkweb.ahmia_module:execute:51 - Ahmia API search failed: All connection attempts failed
2026-08-14 19:21:34.722 | INFO     | rahasya.modules.base:safe_execute:173 - Completed Ahmia: 0 entities found in 4625ms
2026-08-14 19:21:34.723 | WARNING  | rahasya.utils.http_client:_request_with_retry:60 - Attempt 3/3 failed for https://www.americanthinker.com/author/jgor/: All connection attempts failed
2026-08-14 19:21:34.800 | WARNING  | rahasya.utils.http_client:_request_with_retry:60 - Attempt 3/3 failed for https://3dtoday.ru/blogs/jgor: All connection attempts failed
2026-08-14 19:21:34.800 | WARNING  | rahasya.utils.http_client:_request_with_retry:60 - Attempt 3/3 failed for https://www.alik.cz/u/jgor: All connection attempts failed
2026-08-14 19:21:34.859 | WARNING  | rahasya.utils.http_client:_request_with_retry:60 - Attempt 3/3 failed for https://atcoder.jp/users/jgor: All connection attempts failed
2026-08-14 19:21:34.924 | WARNING  | rahasya.utils.http_client:_request_with_retry:60 - Attempt 3/3 failed for https://support.advancedcustomfields.com/forums/users/jgor/: All connection attempts failed
2026-08-14 19:21:34.924 | WARNING  | rahasya.utils.http_client:_request_with_retry:60 - Attempt 3/3 failed for https://www.artbreeder.com/jgor: All connection attempts failed
2026-08-14 19:21:34.999 | WARNING  | rahasya.utils.http_client:_request_with_retry:60 - Attempt 3/3 failed for https://35photo.pro/@jgor/: All connection attempts failed
2026-08-14 19:21:34.999 | WARNING  | rahasya.utils.http_client:_request_with_retry:60 - Attempt 3/3 failed for https://asciinema.org/~jgor: All connection attempts failed
2026-08-14 19:21:35.091 | WARNING  | rahasya.utils.http_client:_request_with_retry:60 - Attempt 3/3 failed for https://admireme.vip/jgor/: All connection attempts failed
2026-08-14 19:21:35.111 | WARNING  | rahasya.utils.http_client:_request_with_retry:60 - Attempt 3/3 failed for https://api.tracker.gg/api/v2/apex/standard/profile/origin/jgor: All connection attempts failed
2026-08-14 19:21:35.158 | WARNING  | rahasya.utils.http_client:_request_with_retry:60 - Attempt 3/3 failed for https://forum.arduino.cc/u/jgor.json: All connection attempts failed
2026-08-14 19:21:35.190 | WARNING  | rahasya.utils.http_client:_request_with_retry:60 - Attempt 3/3 failed for https://about.me/jgor: All connection attempts failed
2026-08-14 19:21:35.251 | WARNING  | rahasya.utils.http_client:_request_with_retry:60 - Attempt 3/3 failed for https://247ctf.com/progress/jgor: All connection attempts failed
2026-08-14 19:21:35.255 | WARNING  | rahasya.utils.http_client:_request_with_retry:60 - Attempt 3/3 failed for https://uk.advfn.com/forum/profile/jgor: All connection attempts failed
2026-08-14 19:21:35.438 | WARNING  | rahasya.utils.http_client:_request_with_retry:60 - Attempt 3/3 failed for https://albicla.com/jgor/post/1: All connection attempts failed
2026-08-14 19:21:35.540 | WARNING  | rahasya.utils.http_client:_request_with_retry:60 - Attempt 3/3 failed for https://projecthub.arduino.cc/jgor: All connection attempts failed
2026-08-14 19:21:35.540 | WARNING  | rahasya.utils.http_client:_request_with_retry:60 - Attempt 3/3 failed for https://cursos.alura.com.br/user/jgor: All connection attempts failed
2026-08-14 19:21:35.588 | WARNING  | rahasya.utils.http_client:_request_with_retry:60 - Attempt 3/3 failed for https://gitlab.archlinux.org/api/v4/users?username=jgor: All connection attempts failed
2026-08-14 19:21:35.588 | WARNING  | rahasya.utils.http_client:_request_with_retry:60 - Attempt 3/3 failed for https://www.adultism.com/profile/jgor: All connection attempts failed
2026-08-14 19:21:35.621 | WARNING  | rahasya.utils.http_client:_request_with_retry:60 - Attempt 3/3 failed for https://7dach.ru/profile/jgor: All connection attempts failed
2026-08-14 19:21:35.621 | WARNING  | rahasya.utils.http_client:_request_with_retry:60 - Attempt 3/3 failed for https://ameblo.jp/jgor: All connection attempts failed
2026-08-14 19:21:35.622 | WARNING  | rahasya.utils.http_client:_request_with_retry:60 - Attempt 3/3 failed for https://www.7cups.com/@jgor: All connection attempts failed
2026-08-14 19:21:35.671 | WARNING  | rahasya.utils.http_client:_request_with_retry:60 - Attempt 3/3 failed for https://arsmate.com/jgor: All connection attempts failed
2026-08-14 19:21:35.733 | WARNING  | rahasya.utils.http_client:_request_with_retry:60 - Attempt 3/3 failed for https://graphql.anilist.co: All connection attempts failed
2026-08-14 19:21:35.738 | WARNING  | rahasya.utils.http_client:_request_with_retry:60 - Attempt 3/3 failed for https://community.appian.com/members/jgor: All connection attempts failed
2026-08-14 19:21:35.803 | WARNING  | rahasya.utils.http_client:_request_with_retry:60 - Attempt 3/3 failed for https://247sports.com/User/jgor/: All connection attempts failed
2026-08-14 19:21:35.892 | WARNING  | rahasya.utils.http_client:_request_with_retry:60 - Attempt 1/3 failed for https://www.bdsmsingles.com/members/jgor/: All connection attempts failed
2026-08-14 19:21:35.892 | WARNING  | rahasya.utils.http_client:_request_with_retry:60 - Attempt 1/3 failed for https://bentbox.co/jgor: All connection attempts failed
2026-08-14 19:21:35.924 | WARNING  | rahasya.utils.http_client:_request_with_retry:60 - Attempt 3/3 failed for https://au.ru/user/jgor/: All connection attempts failed
2026-08-14 19:21:36.030 | WARNING  | rahasya.utils.http_client:_request_with_retry:60 - Attempt 1/3 failed for https://www.babyblog.ru/user/jgor: All connection attempts failed
2026-08-14 19:21:36.030 | WARNING  | rahasya.utils.http_client:_request_with_retry:60 - Attempt 3/3 failed for https://armorgames.com/user/jgor: All connection attempts failed
2026-08-14 19:21:36.078 | WARNING  | rahasya.utils.http_client:_request_with_retry:60 - Attempt 1/3 failed for https://audiojungle.net/user/jgor: All connection attempts failed
2026-08-14 19:21:36.108 | WARNING  | rahasya.utils.http_client:_request_with_retry:60 - Attempt 3/3 failed for https://www.artstation.com/jgor: All connection attempts failed
2026-08-14 19:21:36.108 | WARNING  | rahasya.utils.http_client:_request_with_retry:60 - Attempt 1/3 failed for https://bandcamp.com/jgor: All connection attempts failed
2026-08-14 19:21:36.174 | WARNING  | rahasya.utils.http_client:_request_with_retry:60 - Attempt 1/3 failed for https://community.avid.com/members/jgor/default.aspx: All connection attempts failed
2026-08-14 19:21:36.174 | WARNING  | rahasya.utils.http_client:_request_with_retry:60 - Attempt 3/3 failed for https://www.anime-planet.com/api/validation/username: All connection attempts failed
2026-08-14 19:21:36.273 | WARNING  | rahasya.utils.http_client:_request_with_retry:60 - Attempt 1/3 failed for https://beacons.ai/jgor: All connection attempts failed
2026-08-14 19:21:36.333 | WARNING  | rahasya.utils.http_client:_request_with_retry:60 - Attempt 1/3 failed for https://bio.link/jgor: All connection attempts failed
2026-08-14 19:21:36.383 | WARNING  | rahasya.utils.http_client:_request_with_retry:60 - Attempt 1/3 failed for https://bio.site/jgor: All connection attempts failed
2026-08-14 19:21:36.399 | WARNING  | rahasya.utils.http_client:_request_with_retry:60 - Attempt 1/3 failed for https://jgor.bdsmlr.com: All connection attempts failed
2026-08-14 19:21:36.530 | WARNING  | rahasya.utils.http_client:_request_with_retry:60 - Attempt 1/3 failed for https://forums.babypips.com/u/jgor.json: All connection attempts failed
2026-08-14 19:21:36.565 | WARNING  | rahasya.utils.http_client:_request_with_retry:60 - Attempt 1/3 failed for http://blogmarks.net/user/jgor: All connection attempts failed
2026-08-14 19:21:36.612 | WARNING  | rahasya.utils.http_client:_request_with_retry:60 - Attempt 1/3 failed for https://www.bookcrossing.com/mybookshelf/jgor: All connection attempts failed
2026-08-14 19:21:36.645 | WARNING  | rahasya.utils.http_client:_request_with_retry:60 - Attempt 1/3 failed for https://www.bigo.tv/user/jgor: All connection attempts failed
2026-08-14 19:21:36.655 | WARNING  | rahasya.utils.http_client:_request_with_retry:60 - Attempt 1/3 failed for http://jgor.blogspot.com: All connection attempts failed
2026-08-14 19:21:36.704 | WARNING  | rahasya.utils.http_client:_request_with_retry:60 - Attempt 1/3 failed for https://www.babepedia.com/user/jgor: All connection attempts failed
2026-08-14 19:21:36.704 | WARNING  | rahasya.utils.http_client:_request_with_retry:60 - Attempt 1/3 failed for https://www.bandlab.com/api/v1.3/users/jgor: All connection attempts failed
2026-08-14 19:21:36.735 | WARNING  | rahasya.utils.http_client:_request_with_retry:60 - Attempt 1/3 failed for https://brickset.com/profile/jgor: All connection attempts failed
2026-08-14 19:21:36.890 | WARNING  | rahasya.utils.http_client:_request_with_retry:60 - Attempt 2/3 failed for https://www.bdsmsingles.com/members/jgor/: All connection attempts failed
2026-08-14 19:21:36.890 | WARNING  | rahasya.utils.http_client:_request_with_retry:60 - Attempt 2/3 failed for https://bentbox.co/jgor: All connection attempts failed
2026-08-14 19:21:36.922 | WARNING  | rahasya.utils.http_client:_request_with_retry:60 - Attempt 1/3 failed for https://ask.bimpos.com/user/jgor: All connection attempts failed
2026-08-14 19:21:36.950 | WARNING  | rahasya.utils.http_client:_request_with_retry:60 - Attempt 1/3 failed for https://bitbucket.org/!api/2.0/repositories/jgor?page=1&pagelen=25&sort=-updated_on&q=&fields=-values.owner%2C-values.workspace: All connection attempts failed
2026-08-14 19:21:36.950 | WARNING  | rahasya.utils.http_client:_request_with_retry:60 - Attempt 1/3 failed for https://booknode.com/profil/jgor: All connection attempts failed
2026-08-14 19:21:37.000 | WARNING  | rahasya.utils.http_client:_request_with_retry:60 - Attempt 1/3 failed for https://public.api.bsky.app/xrpc/app.bsky.actor.getProfile?actor=jgor.bsky.social: All connection attempts failed
2026-08-14 19:21:37.033 | WARNING  | rahasya.utils.http_client:_request_with_retry:60 - Attempt 2/3 failed for https://www.babyblog.ru/user/jgor: All connection attempts failed
2026-08-14 19:21:37.077 | WARNING  | rahasya.utils.http_client:_request_with_retry:60 - Attempt 2/3 failed for https://audiojungle.net/user/jgor: All connection attempts failed
2026-08-14 19:21:37.126 | WARNING  | rahasya.utils.http_client:_request_with_retry:60 - Attempt 2/3 failed for https://bandcamp.com/jgor: All connection attempts failed
2026-08-14 19:21:37.158 | WARNING  | rahasya.utils.http_client:_request_with_retry:60 - Attempt 1/3 failed for https://www.biggerpockets.com/users/jgor: All connection attempts failed
2026-08-14 19:21:37.203 | WARNING  | rahasya.utils.http_client:_request_with_retry:60 - Attempt 2/3 failed for https://community.avid.com/members/jgor/default.aspx: All connection attempts failed
2026-08-14 19:21:37.233 | WARNING  | rahasya.utils.http_client:_request_with_retry:60 - Attempt 1/3 failed for https://www.blogi.pl/osoba,jgor.html: All connection attempts failed
2026-08-14 19:21:37.282 | WARNING  | rahasya.utils.http_client:_request_with_retry:60 - Attempt 2/3 failed for https://beacons.ai/jgor: All connection attempts failed
2026-08-14 19:21:37.349 | WARNING  | rahasya.utils.http_client:_request_with_retry:60 - Attempt 2/3 failed for https://bio.link/jgor: All connection attempts failed
2026-08-14 19:21:37.374 | WARNING  | rahasya.utils.http_client:_request_with_retry:60 - Attempt 1/3 failed for https://jgor.booth.pm/: All connection attempts failed
2026-08-14 19:21:37.408 | WARNING  | rahasya.utils.http_client:_request_with_retry:60 - Attempt 2/3 failed for https://jgor.bdsmlr.com: All connection attempts failed
2026-08-14 19:21:37.408 | WARNING  | rahasya.utils.http_client:_request_with_retry:60 - Attempt 2/3 failed for https://bio.site/jgor: All connection attempts failed
2026-08-14 19:21:37.482 | WARNING  | rahasya.utils.http_client:_request_with_retry:60 - Attempt 1/3 failed for https://api.boosty.to/v1/blog/jgor: All connection attempts failed
2026-08-14 19:21:37.482 | WARNING  | rahasya.utils.http_client:_request_with_retry:60 - Attempt 1/3 failed for https://api.bitchute.com/api/beta/channel: All connection attempts failed
2026-08-14 19:21:37.541 | WARNING  | rahasya.utils.http_client:_request_with_retry:60 - Attempt 2/3 failed for https://forums.babypips.com/u/jgor.json: All connection attempts failed
2026-08-14 19:21:37.541 | WARNING  | rahasya.utils.http_client:_request_with_retry:60 - Attempt 1/3 failed for https://bsky.app/profile/jgor: All connection attempts failed
2026-08-14 19:21:37.578 | WARNING  | rahasya.utils.http_client:_request_with_retry:60 - Attempt 2/3 failed for http://blogmarks.net/user/jgor: All connection attempts failed
2026-08-14 19:21:37.644 | WARNING  | rahasya.utils.http_client:_request_with_retry:60 - Attempt 2/3 failed for http://jgor.blogspot.com: All connection attempts failed
2026-08-14 19:21:37.645 | WARNING  | rahasya.utils.http_client:_request_with_retry:60 - Attempt 2/3 failed for https://www.bookcrossing.com/mybookshelf/jgor: All connection attempts failed
2026-08-14 19:21:37.645 | WARNING  | rahasya.utils.http_client:_request_with_retry:60 - Attempt 2/3 failed for https://www.bigo.tv/user/jgor: All connection attempts failed
2026-08-14 19:21:37.702 | WARNING  | rahasya.utils.http_client:_request_with_retry:60 - Attempt 2/3 failed for https://www.babepedia.com/user/jgor: All connection attempts failed
2026-08-14 19:21:37.702 | WARNING  | rahasya.utils.http_client:_request_with_retry:60 - Attempt 2/3 failed for https://www.bandlab.com/api/v1.3/users/jgor: All connection attempts failed
2026-08-14 19:21:37.736 | WARNING  | rahasya.utils.http_client:_request_with_retry:60 - Attempt 2/3 failed for https://brickset.com/profile/jgor: All connection attempts failed
2026-08-14 19:21:37.810 | WARNING  | rahasya.utils.http_client:_request_with_retry:60 - Attempt 1/3 failed for https://api.geekdo.com/api/accounts/validate/username?username=jgor: All connection attempts failed
2026-08-14 19:21:37.934 | WARNING  | rahasya.utils.http_client:_request_with_retry:60 - Attempt 2/3 failed for https://ask.bimpos.com/user/jgor: All connection attempts failed
2026-08-14 19:21:37.934 | WARNING  | rahasya.utils.http_client:_request_with_retry:60 - Attempt 2/3 failed for https://booknode.com/profil/jgor: All connection attempts failed
2026-08-14 19:21:37.949 | WARNING  | rahasya.utils.http_client:_request_with_retry:60 - Attempt 2/3 failed for https://bitbucket.org/!api/2.0/repositories/jgor?page=1&pagelen=25&sort=-updated_on&q=&fields=-values.owner%2C-values.workspace: All connection attempts failed
2026-08-14 19:21:37.996 | WARNING  | rahasya.utils.http_client:_request_with_retry:60 - Attempt 2/3 failed for https://public.api.bsky.app/xrpc/app.bsky.actor.getProfile?actor=jgor.bsky.social: All connection attempts failed
2026-08-14 19:21:38.155 | WARNING  | rahasya.utils.http_client:_request_with_retry:60 - Attempt 2/3 failed for https://www.biggerpockets.com/users/jgor: All connection attempts failed
2026-08-14 19:21:38.207 | WARNING  | rahasya.utils.http_client:_request_with_retry:60 - Attempt 1/3 failed for https://bugcrowd.com/profile-service/v1/profiles/jgor: All connection attempts failed
2026-08-14 19:21:38.229 | WARNING  | rahasya.utils.http_client:_request_with_retry:60 - Attempt 2/3 failed for https://www.blogi.pl/osoba,jgor.html: All connection attempts failed
2026-08-14 19:21:38.374 | WARNING  | rahasya.utils.http_client:_request_with_retry:60 - Attempt 2/3 failed for https://jgor.booth.pm/: All connection attempts failed
2026-08-14 19:21:38.482 | WARNING  | rahasya.utils.http_client:_request_with_retry:60 - Attempt 2/3 failed for https://api.boosty.to/v1/blog/jgor: All connection attempts failed
2026-08-14 19:21:38.485 | WARNING  | rahasya.utils.http_client:_request_with_retry:60 - Attempt 2/3 failed for https://api.bitchute.com/api/beta/channel: All connection attempts failed
2026-08-14 19:21:38.549 | WARNING  | rahasya.utils.http_client:_request_with_retry:60 - Attempt 2/3 failed for https://bsky.app/profile/jgor: All connection attempts failed
2026-08-14 19:21:38.806 | WARNING  | rahasya.utils.http_client:_request_with_retry:60 - Attempt 2/3 failed for https://api.geekdo.com/api/accounts/validate/username?username=jgor: All connection attempts failed
2026-08-14 19:21:38.898 | WARNING  | rahasya.utils.http_client:_request_with_retry:60 - Attempt 3/3 failed for https://www.bdsmsingles.com/members/jgor/: All connection attempts failed
2026-08-14 19:21:38.898 | WARNING  | rahasya.utils.http_client:_request_with_retry:60 - Attempt 3/3 failed for https://bentbox.co/jgor: All connection attempts failed
2026-08-14 19:21:39.049 | WARNING  | rahasya.utils.http_client:_request_with_retry:60 - Attempt 3/3 failed for https://www.babyblog.ru/user/jgor: All connection attempts failed
2026-08-14 19:21:39.049 | WARNING  | rahasya.utils.http_client:_request_with_retry:60 - Attempt 3/3 failed for https://audiojungle.net/user/jgor: All connection attempts failed
2026-08-14 19:21:39.124 | WARNING  | rahasya.utils.http_client:_request_with_retry:60 - Attempt 3/3 failed for https://bandcamp.com/jgor: All connection attempts failed
2026-08-14 19:21:39.217 | WARNING  | rahasya.utils.http_client:_request_with_retry:60 - Attempt 3/3 failed for https://community.avid.com/members/jgor/default.aspx: All connection attempts failed
2026-08-14 19:21:39.217 | WARNING  | rahasya.utils.http_client:_request_with_retry:60 - Attempt 2/3 failed for https://bugcrowd.com/profile-service/v1/profiles/jgor: All connection attempts failed
2026-08-14 19:21:39.284 | WARNING  | rahasya.utils.http_client:_request_with_retry:60 - Attempt 3/3 failed for https://beacons.ai/jgor: All connection attempts failed
2026-08-14 19:21:39.357 | WARNING  | rahasya.utils.http_client:_request_with_retry:60 - Attempt 3/3 failed for https://bio.link/jgor: All connection attempts failed
2026-08-14 19:21:39.420 | WARNING  | rahasya.utils.http_client:_request_with_retry:60 - Attempt 3/3 failed for https://jgor.bdsmlr.com: All connection attempts failed
2026-08-14 19:21:39.420 | WARNING  | rahasya.utils.http_client:_request_with_retry:60 - Attempt 3/3 failed for https://bio.site/jgor: All connection attempts failed
2026-08-14 19:21:39.546 | WARNING  | rahasya.utils.http_client:_request_with_retry:60 - Attempt 3/3 failed for https://forums.babypips.com/u/jgor.json: All connection attempts failed
2026-08-14 19:21:39.582 | WARNING  | rahasya.utils.http_client:_request_with_retry:60 - Attempt 3/3 failed for http://blogmarks.net/user/jgor: All connection attempts failed
2026-08-14 19:21:39.641 | WARNING  | rahasya.utils.http_client:_request_with_retry:60 - Attempt 3/3 failed for http://jgor.blogspot.com: All connection attempts failed
2026-08-14 19:21:39.641 | WARNING  | rahasya.utils.http_client:_request_with_retry:60 - Attempt 3/3 failed for https://www.bigo.tv/user/jgor: All connection attempts failed
2026-08-14 19:21:39.641 | WARNING  | rahasya.utils.http_client:_request_with_retry:60 - Attempt 3/3 failed for https://www.bookcrossing.com/mybookshelf/jgor: All connection attempts failed
2026-08-14 19:21:39.702 | WARNING  | rahasya.utils.http_client:_request_with_retry:60 - Attempt 3/3 failed for https://www.babepedia.com/user/jgor: All connection attempts failed
2026-08-14 19:21:39.702 | WARNING  | rahasya.utils.http_client:_request_with_retry:60 - Attempt 3/3 failed for https://www.bandlab.com/api/v1.3/users/jgor: All connection attempts failed
2026-08-14 19:21:39.726 | WARNING  | rahasya.utils.http_client:_request_with_retry:60 - Attempt 3/3 failed for https://brickset.com/profile/jgor: All connection attempts failed
2026-08-14 19:21:39.941 | WARNING  | rahasya.utils.http_client:_request_with_retry:60 - Attempt 3/3 failed for https://ask.bimpos.com/user/jgor: All connection attempts failed
2026-08-14 19:21:39.942 | WARNING  | rahasya.utils.http_client:_request_with_retry:60 - Attempt 3/3 failed for https://bitbucket.org/!api/2.0/repositories/jgor?page=1&pagelen=25&sort=-updated_on&q=&fields=-values.owner%2C-values.workspace: All connection attempts failed
2026-08-14 19:21:39.942 | WARNING  | rahasya.utils.http_client:_request_with_retry:60 - Attempt 3/3 failed for https://booknode.com/profil/jgor: All connection attempts failed
2026-08-14 19:21:39.976 | WARNING  | rahasya.utils.http_client:_request_with_retry:60 - Attempt 3/3 failed for https://public.api.bsky.app/xrpc/app.bsky.actor.getProfile?actor=jgor.bsky.social: All connection attempts failed
2026-08-14 19:21:39.976 | WARNING  | rahasya.utils.http_client:_request_with_retry:60 - Attempt 1/3 failed for https://calendly.com/api/booking/profiles/jgor: All connection attempts failed
2026-08-14 19:21:40.165 | WARNING  | rahasya.utils.http_client:_request_with_retry:60 - Attempt 3/3 failed for https://www.biggerpockets.com/users/jgor: All connection attempts failed
2026-08-14 19:21:40.165 | WARNING  | rahasya.utils.http_client:_request_with_retry:60 - Attempt 1/3 failed for https://www.buzzfeed.com/jgor: All connection attempts failed
2026-08-14 19:21:40.243 | WARNING  | rahasya.utils.http_client:_request_with_retry:60 - Attempt 3/3 failed for https://www.blogi.pl/osoba,jgor.html: All connection attempts failed
2026-08-14 19:21:40.243 | WARNING  | rahasya.utils.http_client:_request_with_retry:60 - Attempt 1/3 failed for https://beta.cent.co/data/user/profile?userHandles=jgor: All connection attempts failed
2026-08-14 19:21:40.345 | WARNING  | rahasya.utils.http_client:_request_with_retry:60 - Attempt 1/3 failed for https://www.championat.com/user/jgor/: All connection attempts failed
2026-08-14 19:21:40.377 | WARNING  | rahasya.utils.http_client:_request_with_retry:60 - Attempt 3/3 failed for https://jgor.booth.pm/: All connection attempts failed
2026-08-14 19:21:40.393 | WARNING  | rahasya.utils.http_client:_request_with_retry:60 - Attempt 1/3 failed for https://forum.cfx.re/u/jgor.json: All connection attempts failed
2026-08-14 19:21:40.469 | WARNING  | rahasya.utils.http_client:_request_with_retry:60 - Attempt 1/3 failed for https://career.habr.com/jgor: All connection attempts failed
2026-08-14 19:21:40.503 | WARNING  | rahasya.utils.http_client:_request_with_retry:60 - Attempt 3/3 failed for https://api.boosty.to/v1/blog/jgor: All connection attempts failed
2026-08-14 19:21:40.503 | WARNING  | rahasya.utils.http_client:_request_with_retry:60 - Attempt 3/3 failed for https://api.bitchute.com/api/beta/channel: All connection attempts failed
2026-08-14 19:21:40.556 | WARNING  | rahasya.utils.http_client:_request_with_retry:60 - Attempt 3/3 failed for https://bsky.app/profile/jgor: All connection attempts failed
2026-08-14 19:21:40.666 | WARNING  | rahasya.utils.http_client:_request_with_retry:60 - Attempt 1/3 failed for https://www.cameo.com/api/v2/users/jgor: All connection attempts failed
2026-08-14 19:21:40.666 | WARNING  | rahasya.utils.http_client:_request_with_retry:60 - Attempt 1/3 failed for https://www.castingcall.club/jgor: All connection attempts failed
2026-08-14 19:21:40.751 | WARNING  | rahasya.utils.http_client:_request_with_retry:60 - Attempt 1/3 failed for https://app.buymeacoffee.com/api/v1/check_availability: All connection attempts failed
2026-08-14 19:21:40.830 | WARNING  | rahasya.utils.http_client:_request_with_retry:60 - Attempt 3/3 failed for https://api.geekdo.com/api/accounts/validate/username?username=jgor: All connection attempts failed
2026-08-14 19:21:40.923 | WARNING  | rahasya.utils.http_client:_request_with_retry:60 - Attempt 1/3 failed for https://chomikuj.pl/jgor/: All connection attempts failed
2026-08-14 19:21:40.988 | WARNING  | rahasya.utils.http_client:_request_with_retry:60 - Attempt 1/3 failed for https://community.bunpro.jp/u/jgor.json: All connection attempts failed
2026-08-14 19:21:40.989 | WARNING  | rahasya.utils.http_client:_request_with_retry:60 - Attempt 1/3 failed for https://chyoa.com/user/jgor: All connection attempts failed
2026-08-14 19:21:40.989 | WARNING  | rahasya.utils.http_client:_request_with_retry:60 - Attempt 2/3 failed for https://calendly.com/api/booking/profiles/jgor: All connection attempts failed
2026-08-14 19:21:40.989 | WARNING  | rahasya.utils.http_client:_request_with_retry:60 - Attempt 1/3 failed for https://cafecito.app/jgor: All connection attempts failed
2026-08-14 19:21:41.105 | WARNING  | rahasya.utils.http_client:_request_with_retry:60 - Attempt 1/3 failed for https://www.cda.pl/jgor: All connection attempts failed
2026-08-14 19:21:41.169 | WARNING  | rahasya.utils.http_client:_request_with_retry:60 - Attempt 2/3 failed for https://www.buzzfeed.com/jgor: All connection attempts failed
2026-08-14 19:21:41.219 | WARNING  | rahasya.utils.http_client:_request_with_retry:60 - Attempt 3/3 failed for https://bugcrowd.com/profile-service/v1/profiles/jgor: All connection attempts failed
2026-08-14 19:21:41.235 | WARNING  | rahasya.utils.http_client:_request_with_retry:60 - Attempt 1/3 failed for https://jgor.carbonmade.com/: All connection attempts failed
2026-08-14 19:21:41.349 | WARNING  | rahasya.utils.http_client:_request_with_retry:60 - Attempt 2/3 failed for https://beta.cent.co/data/user/profile?userHandles=jgor: All connection attempts failed
2026-08-14 19:21:41.351 | WARNING  | rahasya.utils.http_client:_request_with_retry:60 - Attempt 1/3 failed for https://www.clubhouse.com/@jgor: All connection attempts failed
2026-08-14 19:21:41.351 | WARNING  | rahasya.utils.http_client:_request_with_retry:60 - Attempt 1/3 failed for https://cheezburger.com/Editor/jgor: All connection attempts failed
2026-08-14 19:21:41.351 | WARNING  | rahasya.utils.http_client:_request_with_retry:60 - Attempt 2/3 failed for https://www.championat.com/user/jgor/: All connection attempts failed
2026-08-14 19:21:41.398 | WARNING  | rahasya.utils.http_client:_request_with_retry:60 - Attempt 2/3 failed for https://forum.cfx.re/u/jgor.json: All connection attempts failed
2026-08-14 19:21:41.430 | WARNING  | rahasya.utils.http_client:_request_with_retry:60 - Attempt 1/3 failed for https://www.chamsko.pl/profil/jgor: All connection attempts failed
2026-08-14 19:21:41.443 | WARNING  | rahasya.utils.http_client:_request_with_retry:60 - Attempt 1/3 failed for https://jgor.carrd.co: All connection attempts failed
2026-08-14 19:21:41.462 | WARNING  | rahasya.utils.http_client:_request_with_retry:60 - Attempt 2/3 failed for https://career.habr.com/jgor: All connection attempts failed
2026-08-14 19:21:41.462 | WARNING  | rahasya.utils.http_client:_request_with_retry:60 - Attempt 1/3 failed for https://api.chess.com/pub/player/jgor: All connection attempts failed
2026-08-14 19:21:41.481 | WARNING  | rahasya.utils.http_client:_request_with_retry:60 - Attempt 1/3 failed for https://jgor.chatango.com: All connection attempts failed
2026-08-14 19:21:41.575 | WARNING  | rahasya.utils.http_client:_request_with_retry:60 - Attempt 1/3 failed for https://chaturbate.com/jgor/: All connection attempts failed
2026-08-14 19:21:41.674 | WARNING  | rahasya.utils.http_client:_request_with_retry:60 - Attempt 2/3 failed for https://www.castingcall.club/jgor: All connection attempts failed
2026-08-14 19:21:41.700 | WARNING  | rahasya.utils.http_client:_request_with_retry:60 - Attempt 2/3 failed for https://www.cameo.com/api/v2/users/jgor: All connection attempts failed
2026-08-14 19:21:41.748 | WARNING  | rahasya.utils.http_client:_request_with_retry:60 - Attempt 2/3 failed for https://app.buymeacoffee.com/api/v1/check_availability: All connection attempts failed
2026-08-14 19:21:41.782 | WARNING  | rahasya.utils.http_client:_request_with_retry:60 - Attempt 1/3 failed for https://choko.link/jgor: All connection attempts failed
2026-08-14 19:21:41.782 | WARNING  | rahasya.utils.http_client:_request_with_retry:60 - Attempt 1/3 failed for https://community.chocolatey.org/profiles/jgor: All connection attempts failed
2026-08-14 19:21:41.936 | WARNING  | rahasya.utils.http_client:_request_with_retry:60 - Attempt 1/3 failed for https://community.cloudflare.com/u/jgor/card.json: All connection attempts failed
2026-08-14 19:21:41.936 | WARNING  | rahasya.utils.http_client:_request_with_retry:60 - Attempt 2/3 failed for https://chomikuj.pl/jgor/: All connection attempts failed
2026-08-14 19:21:42.002 | WARNING  | rahasya.utils.http_client:_request_with_retry:60 - Attempt 2/3 failed for https://chyoa.com/user/jgor: All connection attempts failed
2026-08-14 19:21:42.004 | WARNING  | rahasya.utils.http_client:_request_with_retry:60 - Attempt 2/3 failed for https://community.bunpro.jp/u/jgor.json: All connection attempts failed
2026-08-14 19:21:42.004 | WARNING  | rahasya.utils.http_client:_request_with_retry:60 - Attempt 2/3 failed for https://cafecito.app/jgor: All connection attempts failed
2026-08-14 19:21:42.005 | WARNING  | rahasya.utils.http_client:_request_with_retry:60 - Attempt 1/3 failed for https://coda.io/@jgor/: All connection attempts failed
2026-08-14 19:21:42.113 | WARNING  | rahasya.utils.http_client:_request_with_retry:60 - Attempt 2/3 failed for https://www.cda.pl/jgor: All connection attempts failed
2026-08-14 19:21:42.209 | WARNING  | rahasya.utils.http_client:_request_with_retry:60 - Attempt 1/3 failed for https://www.codechef.com/users/jgor: All connection attempts failed
2026-08-14 19:21:42.243 | WARNING  | rahasya.utils.http_client:_request_with_retry:60 - Attempt 2/3 failed for https://jgor.carbonmade.com/: All connection attempts failed
2026-08-14 19:21:42.312 | WARNING  | rahasya.utils.http_client:_request_with_retry:60 - Attempt 1/3 failed for https://www.cnet.com/profiles/jgor/: All connection attempts failed
2026-08-14 19:21:42.374 | WARNING  | rahasya.utils.http_client:_request_with_retry:60 - Attempt 2/3 failed for https://www.clubhouse.com/@jgor: All connection attempts failed
2026-08-14 19:21:42.374 | WARNING  | rahasya.utils.http_client:_request_with_retry:60 - Attempt 2/3 failed for https://cheezburger.com/Editor/jgor: All connection attempts failed
2026-08-14 19:21:42.422 | WARNING  | rahasya.utils.http_client:_request_with_retry:60 - Attempt 1/3 failed for https://www.codecademy.com/profiles/jgor: All connection attempts failed
2026-08-14 19:21:42.452 | WARNING  | rahasya.utils.http_client:_request_with_retry:60 - Attempt 1/3 failed for https://codeberg.org/api/v1/users/jgor: All connection attempts failed
2026-08-14 19:21:42.453 | WARNING  | rahasya.utils.http_client:_request_with_retry:60 - Attempt 2/3 failed for https://www.chamsko.pl/profil/jgor: All connection attempts failed
2026-08-14 19:21:42.453 | WARNING  | rahasya.utils.http_client:_request_with_retry:60 - Attempt 2/3 failed for https://jgor.carrd.co: All connection attempts failed
2026-08-14 19:21:42.484 | WARNING  | rahasya.utils.http_client:_request_with_retry:60 - Attempt 2/3 failed for https://jgor.chatango.com: All connection attempts failed
2026-08-14 19:21:42.484 | WARNING  | rahasya.utils.http_client:_request_with_retry:60 - Attempt 2/3 failed for https://api.chess.com/pub/player/jgor: All connection attempts failed
2026-08-14 19:21:42.587 | WARNING  | rahasya.utils.http_client:_request_with_retry:60 - Attempt 2/3 failed for https://chaturbate.com/jgor/: All connection attempts failed
2026-08-14 19:21:42.789 | WARNING  | rahasya.utils.http_client:_request_with_retry:60 - Attempt 2/3 failed for https://choko.link/jgor: All connection attempts failed
2026-08-14 19:21:42.789 | WARNING  | rahasya.utils.http_client:_request_with_retry:60 - Attempt 2/3 failed for https://community.chocolatey.org/profiles/jgor: All connection attempts failed
2026-08-14 19:21:42.932 | WARNING  | rahasya.utils.http_client:_request_with_retry:60 - Attempt 2/3 failed for https://community.cloudflare.com/u/jgor/card.json: All connection attempts failed
2026-08-14 19:21:42.995 | WARNING  | rahasya.utils.http_client:_request_with_retry:60 - Attempt 3/3 failed for https://calendly.com/api/booking/profiles/jgor: All connection attempts failed
2026-08-14 19:21:43.017 | WARNING  | rahasya.utils.http_client:_request_with_retry:60 - Attempt 2/3 failed for https://coda.io/@jgor/: All connection attempts failed
2026-08-14 19:21:43.182 | WARNING  | rahasya.utils.http_client:_request_with_retry:60 - Attempt 3/3 failed for https://www.buzzfeed.com/jgor: All connection attempts failed
2026-08-14 19:21:43.228 | WARNING  | rahasya.utils.http_client:_request_with_retry:60 - Attempt 2/3 failed for https://www.codechef.com/users/jgor: All connection attempts failed
2026-08-14 19:21:43.322 | WARNING  | rahasya.utils.http_client:_request_with_retry:60 - Attempt 2/3 failed for https://www.cnet.com/profiles/jgor/: All connection attempts failed
2026-08-14 19:21:43.358 | WARNING  | rahasya.utils.http_client:_request_with_retry:60 - Attempt 3/3 failed for https://beta.cent.co/data/user/profile?userHandles=jgor: All connection attempts failed
2026-08-14 19:21:43.358 | WARNING  | rahasya.utils.http_client:_request_with_retry:60 - Attempt 3/3 failed for https://www.championat.com/user/jgor/: All connection attempts failed
2026-08-14 19:21:43.406 | WARNING  | rahasya.utils.http_client:_request_with_retry:60 - Attempt 3/3 failed for https://forum.cfx.re/u/jgor.json: All connection attempts failed
2026-08-14 19:21:43.425 | WARNING  | rahasya.utils.http_client:_request_with_retry:60 - Attempt 2/3 failed for https://www.codecademy.com/profiles/jgor: All connection attempts failed
2026-08-14 19:21:43.426 | WARNING  | rahasya.utils.http_client:_request_with_retry:60 - Attempt 2/3 failed for https://codeberg.org/api/v1/users/jgor: All connection attempts failed
2026-08-14 19:21:43.483 | WARNING  | rahasya.utils.http_client:_request_with_retry:60 - Attempt 3/3 failed for https://career.habr.com/jgor: All connection attempts failed
2026-08-14 19:21:43.690 | WARNING  | rahasya.utils.http_client:_request_with_retry:60 - Attempt 3/3 failed for https://www.cameo.com/api/v2/users/jgor: All connection attempts failed
2026-08-14 19:21:43.690 | WARNING  | rahasya.utils.http_client:_request_with_retry:60 - Attempt 3/3 failed for https://www.castingcall.club/jgor: All connection attempts failed
2026-08-14 19:21:43.734 | WARNING  | rahasya.utils.http_client:_request_with_retry:60 - Attempt 3/3 failed for https://app.buymeacoffee.com/api/v1/check_availability: All connection attempts failed
2026-08-14 19:21:43.941 | WARNING  | rahasya.utils.http_client:_request_with_retry:60 - Attempt 3/3 failed for https://chomikuj.pl/jgor/: All connection attempts failed
2026-08-14 19:21:44.017 | WARNING  | rahasya.utils.http_client:_request_with_retry:60 - Attempt 3/3 failed for https://chyoa.com/user/jgor: All connection attempts failed
2026-08-14 19:21:44.017 | WARNING  | rahasya.utils.http_client:_request_with_retry:60 - Attempt 3/3 failed for https://community.bunpro.jp/u/jgor.json: All connection attempts failed
2026-08-14 19:21:44.017 | WARNING  | rahasya.utils.http_client:_request_with_retry:60 - Attempt 3/3 failed for https://cafecito.app/jgor: All connection attempts failed
2026-08-14 19:21:44.127 | WARNING  | rahasya.utils.http_client:_request_with_retry:60 - Attempt 3/3 failed for https://www.cda.pl/jgor: All connection attempts failed
2026-08-14 19:21:44.219 | WARNING  | rahasya.utils.http_client:_request_with_retry:60 - Attempt 1/3 failed for https://coderwall.com/jgor/: All connection attempts failed
2026-08-14 19:21:44.240 | WARNING  | rahasya.utils.http_client:_request_with_retry:60 - Attempt 3/3 failed for https://jgor.carbonmade.com/: All connection attempts failed
2026-08-14 19:21:44.240 | WARNING  | rahasya.utils.http_client:_request_with_retry:60 - Attempt 1/3 failed for https://codepen.io/jgor: All connection attempts failed
2026-08-14 19:21:44.283 | WARNING  | rahasya.utils.http_client:_request_with_retry:60 - Attempt 1/3 failed for https://codeforces.com/api/user.info?handles=jgor: All connection attempts failed
2026-08-14 19:21:44.394 | WARNING  | rahasya.utils.http_client:_request_with_retry:60 - Attempt 3/3 failed for https://cheezburger.com/Editor/jgor: All connection attempts failed
2026-08-14 19:21:44.394 | WARNING  | rahasya.utils.http_client:_request_with_retry:60 - Attempt 3/3 failed for https://www.clubhouse.com/@jgor: All connection attempts failed
2026-08-14 19:21:44.436 | WARNING  | rahasya.utils.http_client:_request_with_retry:60 - Attempt 3/3 failed for https://jgor.carrd.co: All connection attempts failed
2026-08-14 19:21:44.436 | WARNING  | rahasya.utils.http_client:_request_with_retry:60 - Attempt 3/3 failed for https://www.chamsko.pl/profil/jgor: All connection attempts failed
2026-08-14 19:21:44.440 | WARNING  | rahasya.utils.http_client:_request_with_retry:60 - Attempt 1/3 failed for https://www.codementor.io/@jgor: All connection attempts failed
2026-08-14 19:21:44.484 | WARNING  | rahasya.utils.http_client:_request_with_retry:60 - Attempt 3/3 failed for https://jgor.chatango.com: All connection attempts failed
2026-08-14 19:21:44.487 | WARNING  | rahasya.utils.http_client:_request_with_retry:60 - Attempt 3/3 failed for https://api.chess.com/pub/player/jgor: All connection attempts failed
2026-08-14 19:21:44.531 | WARNING  | rahasya.utils.http_client:_request_with_retry:60 - Attempt 1/3 failed for https://codesandbox.io/api/v1/users/jgor: All connection attempts failed
2026-08-14 19:21:44.565 | WARNING  | rahasya.utils.http_client:_request_with_retry:60 - Attempt 1/3 failed for https://json.commudle.com/api/v2/users?username=jgor: All connection attempts failed
2026-08-14 19:21:44.597 | WARNING  | rahasya.utils.http_client:_request_with_retry:60 - Attempt 3/3 failed for https://chaturbate.com/jgor/: All connection attempts failed
2026-08-14 19:21:44.705 | WARNING  | rahasya.utils.http_client:_request_with_retry:60 - Attempt 1/3 failed for https://www.colourlovers.com/ajax/check-username-availability: All connection attempts failed
2026-08-14 19:21:44.795 | WARNING  | rahasya.utils.http_client:_request_with_retry:60 - Attempt 3/3 failed for https://choko.link/jgor: All connection attempts failed
2026-08-14 19:21:44.795 | WARNING  | rahasya.utils.http_client:_request_with_retry:60 - Attempt 3/3 failed for https://community.chocolatey.org/profiles/jgor: All connection attempts failed
2026-08-14 19:21:44.882 | WARNING  | rahasya.utils.http_client:_request_with_retry:60 - Attempt 1/3 failed for https://www.cracked.com/members/jgor: All connection attempts failed
2026-08-14 19:21:44.946 | WARNING  | rahasya.utils.http_client:_request_with_retry:60 - Attempt 3/3 failed for https://community.cloudflare.com/u/jgor/card.json: All connection attempts failed
2026-08-14 19:21:45.035 | WARNING  | rahasya.utils.http_client:_request_with_retry:60 - Attempt 3/3 failed for https://coda.io/@jgor/: All connection attempts failed
2026-08-14 19:21:45.095 | WARNING  | rahasya.utils.http_client:_request_with_retry:60 - Attempt 1/3 failed for https://www.codewars.com/api/v1/users/jgor: All connection attempts failed
2026-08-14 19:21:45.214 | WARNING  | rahasya.utils.http_client:_request_with_retry:60 - Attempt 2/3 failed for https://coderwall.com/jgor/: All connection attempts failed
2026-08-14 19:21:45.214 | WARNING  | rahasya.utils.http_client:_request_with_retry:60 - Attempt 1/3 failed for https://api.cropty.io/v1/auth/jgor: All connection attempts failed
2026-08-14 19:21:45.240 | WARNING  | rahasya.utils.http_client:_request_with_retry:60 - Attempt 2/3 failed for https://codepen.io/jgor: All connection attempts failed
2026-08-14 19:21:45.240 | WARNING  | rahasya.utils.http_client:_request_with_retry:60 - Attempt 3/3 failed for https://www.codechef.com/users/jgor: All connection attempts failed
2026-08-14 19:21:45.298 | WARNING  | rahasya.utils.http_client:_request_with_retry:60 - Attempt 2/3 failed for https://codeforces.com/api/user.info?handles=jgor: All connection attempts failed
2026-08-14 19:21:45.323 | WARNING  | rahasya.utils.http_client:_request_with_retry:60 - Attempt 3/3 failed for https://www.cnet.com/profiles/jgor/: All connection attempts failed
2026-08-14 19:21:45.323 | WARNING  | rahasya.utils.http_client:_request_with_retry:60 - Attempt 1/3 failed for https://cults3d.com/en/users/jgor/creations: All connection attempts failed
2026-08-14 19:21:45.348 | WARNING  | rahasya.utils.http_client:_request_with_retry:60 - Attempt 1/3 failed for https://www.dateinasia.com/jgor: All connection attempts failed
2026-08-14 19:21:45.417 | WARNING  | rahasya.utils.http_client:_request_with_retry:60 - Attempt 1/3 failed for https://dating.ru/jgor/: All connection attempts failed
2026-08-14 19:21:45.442 | WARNING  | rahasya.utils.http_client:_request_with_retry:60 - Attempt 3/3 failed for https://codeberg.org/api/v1/users/jgor: All connection attempts failed
2026-08-14 19:21:45.442 | WARNING  | rahasya.utils.http_client:_request_with_retry:60 - Attempt 3/3 failed for https://www.codecademy.com/profiles/jgor: All connection attempts failed
2026-08-14 19:21:45.443 | WARNING  | rahasya.utils.http_client:_request_with_retry:60 - Attempt 2/3 failed for https://www.codementor.io/@jgor: All connection attempts failed
2026-08-14 19:21:45.453 | WARNING  | rahasya.utils.http_client:_request_with_retry:60 - Attempt 1/3 failed for https://jgor.crevado.com/: All connection attempts failed
2026-08-14 19:21:45.505 | WARNING  | rahasya.utils.http_client:_request_with_retry:60 - Attempt 2/3 failed for https://codesandbox.io/api/v1/users/jgor: All connection attempts failed
2026-08-14 19:21:45.505 | WARNING  | rahasya.utils.http_client:_request_with_retry:60 - Attempt 1/3 failed for https://demotywatory.pl/user/jgor: All connection attempts failed
2026-08-14 19:21:45.582 | WARNING  | rahasya.utils.http_client:_request_with_retry:60 - Attempt 2/3 failed for https://json.commudle.com/api/v2/users?username=jgor: All connection attempts failed
2026-08-14 19:21:45.650 | WARNING  | rahasya.utils.http_client:_request_with_retry:60 - Attempt 1/3 failed for https://cowboys4angels.com/cowboy/jgor/: All connection attempts failed
2026-08-14 19:21:45.674 | WARNING  | rahasya.utils.http_client:_request_with_retry:60 - Attempt 1/3 failed for https://cytoid.io/profile/jgor: All connection attempts failed
2026-08-14 19:21:45.674 | WARNING  | rahasya.utils.http_client:_request_with_retry:60 - Attempt 1/3 failed for https://www.datezone.com/users/jgor/: All connection attempts failed
2026-08-14 19:21:45.720 | WARNING  | rahasya.utils.http_client:_request_with_retry:60 - Attempt 2/3 failed for https://www.colourlovers.com/ajax/check-username-availability: All connection attempts failed
2026-08-14 19:21:45.768 | WARNING  | rahasya.utils.http_client:_request_with_retry:60 - Attempt 1/3 failed for https://www.coroflot.com/jgor: All connection attempts failed
2026-08-14 19:21:45.829 | WARNING  | rahasya.utils.http_client:_request_with_retry:60 - Attempt 1/3 failed for https://coub.com/api/v2/channels/jgor: All connection attempts failed
2026-08-14 19:21:45.830 | WARNING  | rahasya.utils.http_client:_request_with_retry:60 - Attempt 1/3 failed for https://community.adobe.com/t5/forums/searchpage/tab/user?q=jgor: All connection attempts failed
2026-08-14 19:21:45.883 | WARNING  | rahasya.utils.http_client:_request_with_retry:60 - Attempt 2/3 failed for https://www.cracked.com/members/jgor: All connection attempts failed
2026-08-14 19:21:46.006 | WARNING  | rahasya.utils.http_client:_request_with_retry:60 - Attempt 1/3 failed for https://darudar.org/users/jgor/: [Errno 11001] getaddrinfo failed
2026-08-14 19:21:46.093 | WARNING  | rahasya.utils.http_client:_request_with_retry:60 - Attempt 2/3 failed for https://www.codewars.com/api/v1/users/jgor: All connection attempts failed
2026-08-14 19:21:46.223 | WARNING  | rahasya.utils.http_client:_request_with_retry:60 - Attempt 2/3 failed for https://api.cropty.io/v1/auth/jgor: All connection attempts failed
2026-08-14 19:21:46.254 | WARNING  | rahasya.utils.http_client:_request_with_retry:60 - Attempt 1/3 failed for https://crowdin.com/profile/jgor: All connection attempts failed
2026-08-14 19:21:46.302 | WARNING  | rahasya.utils.http_client:_request_with_retry:60 - Attempt 1/3 failed for https://www.destructoid.com/?name=jgor: All connection attempts failed
2026-08-14 19:21:46.302 | WARNING  | rahasya.utils.http_client:_request_with_retry:60 - Attempt 2/3 failed for https://cults3d.com/en/users/jgor/creations: All connection attempts failed
2026-08-14 19:21:46.344 | WARNING  | rahasya.utils.http_client:_request_with_retry:60 - Attempt 1/3 failed for https://www.deviantart.com/jgor: All connection attempts failed
2026-08-14 19:21:46.364 | WARNING  | rahasya.utils.http_client:_request_with_retry:60 - Attempt 2/3 failed for https://www.dateinasia.com/jgor: All connection attempts failed
2026-08-14 19:21:46.412 | WARNING  | rahasya.utils.http_client:_request_with_retry:60 - Attempt 2/3 failed for https://dating.ru/jgor/: All connection attempts failed
2026-08-14 19:21:46.461 | WARNING  | rahasya.utils.http_client:_request_with_retry:60 - Attempt 2/3 failed for https://jgor.crevado.com/: All connection attempts failed
2026-08-14 19:21:46.510 | WARNING  | rahasya.utils.http_client:_request_with_retry:60 - Attempt 1/3 failed for https://www.dailykos.com/user/jgor: All connection attempts failed
2026-08-14 19:21:46.510 | WARNING  | rahasya.utils.http_client:_request_with_retry:60 - Attempt 2/3 failed for https://demotywatory.pl/user/jgor: All connection attempts failed
2026-08-14 19:21:46.583 | WARNING  | rahasya.utils.http_client:_request_with_retry:60 - Attempt 1/3 failed for https://api.destream.net/siteapi/v2/live/details/jgor: All connection attempts failed
2026-08-14 19:21:46.650 | WARNING  | rahasya.utils.http_client:_request_with_retry:60 - Attempt 2/3 failed for https://cowboys4angels.com/cowboy/jgor/: All connection attempts failed
2026-08-14 19:21:46.692 | WARNING  | rahasya.utils.http_client:_request_with_retry:60 - Attempt 2/3 failed for https://cytoid.io/profile/jgor: All connection attempts failed
2026-08-14 19:21:46.692 | WARNING  | rahasya.utils.http_client:_request_with_retry:60 - Attempt 2/3 failed for https://www.datezone.com/users/jgor/: All connection attempts failed
2026-08-14 19:21:46.709 | WARNING  | rahasya.utils.http_client:_request_with_retry:60 - Attempt 1/3 failed for https://www.depop.com/jgor/: All connection attempts failed
2026-08-14 19:21:46.760 | WARNING  | rahasya.utils.http_client:_request_with_retry:60 - Attempt 2/3 failed for https://www.coroflot.com/jgor: All connection attempts failed
2026-08-14 19:21:46.832 | WARNING  | rahasya.utils.http_client:_request_with_retry:60 - Attempt 2/3 failed for https://coub.com/api/v2/channels/jgor: All connection attempts failed
2026-08-14 19:21:46.834 | WARNING  | rahasya.utils.http_client:_request_with_retry:60 - Attempt 2/3 failed for https://community.adobe.com/t5/forums/searchpage/tab/user?q=jgor: All connection attempts failed
2026-08-14 19:21:46.905 | WARNING  | rahasya.utils.http_client:_request_with_retry:60 - Attempt 1/3 failed for https://www.designspiration.com/jgor/: All connection attempts failed
2026-08-14 19:21:46.972 | WARNING  | rahasya.utils.http_client:_request_with_retry:60 - Attempt 1/3 failed for https://dev.to/api/users/by_username?url=jgor: All connection attempts failed
2026-08-14 19:21:47.006 | WARNING  | rahasya.utils.http_client:_request_with_retry:60 - Attempt 2/3 failed for https://darudar.org/users/jgor/: [Errno 11001] getaddrinfo failed
2026-08-14 19:21:47.214 | WARNING  | rahasya.utils.http_client:_request_with_retry:60 - Attempt 3/3 failed for https://coderwall.com/jgor/: All connection attempts failed
2026-08-14 19:21:47.248 | WARNING  | rahasya.utils.http_client:_request_with_retry:60 - Attempt 3/3 failed for https://codepen.io/jgor: All connection attempts failed
2026-08-14 19:21:47.281 | WARNING  | rahasya.utils.http_client:_request_with_retry:60 - Attempt 2/3 failed for https://crowdin.com/profile/jgor: All connection attempts failed
2026-08-14 19:21:47.311 | WARNING  | rahasya.utils.http_client:_request_with_retry:60 - Attempt 2/3 failed for https://www.destructoid.com/?name=jgor: All connection attempts failed
2026-08-14 19:21:47.313 | WARNING  | rahasya.utils.http_client:_request_with_retry:60 - Attempt 3/3 failed for https://codeforces.com/api/user.info?handles=jgor: All connection attempts failed
2026-08-14 19:21:47.348 | WARNING  | rahasya.utils.http_client:_request_with_retry:60 - Attempt 2/3 failed for https://www.deviantart.com/jgor: All connection attempts failed
2026-08-14 19:21:47.461 | WARNING  | rahasya.utils.http_client:_request_with_retry:60 - Attempt 3/3 failed for https://www.codementor.io/@jgor: All connection attempts failed
2026-08-14 19:21:47.518 | WARNING  | rahasya.utils.http_client:_request_with_retry:60 - Attempt 2/3 failed for https://www.dailykos.com/user/jgor: All connection attempts failed
2026-08-14 19:21:47.520 | WARNING  | rahasya.utils.http_client:_request_with_retry:60 - Attempt 3/3 failed for https://codesandbox.io/api/v1/users/jgor: All connection attempts failed
2026-08-14 19:21:47.599 | WARNING  | rahasya.utils.http_client:_request_with_retry:60 - Attempt 2/3 failed for https://api.destream.net/siteapi/v2/live/details/jgor: All connection attempts failed
2026-08-14 19:21:47.599 | WARNING  | rahasya.utils.http_client:_request_with_retry:60 - Attempt 3/3 failed for https://json.commudle.com/api/v2/users?username=jgor: All connection attempts failed
2026-08-14 19:21:47.719 | WARNING  | rahasya.utils.http_client:_request_with_retry:60 - Attempt 2/3 failed for https://www.depop.com/jgor/: All connection attempts failed
2026-08-14 19:21:47.719 | WARNING  | rahasya.utils.http_client:_request_with_retry:60 - Attempt 3/3 failed for https://www.colourlovers.com/ajax/check-username-availability: All connection attempts failed
2026-08-14 19:21:47.891 | WARNING  | rahasya.utils.http_client:_request_with_retry:60 - Attempt 2/3 failed for https://www.designspiration.com/jgor/: All connection attempts failed
2026-08-14 19:21:47.891 | WARNING  | rahasya.utils.http_client:_request_with_retry:60 - Attempt 3/3 failed for https://www.cracked.com/members/jgor: All connection attempts failed
2026-08-14 19:21:47.993 | WARNING  | rahasya.utils.http_client:_request_with_retry:60 - Attempt 2/3 failed for https://dev.to/api/users/by_username?url=jgor: All connection attempts failed
2026-08-14 19:21:48.102 | WARNING  | rahasya.utils.http_client:_request_with_retry:60 - Attempt 3/3 failed for https://www.codewars.com/api/v1/users/jgor: All connection attempts failed
2026-08-14 19:21:48.239 | WARNING  | rahasya.utils.http_client:_request_with_retry:60 - Attempt 1/3 failed for https://www.dibiz.com/jgor: All connection attempts failed
2026-08-14 19:21:48.240 | WARNING  | rahasya.utils.http_client:_request_with_retry:60 - Attempt 3/3 failed for https://api.cropty.io/v1/auth/jgor: All connection attempts failed
2026-08-14 19:21:48.318 | WARNING  | rahasya.utils.http_client:_request_with_retry:60 - Attempt 3/3 failed for https://cults3d.com/en/users/jgor/creations: All connection attempts failed
2026-08-14 19:21:48.324 | WARNING  | rahasya.utils.http_client:_request_with_retry:60 - Attempt 1/3 failed for https://www.diigo.com/interact_api/load_profile_info?name=jgor: All connection attempts failed
2026-08-14 19:21:48.362 | WARNING  | rahasya.utils.http_client:_request_with_retry:60 - Attempt 3/3 failed for https://www.dateinasia.com/jgor: All connection attempts failed
2026-08-14 19:21:48.416 | WARNING  | rahasya.utils.http_client:_request_with_retry:60 - Attempt 3/3 failed for https://dating.ru/jgor/: All connection attempts failed
2026-08-14 19:21:48.417 | WARNING  | rahasya.utils.http_client:_request_with_retry:60 - Attempt 1/3 failed for https://diablo2.io/member/jgor/: All connection attempts failed
2026-08-14 19:21:48.473 | WARNING  | rahasya.utils.http_client:_request_with_retry:60 - Attempt 3/3 failed for https://jgor.crevado.com/: All connection attempts failed
2026-08-14 19:21:48.520 | WARNING  | rahasya.utils.http_client:_request_with_retry:60 - Attempt 3/3 failed for https://demotywatory.pl/user/jgor: All connection attempts failed
2026-08-14 19:21:48.642 | WARNING  | rahasya.utils.http_client:_request_with_retry:60 - Attempt 1/3 failed for https://devrant.com/api/get-user-id?app=3&username=jgor: All connection attempts failed
2026-08-14 19:21:48.642 | WARNING  | rahasya.utils.http_client:_request_with_retry:60 - Attempt 3/3 failed for https://cowboys4angels.com/cowboy/jgor/: All connection attempts failed
2026-08-14 19:21:48.708 | WARNING  | rahasya.utils.http_client:_request_with_retry:60 - Attempt 3/3 failed for https://cytoid.io/profile/jgor: All connection attempts failed
2026-08-14 19:21:48.708 | WARNING  | rahasya.utils.http_client:_request_with_retry:60 - Attempt 3/3 failed for https://www.datezone.com/users/jgor/: All connection attempts failed
2026-08-14 19:21:48.773 | WARNING  | rahasya.utils.http_client:_request_with_retry:60 - Attempt 1/3 failed for https://forums.digitalspy.com/profile/discussions/jgor: All connection attempts failed
2026-08-14 19:21:48.773 | WARNING  | rahasya.utils.http_client:_request_with_retry:60 - Attempt 3/3 failed for https://www.coroflot.com/jgor: All connection attempts failed
2026-08-14 19:21:48.838 | WARNING  | rahasya.utils.http_client:_request_with_retry:60 - Attempt 3/3 failed for https://coub.com/api/v2/channels/jgor: All connection attempts failed
2026-08-14 19:21:48.838 | WARNING  | rahasya.utils.http_client:_request_with_retry:60 - Attempt 3/3 failed for https://community.adobe.com/t5/forums/searchpage/tab/user?q=jgor: All connection attempts failed
2026-08-14 19:21:49.022 | WARNING  | rahasya.utils.http_client:_request_with_retry:60 - Attempt 3/3 failed for https://darudar.org/users/jgor/: [Errno 11001] getaddrinfo failed
2026-08-14 19:21:49.242 | WARNING  | rahasya.utils.http_client:_request_with_retry:60 - Attempt 2/3 failed for https://www.dibiz.com/jgor: All connection attempts failed
2026-08-14 19:21:49.242 | WARNING  | rahasya.utils.http_client:_request_with_retry:60 - Attempt 1/3 failed for https://discord.com/api/v9/unique-username/username-attempt-unauthed: All connection attempts failed
2026-08-14 19:21:49.284 | WARNING  | rahasya.utils.http_client:_request_with_retry:60 - Attempt 3/3 failed for https://crowdin.com/profile/jgor: All connection attempts failed
2026-08-14 19:21:49.285 | WARNING  | rahasya.utils.http_client:_request_with_retry:60 - Attempt 1/3 failed for https://www.dfgames.com.br/user/jgor: All connection attempts failed
2026-08-14 19:21:49.314 | WARNING  | rahasya.utils.http_client:_request_with_retry:60 - Attempt 2/3 failed for https://www.diigo.com/interact_api/load_profile_info?name=jgor: All connection attempts failed
2026-08-14 19:21:49.315 | WARNING  | rahasya.utils.http_client:_request_with_retry:60 - Attempt 3/3 failed for https://www.destructoid.com/?name=jgor: All connection attempts failed
2026-08-14 19:21:49.316 | WARNING  | rahasya.utils.http_client:_request_with_retry:60 - Attempt 1/3 failed for https://disqus.com/api/3.0/users/details?user=username:jgor&api_key=E8Uh5l5fHZ6gD8U3KycjAIAk46f68Zw7C6eW8WSjZvCLXebZ7p0r1yrYDrLilk2F: All connection attempts failed
2026-08-14 19:21:49.317 | WARNING  | rahasya.utils.http_client:_request_with_retry:60 - Attempt 1/3 failed for https://api.discogs.com/users/jgor: All connection attempts failed
2026-08-14 19:21:49.352 | WARNING  | rahasya.utils.http_client:_request_with_retry:60 - Attempt 1/3 failed for https://meta.discourse.org/u/jgor/summary.json: All connection attempts failed
2026-08-14 19:21:49.352 | WARNING  | rahasya.utils.http_client:_request_with_retry:60 - Attempt 3/3 failed for https://www.deviantart.com/jgor: All connection attempts failed
2026-08-14 19:21:49.422 | WARNING  | rahasya.utils.http_client:_request_with_retry:60 - Attempt 2/3 failed for https://diablo2.io/member/jgor/: All connection attempts failed
2026-08-14 19:21:49.531 | WARNING  | rahasya.utils.http_client:_request_with_retry:60 - Attempt 3/3 failed for https://www.dailykos.com/user/jgor: All connection attempts failed
2026-08-14 19:21:49.531 | WARNING  | rahasya.utils.http_client:_request_with_retry:60 - Attempt 1/3 failed for https://api.donatty.com/users/find/jgor: All connection attempts failed
2026-08-14 19:21:49.531 | WARNING  | rahasya.utils.http_client:_request_with_retry:60 - Attempt 1/3 failed for https://discord.com/api/v9/invites/jgor?with_counts=true&with_expiration=true: All connection attempts failed
2026-08-14 19:21:49.614 | WARNING  | rahasya.utils.http_client:_request_with_retry:60 - Attempt 3/3 failed for https://api.destream.net/siteapi/v2/live/details/jgor: All connection attempts failed
2026-08-14 19:21:49.650 | WARNING  | rahasya.utils.http_client:_request_with_retry:60 - Attempt 2/3 failed for https://devrant.com/api/get-user-id?app=3&username=jgor: All connection attempts failed
2026-08-14 19:21:49.651 | WARNING  | rahasya.utils.http_client:_request_with_retry:60 - Attempt 1/3 failed for https://donate.stream/api/v1/streamer.get?path=jgor&app=9f4e793cec820015d511dbc77b20c5c1: All connection attempts failed
2026-08-14 19:21:49.651 | WARNING  | rahasya.utils.http_client:_request_with_retry:60 - Attempt 1/3 failed for https://dissenter.com/user/jgor: All connection attempts failed
2026-08-14 19:21:49.722 | WARNING  | rahasya.utils.http_client:_request_with_retry:60 - Attempt 3/3 failed for https://www.depop.com/jgor/: All connection attempts failed
2026-08-14 19:21:49.774 | WARNING  | rahasya.utils.http_client:_request_with_retry:60 - Attempt 2/3 failed for https://forums.digitalspy.com/profile/discussions/jgor: All connection attempts failed
2026-08-14 19:21:49.797 | WARNING  | rahasya.utils.http_client:_request_with_retry:60 - Attempt 1/3 failed for https://hub.docker.com/v2/orgs/jgor/: All connection attempts failed
2026-08-14 19:21:49.899 | WARNING  | rahasya.utils.http_client:_request_with_retry:60 - Attempt 3/3 failed for https://www.designspiration.com/jgor/: All connection attempts failed
2026-08-14 19:21:49.997 | WARNING  | rahasya.utils.http_client:_request_with_retry:60 - Attempt 3/3 failed for https://dev.to/api/users/by_username?url=jgor: All connection attempts failed
2026-08-14 19:21:50.080 | WARNING  | rahasya.utils.http_client:_request_with_retry:60 - Attempt 1/3 failed for https://discuss.elastic.co/u/jgor: All connection attempts failed
2026-08-14 19:21:50.080 | WARNING  | rahasya.utils.http_client:_request_with_retry:60 - Attempt 1/3 failed for https://hub.docker.com/v2/users/jgor/: All connection attempts failed
2026-08-14 19:21:50.151 | WARNING  | rahasya.utils.http_client:_request_with_retry:60 - Attempt 1/3 failed for https://jgor.donatik.io/en: All connection attempts failed
2026-08-14 19:21:50.175 | WARNING  | rahasya.utils.http_client:_request_with_retry:60 - Attempt 1/3 failed for https://donatello.to/jgor: All connection attempts failed
2026-08-14 19:21:50.241 | WARNING  | rahasya.utils.http_client:_request_with_retry:60 - Attempt 2/3 failed for https://discord.com/api/v9/unique-username/username-attempt-unauthed: All connection attempts failed
2026-08-14 19:21:50.314 | WARNING  | rahasya.utils.http_client:_request_with_retry:60 - Attempt 1/3 failed for https://www.donationalerts.com/api/v1/user/jgor/donationpagesettings: All connection attempts failed
2026-08-14 19:21:50.315 | WARNING  | rahasya.utils.http_client:_request_with_retry:60 - Attempt 1/3 failed for https://dojoverse.com/members/jgor/: All connection attempts failed
2026-08-14 19:21:50.315 | WARNING  | rahasya.utils.http_client:_request_with_retry:60 - Attempt 2/3 failed for https://api.discogs.com/users/jgor: All connection attempts failed
2026-08-14 19:21:50.316 | WARNING  | rahasya.utils.http_client:_request_with_retry:60 - Attempt 2/3 failed for https://www.dfgames.com.br/user/jgor: All connection attempts failed
2026-08-14 19:21:50.316 | WARNING  | rahasya.utils.http_client:_request_with_retry:60 - Attempt 2/3 failed for https://disqus.com/api/3.0/users/details?user=username:jgor&api_key=E8Uh5l5fHZ6gD8U3KycjAIAk46f68Zw7C6eW8WSjZvCLXebZ7p0r1yrYDrLilk2F: All connection attempts failed
2026-08-14 19:21:50.366 | WARNING  | rahasya.utils.http_client:_request_with_retry:60 - Attempt 2/3 failed for https://meta.discourse.org/u/jgor/summary.json: All connection attempts failed
2026-08-14 19:21:50.530 | WARNING  | rahasya.utils.http_client:_request_with_retry:60 - Attempt 2/3 failed for https://api.donatty.com/users/find/jgor: All connection attempts failed
2026-08-14 19:21:50.530 | WARNING  | rahasya.utils.http_client:_request_with_retry:60 - Attempt 2/3 failed for https://discord.com/api/v9/invites/jgor?with_counts=true&with_expiration=true: All connection attempts failed
2026-08-14 19:21:50.660 | WARNING  | rahasya.utils.http_client:_request_with_retry:60 - Attempt 2/3 failed for https://donate.stream/api/v1/streamer.get?path=jgor&app=9f4e793cec820015d511dbc77b20c5c1: All connection attempts failed
2026-08-14 19:21:50.660 | WARNING  | rahasya.utils.http_client:_request_with_retry:60 - Attempt 2/3 failed for https://dissenter.com/user/jgor: All connection attempts failed
2026-08-14 19:21:50.687 | WARNING  | rahasya.utils.http_client:_request_with_retry:60 - Attempt 1/3 failed for https://www.duolingo.com/2017-06-30/users?username=jgor&_=1628308619574: All connection attempts failed
2026-08-14 19:21:50.810 | WARNING  | rahasya.utils.http_client:_request_with_retry:60 - Attempt 1/3 failed for https://dota2.ru/forum/search/?type=user&keywords=jgor&sort_by=username: All connection attempts failed
2026-08-14 19:21:50.813 | WARNING  | rahasya.utils.http_client:_request_with_retry:60 - Attempt 2/3 failed for https://hub.docker.com/v2/orgs/jgor/: All connection attempts failed
2026-08-14 19:21:50.814 | WARNING  | rahasya.utils.http_client:_request_with_retry:60 - Attempt 1/3 failed for https://dou.ua/users/jgor/: All connection attempts failed
2026-08-14 19:21:50.814 | WARNING  | rahasya.utils.http_client:_request_with_retry:60 - Attempt 1/3 failed for https://www.dotafire.com/ajax/searchSite?text=jgor&search=members: All connection attempts failed
2026-08-14 19:21:50.815 | WARNING  | rahasya.utils.http_client:_request_with_retry:60 - Attempt 1/3 failed for https://droners.io/accounts/jgor/: All connection attempts failed
2026-08-14 19:21:51.096 | WARNING  | rahasya.utils.http_client:_request_with_retry:60 - Attempt 2/3 failed for https://discuss.elastic.co/u/jgor: All connection attempts failed
2026-08-14 19:21:51.096 | WARNING  | rahasya.utils.http_client:_request_with_retry:60 - Attempt 2/3 failed for https://hub.docker.com/v2/users/jgor/: All connection attempts failed
2026-08-14 19:21:51.096 | WARNING  | rahasya.utils.http_client:_request_with_retry:60 - Attempt 1/3 failed for https://dot.cards/jgor: All connection attempts failed
2026-08-14 19:21:51.144 | WARNING  | rahasya.utils.http_client:_request_with_retry:60 - Attempt 2/3 failed for https://jgor.donatik.io/en: All connection attempts failed
2026-08-14 19:21:51.179 | WARNING  | rahasya.utils.http_client:_request_with_retry:60 - Attempt 2/3 failed for https://donatello.to/jgor: All connection attempts failed
2026-08-14 19:21:51.243 | WARNING  | rahasya.utils.http_client:_request_with_retry:60 - Attempt 3/3 failed for https://www.dibiz.com/jgor: All connection attempts failed
2026-08-14 19:21:51.315 | WARNING  | rahasya.utils.http_client:_request_with_retry:60 - Attempt 2/3 failed for https://www.donationalerts.com/api/v1/user/jgor/donationpagesettings: All connection attempts failed
2026-08-14 19:21:51.315 | WARNING  | rahasya.utils.http_client:_request_with_retry:60 - Attempt 1/3 failed for https://easyen.ru/index/8-0-jgor: All connection attempts failed
2026-08-14 19:21:51.315 | WARNING  | rahasya.utils.http_client:_request_with_retry:60 - Attempt 3/3 failed for https://www.diigo.com/interact_api/load_profile_info?name=jgor: All connection attempts failed
2026-08-14 19:21:51.315 | WARNING  | rahasya.utils.http_client:_request_with_retry:60 - Attempt 1/3 failed for https://www.drive2.ru/users/jgor/: All connection attempts failed
2026-08-14 19:21:51.315 | WARNING  | rahasya.utils.http_client:_request_with_retry:60 - Attempt 2/3 failed for https://dojoverse.com/members/jgor/: All connection attempts failed
2026-08-14 19:21:51.483 | WARNING  | rahasya.utils.http_client:_request_with_retry:60 - Attempt 3/3 failed for https://diablo2.io/member/jgor/: All connection attempts failed
2026-08-14 19:21:51.483 | WARNING  | rahasya.utils.http_client:_request_with_retry:60 - Attempt 1/3 failed for https://dribbble.com/jgor: All connection attempts failed
2026-08-14 19:21:51.671 | WARNING  | rahasya.utils.http_client:_request_with_retry:60 - Attempt 3/3 failed for https://devrant.com/api/get-user-id?app=3&username=jgor: All connection attempts failed
2026-08-14 19:21:51.691 | WARNING  | rahasya.utils.http_client:_request_with_retry:60 - Attempt 2/3 failed for https://www.duolingo.com/2017-06-30/users?username=jgor&_=1628308619574: All connection attempts failed
2026-08-14 19:21:51.767 | WARNING  | rahasya.utils.http_client:_request_with_retry:60 - Attempt 3/3 failed for https://forums.digitalspy.com/profile/discussions/jgor: All connection attempts failed
2026-08-14 19:21:51.825 | WARNING  | rahasya.utils.http_client:_request_with_retry:60 - Attempt 2/3 failed for https://dou.ua/users/jgor/: All connection attempts failed
2026-08-14 19:21:51.825 | WARNING  | rahasya.utils.http_client:_request_with_retry:60 - Attempt 2/3 failed for https://dota2.ru/forum/search/?type=user&keywords=jgor&sort_by=username: All connection attempts failed
2026-08-14 19:21:51.825 | WARNING  | rahasya.utils.http_client:_request_with_retry:60 - Attempt 2/3 failed for https://www.dotafire.com/ajax/searchSite?text=jgor&search=members: All connection attempts failed
2026-08-14 19:21:51.825 | WARNING  | rahasya.utils.http_client:_request_with_retry:60 - Attempt 2/3 failed for https://droners.io/accounts/jgor/: All connection attempts failed
2026-08-14 19:21:52.037 | WARNING  | rahasya.utils.http_client:_request_with_retry:60 - Attempt 1/3 failed for https://www.ebay.com/str/jgor: All connection attempts failed
2026-08-14 19:21:52.072 | WARNING  | rahasya.utils.http_client:_request_with_retry:60 - Attempt 1/3 failed for https://www.ebay.com/usr/jgor: All connection attempts failed
2026-08-14 19:21:52.105 | WARNING  | rahasya.utils.http_client:_request_with_retry:60 - Attempt 2/3 failed for https://dot.cards/jgor: All connection attempts failed
2026-08-14 19:21:52.247 | WARNING  | rahasya.utils.http_client:_request_with_retry:60 - Attempt 3/3 failed for https://discord.com/api/v9/unique-username/username-attempt-unauthed: All connection attempts failed
2026-08-14 19:21:52.337 | WARNING  | rahasya.utils.http_client:_request_with_retry:60 - Attempt 2/3 failed for https://www.drive2.ru/users/jgor/: All connection attempts failed
2026-08-14 19:21:52.340 | WARNING  | rahasya.utils.http_client:_request_with_retry:60 - Attempt 2/3 failed for https://easyen.ru/index/8-0-jgor: All connection attempts failed
2026-08-14 19:21:52.340 | WARNING  | rahasya.utils.http_client:_request_with_retry:60 - Attempt 3/3 failed for https://api.discogs.com/users/jgor: All connection attempts failed
2026-08-14 19:21:52.341 | WARNING  | rahasya.utils.http_client:_request_with_retry:60 - Attempt 3/3 failed for https://www.dfgames.com.br/user/jgor: All connection attempts failed
2026-08-14 19:21:52.342 | WARNING  | rahasya.utils.http_client:_request_with_retry:60 - Attempt 3/3 failed for https://disqus.com/api/3.0/users/details?user=username:jgor&api_key=E8Uh5l5fHZ6gD8U3KycjAIAk46f68Zw7C6eW8WSjZvCLXebZ7p0r1yrYDrLilk2F: All connection attempts failed
2026-08-14 19:21:52.366 | WARNING  | rahasya.utils.http_client:_request_with_retry:60 - Attempt 3/3 failed for https://meta.discourse.org/u/jgor/summary.json: All connection attempts failed
2026-08-14 19:21:52.485 | WARNING  | rahasya.utils.http_client:_request_with_retry:60 - Attempt 2/3 failed for https://dribbble.com/jgor: All connection attempts failed
2026-08-14 19:21:52.551 | WARNING  | rahasya.utils.http_client:_request_with_retry:60 - Attempt 3/3 failed for https://api.donatty.com/users/find/jgor: All connection attempts failed
2026-08-14 19:21:52.554 | WARNING  | rahasya.utils.http_client:_request_with_retry:60 - Attempt 3/3 failed for https://discord.com/api/v9/invites/jgor?with_counts=true&with_expiration=true: All connection attempts failed
2026-08-14 19:21:52.649 | WARNING  | rahasya.utils.http_client:_request_with_retry:60 - Attempt 1/3 failed for https://be.electrobel.org/register.ajax: All connection attempts failed
2026-08-14 19:21:52.676 | WARNING  | rahasya.utils.http_client:_request_with_retry:60 - Attempt 3/3 failed for https://donate.stream/api/v1/streamer.get?path=jgor&app=9f4e793cec820015d511dbc77b20c5c1: All connection attempts failed
2026-08-14 19:21:52.676 | WARNING  | rahasya.utils.http_client:_request_with_retry:60 - Attempt 3/3 failed for https://dissenter.com/user/jgor: All connection attempts failed
2026-08-14 19:21:52.814 | WARNING  | rahasya.utils.http_client:_request_with_retry:60 - Attempt 3/3 failed for https://hub.docker.com/v2/orgs/jgor/: All connection attempts failed
2026-08-14 19:21:53.060 | WARNING  | rahasya.utils.http_client:_request_with_retry:60 - Attempt 2/3 failed for https://www.ebay.com/str/jgor: All connection attempts failed
2026-08-14 19:21:53.060 | WARNING  | rahasya.utils.http_client:_request_with_retry:60 - Attempt 2/3 failed for https://www.ebay.com/usr/jgor: All connection attempts failed
2026-08-14 19:21:53.123 | WARNING  | rahasya.utils.http_client:_request_with_retry:60 - Attempt 3/3 failed for https://discuss.elastic.co/u/jgor: All connection attempts failed
2026-08-14 19:21:53.123 | WARNING  | rahasya.utils.http_client:_request_with_retry:60 - Attempt 3/3 failed for https://hub.docker.com/v2/users/jgor/: All connection attempts failed
2026-08-14 19:21:53.155 | WARNING  | rahasya.utils.http_client:_request_with_retry:60 - Attempt 3/3 failed for https://jgor.donatik.io/en: All connection attempts failed
2026-08-14 19:21:53.170 | WARNING  | rahasya.utils.http_client:_request_with_retry:60 - Attempt 1/3 failed for https://expressional.social/api/v1/accounts/lookup?acct=jgor: All connection attempts failed
2026-08-14 19:21:53.172 | WARNING  | rahasya.utils.http_client:_request_with_retry:60 - Attempt 1/3 failed for https://www.eporner.com/xhr/check/: All connection attempts failed
2026-08-14 19:21:53.194 | WARNING  | rahasya.utils.http_client:_request_with_retry:60 - Attempt 3/3 failed for https://donatello.to/jgor: All connection attempts failed
2026-08-14 19:21:53.318 | WARNING  | rahasya.utils.http_client:_request_with_retry:60 - Attempt 3/3 failed for https://www.donationalerts.com/api/v1/user/jgor/donationpagesettings: All connection attempts failed
2026-08-14 19:21:53.318 | WARNING  | rahasya.utils.http_client:_request_with_retry:60 - Attempt 3/3 failed for https://dojoverse.com/members/jgor/: All connection attempts failed
2026-08-14 19:21:53.327 | WARNING  | rahasya.utils.http_client:_request_with_retry:60 - Attempt 1/3 failed for https://www.facebook.com/jgor/: All connection attempts failed
2026-08-14 19:21:53.418 | WARNING  | rahasya.utils.http_client:_request_with_retry:60 - Attempt 1/3 failed for https://www.engadget.com/about/editors/jgor/: All connection attempts failed
2026-08-14 19:21:53.665 | WARNING  | rahasya.utils.http_client:_request_with_retry:60 - Attempt 2/3 failed for https://be.electrobel.org/register.ajax: All connection attempts failed
2026-08-14 19:21:53.715 | WARNING  | rahasya.utils.http_client:_request_with_retry:60 - Attempt 1/3 failed for https://www.fabswingers.com/profile/jgor: All connection attempts failed
2026-08-14 19:21:53.718 | WARNING  | rahasya.utils.http_client:_request_with_retry:60 - Attempt 3/3 failed for https://www.duolingo.com/2017-06-30/users?username=jgor&_=1628308619574: All connection attempts failed
2026-08-14 19:21:53.773 | WARNING  | rahasya.utils.http_client:_request_with_retry:60 - Attempt 1/3 failed for https://www.etsy.com/people/jgor: All connection attempts failed
2026-08-14 19:21:53.798 | WARNING  | rahasya.utils.http_client:_request_with_retry:60 - Attempt 1/3 failed for https://www.faceit.com/api/users/v1/nicknames/jgor: All connection attempts failed
2026-08-14 19:21:53.830 | WARNING  | rahasya.utils.http_client:_request_with_retry:60 - Attempt 3/3 failed for https://dota2.ru/forum/search/?type=user&keywords=jgor&sort_by=username: All connection attempts failed
2026-08-14 19:21:53.831 | WARNING  | rahasya.utils.http_client:_request_with_retry:60 - Attempt 3/3 failed for https://www.dotafire.com/ajax/searchSite?text=jgor&search=members: All connection attempts failed
2026-08-14 19:21:53.833 | WARNING  | rahasya.utils.http_client:_request_with_retry:60 - Attempt 3/3 failed for https://dou.ua/users/jgor/: All connection attempts failed
2026-08-14 19:21:53.834 | WARNING  | rahasya.utils.http_client:_request_with_retry:60 - Attempt 3/3 failed for https://droners.io/accounts/jgor/: All connection attempts failed
2026-08-14 19:21:53.960 | WARNING  | rahasya.utils.http_client:_request_with_retry:60 - Attempt 1/3 failed for https://faktopedia.pl/user/jgor: All connection attempts failed
2026-08-14 19:21:53.990 | WARNING  | rahasya.utils.http_client:_request_with_retry:60 - Attempt 1/3 failed for https://www.eyeem.com/u/jgor: All connection attempts failed
2026-08-14 19:21:54.033 | WARNING  | rahasya.utils.http_client:_request_with_retry:60 - Attempt 1/3 failed for https://www.etoro.com/api/logininfo/v1.1/users/jgor: All connection attempts failed
2026-08-14 19:21:54.115 | WARNING  | rahasya.utils.http_client:_request_with_retry:60 - Attempt 3/3 failed for https://dot.cards/jgor: All connection attempts failed
2026-08-14 19:21:54.157 | WARNING  | rahasya.utils.http_client:_request_with_retry:60 - Attempt 1/3 failed for https://fanslist.com/search?q=jgor: All connection attempts failed
2026-08-14 19:21:54.195 | WARNING  | rahasya.utils.http_client:_request_with_retry:60 - Attempt 1/3 failed for https://fancentro.com/api/profile.get?profileAlias=jgor&limit=1: All connection attempts failed
2026-08-14 19:21:54.195 | WARNING  | rahasya.utils.http_client:_request_with_retry:60 - Attempt 2/3 failed for https://expressional.social/api/v1/accounts/lookup?acct=jgor: All connection attempts failed
2026-08-14 19:21:54.206 | WARNING  | rahasya.utils.http_client:_request_with_retry:60 - Attempt 2/3 failed for https://www.eporner.com/xhr/check/: All connection attempts failed
2026-08-14 19:21:54.321 | WARNING  | rahasya.utils.http_client:_request_with_retry:60 - Attempt 2/3 failed for https://www.facebook.com/jgor/: All connection attempts failed
2026-08-14 19:21:54.338 | WARNING  | rahasya.utils.http_client:_request_with_retry:60 - Attempt 3/3 failed for https://www.drive2.ru/users/jgor/: All connection attempts failed
2026-08-14 19:21:54.338 | WARNING  | rahasya.utils.http_client:_request_with_retry:60 - Attempt 3/3 failed for https://easyen.ru/index/8-0-jgor: All connection attempts failed
2026-08-14 19:21:54.400 | WARNING  | rahasya.utils.http_client:_request_with_retry:60 - Attempt 1/3 failed for https://community.evocms.ru/users/?search=jgor: All connection attempts failed
2026-08-14 19:21:54.428 | WARNING  | rahasya.utils.http_client:_request_with_retry:60 - Attempt 1/3 failed for https://www.fark.com/users/jgor: All connection attempts failed
2026-08-14 19:21:54.429 | WARNING  | rahasya.utils.http_client:_request_with_retry:60 - Attempt 2/3 failed for https://www.engadget.com/about/editors/jgor/: All connection attempts failed
2026-08-14 19:21:54.479 | WARNING  | rahasya.utils.http_client:_request_with_retry:60 - Attempt 3/3 failed for https://dribbble.com/jgor: All connection attempts failed
2026-08-14 19:21:54.520 | WARNING  | rahasya.utils.http_client:_request_with_retry:60 - Attempt 1/3 failed for https://federated.press/api/v1/accounts/lookup?acct=jgor: All connection attempts failed
2026-08-14 19:21:54.725 | WARNING  | rahasya.utils.http_client:_request_with_retry:60 - Attempt 2/3 failed for https://www.fabswingers.com/profile/jgor: All connection attempts failed
2026-08-14 19:21:54.773 | WARNING  | rahasya.utils.http_client:_request_with_retry:60 - Attempt 2/3 failed for https://www.etsy.com/people/jgor: All connection attempts failed
2026-08-14 19:21:54.773 | WARNING  | rahasya.utils.http_client:_request_with_retry:60 - Attempt 1/3 failed for https://www.fandom.com/u/jgor: All connection attempts failed
2026-08-14 19:21:54.807 | WARNING  | rahasya.utils.http_client:_request_with_retry:60 - Attempt 2/3 failed for https://www.faceit.com/api/users/v1/nicknames/jgor: All connection attempts failed
2026-08-14 19:21:54.953 | WARNING  | rahasya.utils.http_client:_request_with_retry:60 - Attempt 1/3 failed for https://filmot.com/unlistedSearch?channelQuery=jgor&sortField=uploaddate&sortOrder=desc&: All connection attempts failed
2026-08-14 19:21:54.972 | WARNING  | rahasya.utils.http_client:_request_with_retry:60 - Attempt 2/3 failed for https://faktopedia.pl/user/jgor: All connection attempts failed
2026-08-14 19:21:54.972 | WARNING  | rahasya.utils.http_client:_request_with_retry:60 - Attempt 2/3 failed for https://www.eyeem.com/u/jgor: All connection attempts failed
2026-08-14 19:21:55.039 | WARNING  | rahasya.utils.http_client:_request_with_retry:60 - Attempt 2/3 failed for https://www.etoro.com/api/logininfo/v1.1/users/jgor: All connection attempts failed
2026-08-14 19:21:55.039 | WARNING  | rahasya.utils.http_client:_request_with_retry:60 - Attempt 1/3 failed for https://apiv3.fansly.com/api/v1/account?usernames=jgor: All connection attempts failed
2026-08-14 19:21:55.061 | WARNING  | rahasya.utils.http_client:_request_with_retry:60 - Attempt 3/3 failed for https://www.ebay.com/usr/jgor: All connection attempts failed
2026-08-14 19:21:55.061 | WARNING  | rahasya.utils.http_client:_request_with_retry:60 - Attempt 3/3 failed for https://www.ebay.com/str/jgor: All connection attempts failed
2026-08-14 19:21:55.162 | WARNING  | rahasya.utils.http_client:_request_with_retry:60 - Attempt 2/3 failed for https://fanslist.com/search?q=jgor: All connection attempts failed
2026-08-14 19:21:55.195 | WARNING  | rahasya.utils.http_client:_request_with_retry:60 - Attempt 2/3 failed for https://fancentro.com/api/profile.get?profileAlias=jgor&limit=1: All connection attempts failed
2026-08-14 19:21:55.195 | WARNING  | rahasya.utils.http_client:_request_with_retry:60 - Attempt 1/3 failed for https://www.fanpop.com/fans/jgor: All connection attempts failed
2026-08-14 19:21:55.289 | WARNING  | rahasya.utils.http_client:_request_with_retry:60 - Attempt 1/3 failed for https://www.fl.ru/users/jgor/portfolio/: All connection attempts failed
2026-08-14 19:21:55.289 | WARNING  | rahasya.utils.http_client:_request_with_retry:60 - Attempt 1/3 failed for https://www.fatsecret.com/member/jgor: All connection attempts failed
2026-08-14 19:21:55.320 | WARNING  | rahasya.utils.http_client:_request_with_retry:60 - Attempt 1/3 failed for https://www.filmweb.pl/user/jgor: All connection attempts failed
2026-08-14 19:21:55.328 | WARNING  | rahasya.utils.http_client:_request_with_retry:60 - Attempt 1/3 failed for https://www.figma.com/api/profile/handle/jgor: All connection attempts failed
2026-08-14 19:21:55.412 | WARNING  | rahasya.utils.http_client:_request_with_retry:60 - Attempt 2/3 failed for https://community.evocms.ru/users/?search=jgor: All connection attempts failed
2026-08-14 19:21:55.441 | WARNING  | rahasya.utils.http_client:_request_with_retry:60 - Attempt 1/3 failed for https://filmot.com/channelsearch/jgor: All connection attempts failed
2026-08-14 19:21:55.441 | WARNING  | rahasya.utils.http_client:_request_with_retry:60 - Attempt 2/3 failed for https://www.fark.com/users/jgor: All connection attempts failed
2026-08-14 19:21:55.528 | WARNING  | rahasya.utils.http_client:_request_with_retry:60 - Attempt 2/3 failed for https://federated.press/api/v1/accounts/lookup?acct=jgor: All connection attempts failed
2026-08-14 19:21:55.670 | WARNING  | rahasya.utils.http_client:_request_with_retry:60 - Attempt 3/3 failed for https://be.electrobel.org/register.ajax: All connection attempts failed
2026-08-14 19:21:55.776 | WARNING  | rahasya.utils.http_client:_request_with_retry:60 - Attempt 2/3 failed for https://www.fandom.com/u/jgor: All connection attempts failed
2026-08-14 19:21:55.865 | WARNING  | rahasya.utils.http_client:_request_with_retry:60 - Attempt 1/3 failed for https://www.fiverr.com/validate_username: All connection attempts failed
2026-08-14 19:21:55.948 | WARNING  | rahasya.utils.http_client:_request_with_retry:60 - Attempt 2/3 failed for https://filmot.com/unlistedSearch?channelQuery=jgor&sortField=uploaddate&sortOrder=desc&: All connection attempts failed
2026-08-14 19:21:56.045 | WARNING  | rahasya.utils.http_client:_request_with_retry:60 - Attempt 2/3 failed for https://apiv3.fansly.com/api/v1/account?usernames=jgor: All connection attempts failed
2026-08-14 19:21:56.148 | WARNING  | rahasya.utils.http_client:_request_with_retry:60 - Attempt 1/3 failed for https://fineartamerica.com/profiles/jgor: All connection attempts failed
2026-08-14 19:21:56.209 | WARNING  | rahasya.utils.http_client:_request_with_retry:60 - Attempt 3/3 failed for https://expressional.social/api/v1/accounts/lookup?acct=jgor: All connection attempts failed
2026-08-14 19:21:56.213 | WARNING  | rahasya.utils.http_client:_request_with_retry:60 - Attempt 2/3 failed for https://www.fanpop.com/fans/jgor: All connection attempts failed
2026-08-14 19:21:56.213 | WARNING  | rahasya.utils.http_client:_request_with_retry:60 - Attempt 1/3 failed for https://flipboard.com/@jgor: All connection attempts failed
2026-08-14 19:21:56.217 | WARNING  | rahasya.utils.http_client:_request_with_retry:60 - Attempt 3/3 failed for https://www.eporner.com/xhr/check/: All connection attempts failed
2026-08-14 19:21:56.303 | WARNING  | rahasya.utils.http_client:_request_with_retry:60 - Attempt 2/3 failed for https://www.fl.ru/users/jgor/portfolio/: All connection attempts failed
2026-08-14 19:21:56.303 | WARNING  | rahasya.utils.http_client:_request_with_retry:60 - Attempt 2/3 failed for https://www.fatsecret.com/member/jgor: All connection attempts failed
2026-08-14 19:21:56.313 | WARNING  | rahasya.utils.http_client:_request_with_retry:60 - Attempt 2/3 failed for https://www.filmweb.pl/user/jgor: All connection attempts failed
2026-08-14 19:21:56.313 | WARNING  | rahasya.utils.http_client:_request_with_retry:60 - Attempt 3/3 failed for https://www.facebook.com/jgor/: All connection attempts failed
2026-08-14 19:21:56.313 | WARNING  | rahasya.utils.http_client:_request_with_retry:60 - Attempt 1/3 failed for https://my.flightradar24.com/jgor/: All connection attempts failed
2026-08-14 19:21:56.314 | WARNING  | rahasya.utils.http_client:_request_with_retry:60 - Attempt 2/3 failed for https://www.figma.com/api/profile/handle/jgor: All connection attempts failed
2026-08-14 19:21:56.398 | WARNING  | rahasya.utils.http_client:_request_with_retry:60 - Attempt 1/3 failed for https://www.flickr.com/photos/jgor/: All connection attempts failed
2026-08-14 19:21:56.436 | WARNING  | rahasya.utils.http_client:_request_with_retry:60 - Attempt 2/3 failed for https://filmot.com/channelsearch/jgor: All connection attempts failed
2026-08-14 19:21:56.436 | WARNING  | rahasya.utils.http_client:_request_with_retry:60 - Attempt 3/3 failed for https://www.engadget.com/about/editors/jgor/: All connection attempts failed
2026-08-14 19:21:56.545 | WARNING  | rahasya.utils.http_client:_request_with_retry:60 - Attempt 1/3 failed for https://www.flowcode.com/page/jgor: All connection attempts failed
2026-08-14 19:21:56.741 | WARNING  | rahasya.utils.http_client:_request_with_retry:60 - Attempt 3/3 failed for https://www.fabswingers.com/profile/jgor: All connection attempts failed
2026-08-14 19:21:56.778 | WARNING  | rahasya.utils.http_client:_request_with_retry:60 - Attempt 3/3 failed for https://www.etsy.com/people/jgor: All connection attempts failed
2026-08-14 19:21:56.811 | WARNING  | rahasya.utils.http_client:_request_with_retry:60 - Attempt 3/3 failed for https://www.faceit.com/api/users/v1/nicknames/jgor: All connection attempts failed
2026-08-14 19:21:56.866 | WARNING  | rahasya.utils.http_client:_request_with_retry:60 - Attempt 2/3 failed for https://www.fiverr.com/validate_username: All connection attempts failed
2026-08-14 19:21:57.007 | WARNING  | rahasya.utils.http_client:_request_with_retry:60 - Attempt 3/3 failed for https://faktopedia.pl/user/jgor: All connection attempts failed
2026-08-14 19:21:57.013 | WARNING  | rahasya.utils.http_client:_request_with_retry:60 - Attempt 3/3 failed for https://www.eyeem.com/u/jgor: All connection attempts failed
2026-08-14 19:21:57.062 | WARNING  | rahasya.utils.http_client:_request_with_retry:60 - Attempt 3/3 failed for https://www.etoro.com/api/logininfo/v1.1/users/jgor: All connection attempts failed
2026-08-14 19:21:57.062 | WARNING  | rahasya.utils.http_client:_request_with_retry:60 - Attempt 1/3 failed for https://fortnitetracker.com/profile/all/jgor: All connection attempts failed
2026-08-14 19:21:57.173 | WARNING  | rahasya.utils.http_client:_request_with_retry:60 - Attempt 2/3 failed for https://fineartamerica.com/profiles/jgor: All connection attempts failed
2026-08-14 19:21:57.174 | WARNING  | rahasya.utils.http_client:_request_with_retry:60 - Attempt 3/3 failed for https://fanslist.com/search?q=jgor: All connection attempts failed
2026-08-14 19:21:57.201 | WARNING  | rahasya.utils.http_client:_request_with_retry:60 - Attempt 3/3 failed for https://fancentro.com/api/profile.get?profileAlias=jgor&limit=1: All connection attempts failed
2026-08-14 19:21:57.219 | WARNING  | rahasya.utils.http_client:_request_with_retry:60 - Attempt 2/3 failed for https://flipboard.com/@jgor: All connection attempts failed
2026-08-14 19:21:57.270 | WARNING  | rahasya.utils.http_client:_request_with_retry:60 - Attempt 1/3 failed for https://www.folkd.com/?app=core&module=system&controller=ajax&do=usernameExists&input=jgor: All connection attempts failed
2026-08-14 19:21:57.313 | WARNING  | rahasya.utils.http_client:_request_with_retry:60 - Attempt 2/3 failed for https://my.flightradar24.com/jgor/: All connection attempts failed
2026-08-14 19:21:57.426 | WARNING  | rahasya.utils.http_client:_request_with_retry:60 - Attempt 3/3 failed for https://community.evocms.ru/users/?search=jgor: All connection attempts failed
2026-08-14 19:21:57.426 | WARNING  | rahasya.utils.http_client:_request_with_retry:60 - Attempt 2/3 failed for https://www.flickr.com/photos/jgor/: All connection attempts failed
2026-08-14 19:21:57.426 | WARNING  | rahasya.utils.http_client:_request_with_retry:60 - Attempt 3/3 failed for https://www.fark.com/users/jgor: All connection attempts failed
2026-08-14 19:21:57.537 | WARNING  | rahasya.utils.http_client:_request_with_retry:60 - Attempt 1/3 failed for https://archive.org/wayback/available?url=https://www.fotolog.com/jgor: All connection attempts failed
2026-08-14 19:21:57.537 | WARNING  | rahasya.utils.http_client:_request_with_retry:60 - Attempt 3/3 failed for https://federated.press/api/v1/accounts/lookup?acct=jgor: All connection attempts failed
2026-08-14 19:21:57.537 | WARNING  | rahasya.utils.http_client:_request_with_retry:60 - Attempt 2/3 failed for https://www.flowcode.com/page/jgor: All connection attempts failed
2026-08-14 19:21:57.596 | WARNING  | rahasya.utils.http_client:_request_with_retry:60 - Attempt 1/3 failed for https://www.fodors.com/community/profile/jgor/forum-activity: All connection attempts failed
2026-08-14 19:21:57.625 | WARNING  | rahasya.utils.http_client:_request_with_retry:60 - Attempt 1/3 failed for https://api.freecodecamp.org/users/get-public-profile?username=jgor: All connection attempts failed
2026-08-14 19:21:57.702 | WARNING  | rahasya.utils.http_client:_request_with_retry:60 - Attempt 1/3 failed for https://freelance.ru/jgor: All connection attempts failed
2026-08-14 19:21:57.775 | WARNING  | rahasya.utils.http_client:_request_with_retry:60 - Attempt 3/3 failed for https://www.fandom.com/u/jgor: All connection attempts failed
2026-08-14 19:21:57.952 | WARNING  | rahasya.utils.http_client:_request_with_retry:60 - Attempt 1/3 failed for https://forumprawne.org/members/jgor.html: All connection attempts failed
2026-08-14 19:21:57.952 | WARNING  | rahasya.utils.http_client:_request_with_retry:60 - Attempt 3/3 failed for https://filmot.com/unlistedSearch?channelQuery=jgor&sortField=uploaddate&sortOrder=desc&: All connection attempts failed
2026-08-14 19:21:58.050 | WARNING  | rahasya.utils.http_client:_request_with_retry:60 - Attempt 2/3 failed for https://fortnitetracker.com/profile/all/jgor: All connection attempts failed
2026-08-14 19:21:58.050 | WARNING  | rahasya.utils.http_client:_request_with_retry:60 - Attempt 3/3 failed for https://apiv3.fansly.com/api/v1/account?usernames=jgor: All connection attempts failed
2026-08-14 19:21:58.236 | WARNING  | rahasya.utils.http_client:_request_with_retry:60 - Attempt 3/3 failed for https://www.fanpop.com/fans/jgor: All connection attempts failed
2026-08-14 19:21:58.279 | WARNING  | rahasya.utils.http_client:_request_with_retry:60 - Attempt 1/3 failed for https://www.freelancer.com/api/users/0.1/users?usernames%5B%5D=jgor&compact=true: All connection attempts failed
2026-08-14 19:21:58.279 | WARNING  | rahasya.utils.http_client:_request_with_retry:60 - Attempt 2/3 failed for https://www.folkd.com/?app=core&module=system&controller=ajax&do=usernameExists&input=jgor: All connection attempts failed
2026-08-14 19:21:58.324 | WARNING  | rahasya.utils.http_client:_request_with_retry:60 - Attempt 3/3 failed for https://www.fl.ru/users/jgor/portfolio/: All connection attempts failed
2026-08-14 19:21:58.324 | WARNING  | rahasya.utils.http_client:_request_with_retry:60 - Attempt 3/3 failed for https://www.filmweb.pl/user/jgor: All connection attempts failed
2026-08-14 19:21:58.324 | WARNING  | rahasya.utils.http_client:_request_with_retry:60 - Attempt 3/3 failed for https://www.fatsecret.com/member/jgor: All connection attempts failed
2026-08-14 19:21:58.324 | WARNING  | rahasya.utils.http_client:_request_with_retry:60 - Attempt 3/3 failed for https://www.figma.com/api/profile/handle/jgor: All connection attempts failed
2026-08-14 19:21:58.350 | WARNING  | rahasya.utils.http_client:_request_with_retry:60 - Attempt 1/3 failed for https://api.fotka.com/v2/user/dataStatic?login=jgor: All connection attempts failed
2026-08-14 19:21:58.384 | WARNING  | rahasya.utils.http_client:_request_with_retry:60 - Attempt 1/3 failed for https://freelancehunt.com/en/employer/jgor.html: All connection attempts failed
2026-08-14 19:21:58.430 | WARNING  | rahasya.utils.http_client:_request_with_retry:60 - Attempt 3/3 failed for https://filmot.com/channelsearch/jgor: All connection attempts failed
2026-08-14 19:21:58.566 | WARNING  | rahasya.utils.http_client:_request_with_retry:60 - Attempt 2/3 failed for https://archive.org/wayback/available?url=https://www.fotolog.com/jgor: All connection attempts failed
2026-08-14 19:21:58.568 | WARNING  | rahasya.utils.http_client:_request_with_retry:60 - Attempt 1/3 failed for https://fosstodon.org/api/v1/accounts/lookup?acct=jgor: All connection attempts failed
2026-08-14 19:21:58.606 | WARNING  | rahasya.utils.http_client:_request_with_retry:60 - Attempt 2/3 failed for https://www.fodors.com/community/profile/jgor/forum-activity: All connection attempts failed
2026-08-14 19:21:58.607 | WARNING  | rahasya.utils.http_client:_request_with_retry:60 - Attempt 2/3 failed for https://api.freecodecamp.org/users/get-public-profile?username=jgor: All connection attempts failed
2026-08-14 19:21:58.688 | WARNING  | rahasya.utils.http_client:_request_with_retry:60 - Attempt 1/3 failed for https://freelance.ua/user/jgor/: All connection attempts failed
2026-08-14 19:21:58.732 | WARNING  | rahasya.utils.http_client:_request_with_retry:60 - Attempt 2/3 failed for https://freelance.ru/jgor: All connection attempts failed
2026-08-14 19:21:58.808 | WARNING  | rahasya.utils.http_client:_request_with_retry:60 - Attempt 1/3 failed for https://www.friendfinder-x.com/profile/jgor: All connection attempts failed
2026-08-14 19:21:58.809 | WARNING  | rahasya.utils.http_client:_request_with_retry:60 - Attempt 1/3 failed for https://foursquare.com/jgor: All connection attempts failed
2026-08-14 19:21:58.881 | WARNING  | rahasya.utils.http_client:_request_with_retry:60 - Attempt 3/3 failed for https://www.fiverr.com/validate_username: All connection attempts failed
2026-08-14 19:21:58.941 | WARNING  | rahasya.utils.http_client:_request_with_retry:60 - Attempt 2/3 failed for https://forumprawne.org/members/jgor.html: All connection attempts failed
2026-08-14 19:21:58.990 | WARNING  | rahasya.utils.http_client:_request_with_retry:60 - Attempt 1/3 failed for https://www.game-debate.com/profile/jgor: All connection attempts failed
2026-08-14 19:21:59.035 | WARNING  | rahasya.utils.http_client:_request_with_retry:60 - Attempt 1/3 failed for https://freesound.org/people/jgor/section/stats/?ajax=1: All connection attempts failed
2026-08-14 19:21:59.195 | WARNING  | rahasya.utils.http_client:_request_with_retry:60 - Attempt 3/3 failed for https://fineartamerica.com/profiles/jgor: All connection attempts failed
2026-08-14 19:21:59.223 | WARNING  | rahasya.utils.http_client:_request_with_retry:60 - Attempt 1/3 failed for https://freelancehunt.com/en/freelancer/jgor.html: All connection attempts failed
2026-08-14 19:21:59.233 | WARNING  | rahasya.utils.http_client:_request_with_retry:60 - Attempt 3/3 failed for https://flipboard.com/@jgor: All connection attempts failed
2026-08-14 19:21:59.281 | WARNING  | rahasya.utils.http_client:_request_with_retry:60 - Attempt 2/3 failed for https://www.freelancer.com/api/users/0.1/users?usernames%5B%5D=jgor&compact=true: All connection attempts failed
2026-08-14 19:21:59.321 | WARNING  | rahasya.utils.http_client:_request_with_retry:60 - Attempt 3/3 failed for https://my.flightradar24.com/jgor/: All connection attempts failed
2026-08-14 19:21:59.358 | WARNING  | rahasya.utils.http_client:_request_with_retry:60 - Attempt 2/3 failed for https://api.fotka.com/v2/user/dataStatic?login=jgor: All connection attempts failed
2026-08-14 19:21:59.391 | WARNING  | rahasya.utils.http_client:_request_with_retry:60 - Attempt 2/3 failed for https://freelancehunt.com/en/employer/jgor.html: All connection attempts failed
2026-08-14 19:21:59.391 | WARNING  | rahasya.utils.http_client:_request_with_retry:60 - Attempt 1/3 failed for https://www.gamespot.com/profile/jgor/summary/activity/?ajax: All connection attempts failed
2026-08-14 19:21:59.441 | WARNING  | rahasya.utils.http_client:_request_with_retry:60 - Attempt 3/3 failed for https://www.flickr.com/photos/jgor/: All connection attempts failed
2026-08-14 19:21:59.549 | WARNING  | rahasya.utils.http_client:_request_with_retry:60 - Attempt 3/3 failed for https://www.flowcode.com/page/jgor: All connection attempts failed
2026-08-14 19:21:59.593 | WARNING  | rahasya.utils.http_client:_request_with_retry:60 - Attempt 2/3 failed for https://fosstodon.org/api/v1/accounts/lookup?acct=jgor: All connection attempts failed
2026-08-14 19:21:59.651 | WARNING  | rahasya.utils.http_client:_request_with_retry:60 - Attempt 1/3 failed for https://friendfinder.com/profile/jgor: All connection attempts failed
2026-08-14 19:21:59.651 | WARNING  | rahasya.utils.http_client:_request_with_retry:60 - Attempt 1/3 failed for https://www.freesteamkeys.com/members/jgor/: All connection attempts failed
2026-08-14 19:21:59.684 | WARNING  | rahasya.utils.http_client:_request_with_retry:60 - Attempt 2/3 failed for https://freelance.ua/user/jgor/: All connection attempts failed
2026-08-14 19:21:59.812 | WARNING  | rahasya.utils.http_client:_request_with_retry:60 - Attempt 2/3 failed for https://www.friendfinder-x.com/profile/jgor: All connection attempts failed
2026-08-14 19:21:59.812 | WARNING  | rahasya.utils.http_client:_request_with_retry:60 - Attempt 2/3 failed for https://foursquare.com/jgor: All connection attempts failed
2026-08-14 19:21:59.843 | WARNING  | rahasya.utils.http_client:_request_with_retry:60 - Attempt 1/3 failed for https://gamejolt.com/site-api/web/profile/@jgor/: All connection attempts failed
2026-08-14 19:21:59.843 | WARNING  | rahasya.utils.http_client:_request_with_retry:60 - Attempt 1/3 failed for https://gdbrowser.com/api/profile/jgor: All connection attempts failed
2026-08-14 19:21:59.954 | WARNING  | rahasya.utils.http_client:_request_with_retry:60 - Attempt 1/3 failed for https://gamerdvr.com/gamer/jgor: All connection attempts failed
2026-08-14 19:22:00.020 | WARNING  | rahasya.utils.http_client:_request_with_retry:60 - Attempt 2/3 failed for https://www.game-debate.com/profile/jgor: All connection attempts failed
2026-08-14 19:22:00.051 | WARNING  | rahasya.utils.http_client:_request_with_retry:60 - Attempt 2/3 failed for https://freesound.org/people/jgor/section/stats/?ajax=1: All connection attempts failed
2026-08-14 19:22:00.051 | WARNING  | rahasya.utils.http_client:_request_with_retry:60 - Attempt 3/3 failed for https://fortnitetracker.com/profile/all/jgor: All connection attempts failed
2026-08-14 19:22:00.142 | WARNING  | rahasya.modules.base:safe_execute:181 - Module WhatsMyName was cancelled
2026-08-14 19:22:00.142 | ERROR    | rahasya.core.orchestrator:_run_scan_loop:206 - Module failed: TimeoutError: 
2026-08-14 19:22:00.163 | DEBUG    | rahasya.core.orchestrator:_run_scan_loop:181 - Dispatching 4 modules for [username] 'jaygor'
2026-08-14 19:22:01.188 | INFO     | rahasya.modules.base:safe_execute:165 - Executing Maigret on [username] 'jaygor' (scan=bc73dc4c...)
2026-08-14 19:22:01.198 | INFO     | rahasya.modules.base:safe_execute:165 - Executing Ahmia on [username] 'jaygor' (scan=bc73dc4c...)
2026-08-14 19:22:01.198 | INFO     | rahasya.modules.base:safe_execute:165 - Executing WhatsMyName on [username] 'jaygor' (scan=bc73dc4c...)
2026-08-14 19:22:01.202 | INFO     | rahasya.modules.base:safe_execute:165 - Executing Sherlock on [username] 'jaygor' (scan=bc73dc4c...)
2026-08-14 19:22:01.873 | WARNING  | rahasya.utils.http_client:_request_with_retry:60 - Attempt 1/3 failed for https://www.artbreeder.com/jaygor: All connection attempts failed
2026-08-14 19:22:01.906 | WARNING  | rahasya.utils.http_client:_request_with_retry:60 - Attempt 1/3 failed for https://forum.arduino.cc/u/jaygor.json: All connection attempts failed
2026-08-14 19:22:02.069 | WARNING  | rahasya.utils.http_client:_request_with_retry:60 - Attempt 1/3 failed for https://7dach.ru/profile/jaygor: All connection attempts failed
2026-08-14 19:22:02.126 | WARNING  | rahasya.utils.http_client:_request_with_retry:60 - Attempt 1/3 failed for https://cursos.alura.com.br/user/jaygor: All connection attempts failed
2026-08-14 19:22:02.155 | WARNING  | rahasya.utils.http_client:_request_with_retry:60 - Attempt 1/3 failed for https://au.ru/user/jaygor/: All connection attempts failed
2026-08-14 19:22:02.155 | WARNING  | rahasya.utils.http_client:_request_with_retry:60 - Attempt 1/3 failed for https://ameblo.jp/jaygor: All connection attempts failed
2026-08-14 19:22:02.231 | WARNING  | rahasya.utils.http_client:_request_with_retry:60 - Attempt 1/3 failed for https://albicla.com/jaygor/post/1: All connection attempts failed
2026-08-14 19:22:02.231 | WARNING  | rahasya.utils.http_client:_request_with_retry:60 - Attempt 1/3 failed for https://uk.advfn.com/forum/profile/jaygor: All connection attempts failed
2026-08-14 19:22:02.330 | WARNING  | rahasya.utils.http_client:_request_with_retry:60 - Attempt 1/3 failed for https://gitlab.archlinux.org/api/v4/users?username=jaygor: All connection attempts failed
2026-08-14 19:22:02.446 | WARNING  | rahasya.utils.http_client:_request_with_retry:60 - Attempt 1/3 failed for https://graphql.anilist.co: All connection attempts failed
2026-08-14 19:22:02.450 | WARNING  | rahasya.utils.http_client:_request_with_retry:60 - Attempt 1/3 failed for https://www.anime-planet.com/api/validation/username: All connection attempts failed
2026-08-14 19:22:02.554 | WARNING  | rahasya.utils.http_client:_request_with_retry:60 - Attempt 1/3 failed for https://api.tracker.gg/api/v2/apex/standard/profile/origin/jaygor: All connection attempts failed
2026-08-14 19:22:02.559 | WARNING  | rahasya.utils.http_client:_request_with_retry:60 - Attempt 1/3 failed for https://ahmia.fi/api/search/?q=jaygor: All connection attempts failed
2026-08-14 19:22:02.593 | WARNING  | rahasya.utils.http_client:_request_with_retry:60 - Attempt 1/3 failed for https://community.appian.com/members/jaygor: All connection attempts failed
2026-08-14 19:22:02.674 | WARNING  | rahasya.utils.http_client:_request_with_retry:60 - Attempt 1/3 failed for https://asciinema.org/~jaygor: All connection attempts failed
2026-08-14 19:22:02.675 | WARNING  | rahasya.utils.http_client:_request_with_retry:60 - Attempt 1/3 failed for https://armorgames.com/user/jaygor: All connection attempts failed
2026-08-14 19:22:02.676 | WARNING  | rahasya.utils.http_client:_request_with_retry:60 - Attempt 1/3 failed for https://projecthub.arduino.cc/jaygor: All connection attempts failed
2026-08-14 19:22:02.681 | WARNING  | rahasya.utils.http_client:_request_with_retry:60 - Attempt 1/3 failed for https://www.artstation.com/jaygor: All connection attempts failed
2026-08-14 19:22:02.738 | WARNING  | rahasya.utils.http_client:_request_with_retry:60 - Attempt 1/3 failed for https://arsmate.com/jaygor: All connection attempts failed
2026-08-14 19:22:02.746 | WARNING  | rahasya.utils.http_client:_request_with_retry:60 - Attempt 1/3 failed for https://www.7cups.com/@jaygor: All connection attempts failed
2026-08-14 19:22:02.746 | WARNING  | rahasya.utils.http_client:_request_with_retry:60 - Attempt 1/3 failed for https://247sports.com/User/jaygor/: All connection attempts failed
2026-08-14 19:22:02.800 | WARNING  | rahasya.utils.http_client:_request_with_retry:60 - Attempt 1/3 failed for https://3dtoday.ru/blogs/jaygor: All connection attempts failed
2026-08-14 19:22:02.801 | WARNING  | rahasya.utils.http_client:_request_with_retry:60 - Attempt 1/3 failed for https://admireme.vip/jaygor/: All connection attempts failed
2026-08-14 19:22:02.833 | WARNING  | rahasya.utils.http_client:_request_with_retry:60 - Attempt 1/3 failed for https://atcoder.jp/users/jaygor: All connection attempts failed
2026-08-14 19:22:02.888 | WARNING  | rahasya.utils.http_client:_request_with_retry:60 - Attempt 2/3 failed for https://www.artbreeder.com/jaygor: All connection attempts failed
2026-08-14 19:22:02.888 | WARNING  | rahasya.utils.http_client:_request_with_retry:60 - Attempt 2/3 failed for https://forum.arduino.cc/u/jaygor.json: All connection attempts failed
2026-08-14 19:22:02.958 | WARNING  | rahasya.utils.http_client:_request_with_retry:60 - Attempt 1/3 failed for https://247ctf.com/progress/jaygor: All connection attempts failed
2026-08-14 19:22:02.960 | WARNING  | rahasya.utils.http_client:_request_with_retry:60 - Attempt 1/3 failed for https://www.alik.cz/u/jaygor: All connection attempts failed
2026-08-14 19:22:02.962 | WARNING  | rahasya.utils.http_client:_request_with_retry:60 - Attempt 1/3 failed for https://www.adultism.com/profile/jaygor: All connection attempts failed
2026-08-14 19:22:03.040 | WARNING  | rahasya.utils.http_client:_request_with_retry:60 - Attempt 1/3 failed for https://support.advancedcustomfields.com/forums/users/jaygor/: All connection attempts failed
2026-08-14 19:22:03.042 | WARNING  | rahasya.utils.http_client:_request_with_retry:60 - Attempt 1/3 failed for https://www.americanthinker.com/author/jaygor/: All connection attempts failed
2026-08-14 19:22:03.080 | WARNING  | rahasya.utils.http_client:_request_with_retry:60 - Attempt 1/3 failed for https://35photo.pro/@jaygor/: All connection attempts failed
2026-08-14 19:22:03.085 | WARNING  | rahasya.utils.http_client:_request_with_retry:60 - Attempt 2/3 failed for https://7dach.ru/profile/jaygor: All connection attempts failed
2026-08-14 19:22:03.123 | WARNING  | rahasya.utils.http_client:_request_with_retry:60 - Attempt 2/3 failed for https://cursos.alura.com.br/user/jaygor: All connection attempts failed
2026-08-14 19:22:03.165 | WARNING  | rahasya.utils.http_client:_request_with_retry:60 - Attempt 2/3 failed for https://au.ru/user/jaygor/: All connection attempts failed
2026-08-14 19:22:03.206 | WARNING  | rahasya.utils.http_client:_request_with_retry:60 - Attempt 1/3 failed for https://about.me/jaygor: All connection attempts failed
2026-08-14 19:22:03.234 | WARNING  | rahasya.utils.http_client:_request_with_retry:60 - Attempt 2/3 failed for https://albicla.com/jaygor/post/1: All connection attempts failed
2026-08-14 19:22:03.235 | WARNING  | rahasya.utils.http_client:_request_with_retry:60 - Attempt 2/3 failed for https://uk.advfn.com/forum/profile/jaygor: All connection attempts failed
2026-08-14 19:22:03.343 | WARNING  | rahasya.utils.http_client:_request_with_retry:60 - Attempt 2/3 failed for https://ameblo.jp/jaygor: All connection attempts failed
2026-08-14 19:22:03.343 | WARNING  | rahasya.utils.http_client:_request_with_retry:60 - Attempt 2/3 failed for https://gitlab.archlinux.org/api/v4/users?username=jaygor: All connection attempts failed
2026-08-14 19:22:03.401 | ERROR    | rahasya.modules.social.maigret_module:execute:101 - Maigret execution failed: Expecting value: line 1 column 1 (char 0)
2026-08-14 19:22:03.401 | INFO     | rahasya.modules.base:safe_execute:173 - Completed Maigret: 0 entities found in 3218ms
2026-08-14 19:22:03.447 | WARNING  | rahasya.utils.http_client:_request_with_retry:60 - Attempt 2/3 failed for https://graphql.anilist.co: All connection attempts failed
2026-08-14 19:22:03.447 | WARNING  | rahasya.utils.http_client:_request_with_retry:60 - Attempt 2/3 failed for https://www.anime-planet.com/api/validation/username: All connection attempts failed
2026-08-14 19:22:03.564 | WARNING  | rahasya.utils.http_client:_request_with_retry:60 - Attempt 2/3 failed for https://ahmia.fi/api/search/?q=jaygor: All connection attempts failed
2026-08-14 19:22:03.564 | WARNING  | rahasya.utils.http_client:_request_with_retry:60 - Attempt 2/3 failed for https://api.tracker.gg/api/v2/apex/standard/profile/origin/jaygor: All connection attempts failed
2026-08-14 19:22:03.593 | ERROR    | rahasya.modules.social.sherlock_module:execute:74 - Sherlock execution failed: Expecting value: line 1 column 1 (char 0)
2026-08-14 19:22:03.594 | INFO     | rahasya.modules.base:safe_execute:173 - Completed Sherlock: 0 entities found in 3391ms
2026-08-14 19:22:03.596 | WARNING  | rahasya.utils.http_client:_request_with_retry:60 - Attempt 2/3 failed for https://community.appian.com/members/jaygor: All connection attempts failed
2026-08-14 19:22:03.678 | WARNING  | rahasya.utils.http_client:_request_with_retry:60 - Attempt 2/3 failed for https://asciinema.org/~jaygor: All connection attempts failed
2026-08-14 19:22:03.678 | WARNING  | rahasya.utils.http_client:_request_with_retry:60 - Attempt 2/3 failed for https://armorgames.com/user/jaygor: All connection attempts failed
2026-08-14 19:22:03.678 | WARNING  | rahasya.utils.http_client:_request_with_retry:60 - Attempt 2/3 failed for https://www.artstation.com/jaygor: All connection attempts failed
2026-08-14 19:22:03.678 | WARNING  | rahasya.utils.http_client:_request_with_retry:60 - Attempt 2/3 failed for https://projecthub.arduino.cc/jaygor: All connection attempts failed
2026-08-14 19:22:03.747 | WARNING  | rahasya.utils.http_client:_request_with_retry:60 - Attempt 2/3 failed for https://arsmate.com/jaygor: All connection attempts failed
2026-08-14 19:22:03.747 | WARNING  | rahasya.utils.http_client:_request_with_retry:60 - Attempt 2/3 failed for https://www.7cups.com/@jaygor: All connection attempts failed
2026-08-14 19:22:03.749 | WARNING  | rahasya.utils.http_client:_request_with_retry:60 - Attempt 2/3 failed for https://247sports.com/User/jaygor/: All connection attempts failed
2026-08-14 19:22:03.809 | WARNING  | rahasya.utils.http_client:_request_with_retry:60 - Attempt 2/3 failed for https://3dtoday.ru/blogs/jaygor: All connection attempts failed
2026-08-14 19:22:03.809 | WARNING  | rahasya.utils.http_client:_request_with_retry:60 - Attempt 2/3 failed for https://admireme.vip/jaygor/: All connection attempts failed
2026-08-14 19:22:03.843 | WARNING  | rahasya.utils.http_client:_request_with_retry:60 - Attempt 2/3 failed for https://atcoder.jp/users/jaygor: All connection attempts failed
2026-08-14 19:22:03.962 | WARNING  | rahasya.utils.http_client:_request_with_retry:60 - Attempt 2/3 failed for https://www.alik.cz/u/jaygor: All connection attempts failed
2026-08-14 19:22:03.962 | WARNING  | rahasya.utils.http_client:_request_with_retry:60 - Attempt 2/3 failed for https://247ctf.com/progress/jaygor: All connection attempts failed
2026-08-14 19:22:03.962 | WARNING  | rahasya.utils.http_client:_request_with_retry:60 - Attempt 2/3 failed for https://www.adultism.com/profile/jaygor: All connection attempts failed
2026-08-14 19:22:04.051 | WARNING  | rahasya.utils.http_client:_request_with_retry:60 - Attempt 2/3 failed for https://support.advancedcustomfields.com/forums/users/jaygor/: All connection attempts failed
2026-08-14 19:22:04.051 | WARNING  | rahasya.utils.http_client:_request_with_retry:60 - Attempt 2/3 failed for https://35photo.pro/@jaygor/: All connection attempts failed
2026-08-14 19:22:04.051 | WARNING  | rahasya.utils.http_client:_request_with_retry:60 - Attempt 2/3 failed for https://www.americanthinker.com/author/jaygor/: All connection attempts failed
2026-08-14 19:22:04.209 | WARNING  | rahasya.utils.http_client:_request_with_retry:60 - Attempt 2/3 failed for https://about.me/jaygor: All connection attempts failed
2026-08-14 19:22:04.895 | WARNING  | rahasya.utils.http_client:_request_with_retry:60 - Attempt 3/3 failed for https://www.artbreeder.com/jaygor: All connection attempts failed
2026-08-14 19:22:04.911 | WARNING  | rahasya.utils.http_client:_request_with_retry:60 - Attempt 3/3 failed for https://forum.arduino.cc/u/jaygor.json: All connection attempts failed
2026-08-14 19:22:05.095 | WARNING  | rahasya.utils.http_client:_request_with_retry:60 - Attempt 3/3 failed for https://7dach.ru/profile/jaygor: All connection attempts failed
2026-08-14 19:22:05.136 | WARNING  | rahasya.utils.http_client:_request_with_retry:60 - Attempt 3/3 failed for https://cursos.alura.com.br/user/jaygor: All connection attempts failed
2026-08-14 19:22:05.168 | WARNING  | rahasya.utils.http_client:_request_with_retry:60 - Attempt 3/3 failed for https://au.ru/user/jaygor/: All connection attempts failed
2026-08-14 19:22:05.225 | WARNING  | rahasya.utils.http_client:_request_with_retry:60 - Attempt 3/3 failed for https://uk.advfn.com/forum/profile/jaygor: All connection attempts failed
2026-08-14 19:22:05.225 | WARNING  | rahasya.utils.http_client:_request_with_retry:60 - Attempt 3/3 failed for https://albicla.com/jaygor/post/1: All connection attempts failed
2026-08-14 19:22:05.344 | WARNING  | rahasya.utils.http_client:_request_with_retry:60 - Attempt 3/3 failed for https://gitlab.archlinux.org/api/v4/users?username=jaygor: All connection attempts failed
2026-08-14 19:22:05.344 | WARNING  | rahasya.utils.http_client:_request_with_retry:60 - Attempt 3/3 failed for https://ameblo.jp/jaygor: All connection attempts failed
2026-08-14 19:22:05.451 | WARNING  | rahasya.utils.http_client:_request_with_retry:60 - Attempt 3/3 failed for https://www.anime-planet.com/api/validation/username: All connection attempts failed
2026-08-14 19:22:05.451 | WARNING  | rahasya.utils.http_client:_request_with_retry:60 - Attempt 3/3 failed for https://graphql.anilist.co: All connection attempts failed
2026-08-14 19:22:05.552 | WARNING  | rahasya.utils.http_client:_request_with_retry:60 - Attempt 3/3 failed for https://ahmia.fi/api/search/?q=jaygor: All connection attempts failed
2026-08-14 19:22:05.552 | ERROR    | rahasya.modules.darkweb.ahmia_module:execute:51 - Ahmia API search failed: All connection attempts failed
2026-08-14 19:22:05.552 | INFO     | rahasya.modules.base:safe_execute:173 - Completed Ahmia: 0 entities found in 5375ms
2026-08-14 19:22:05.552 | WARNING  | rahasya.utils.http_client:_request_with_retry:60 - Attempt 3/3 failed for https://api.tracker.gg/api/v2/apex/standard/profile/origin/jaygor: All connection attempts failed
2026-08-14 19:22:05.600 | WARNING  | rahasya.utils.http_client:_request_with_retry:60 - Attempt 3/3 failed for https://community.appian.com/members/jaygor: All connection attempts failed
2026-08-14 19:22:05.692 | WARNING  | rahasya.utils.http_client:_request_with_retry:60 - Attempt 3/3 failed for https://asciinema.org/~jaygor: All connection attempts failed
2026-08-14 19:22:05.692 | WARNING  | rahasya.utils.http_client:_request_with_retry:60 - Attempt 3/3 failed for https://www.artstation.com/jaygor: All connection attempts failed
2026-08-14 19:22:05.692 | WARNING  | rahasya.utils.http_client:_request_with_retry:60 - Attempt 3/3 failed for https://projecthub.arduino.cc/jaygor: All connection attempts failed
2026-08-14 19:22:05.692 | WARNING  | rahasya.utils.http_client:_request_with_retry:60 - Attempt 3/3 failed for https://armorgames.com/user/jaygor: All connection attempts failed
2026-08-14 19:22:05.745 | WARNING  | rahasya.utils.http_client:_request_with_retry:60 - Attempt 3/3 failed for https://arsmate.com/jaygor: All connection attempts failed
2026-08-14 19:22:05.745 | WARNING  | rahasya.utils.http_client:_request_with_retry:60 - Attempt 3/3 failed for https://www.7cups.com/@jaygor: All connection attempts failed
2026-08-14 19:22:05.745 | WARNING  | rahasya.utils.http_client:_request_with_retry:60 - Attempt 3/3 failed for https://247sports.com/User/jaygor/: All connection attempts failed
2026-08-14 19:22:05.800 | WARNING  | rahasya.utils.http_client:_request_with_retry:60 - Attempt 3/3 failed for https://3dtoday.ru/blogs/jaygor: All connection attempts failed
2026-08-14 19:22:05.800 | WARNING  | rahasya.utils.http_client:_request_with_retry:60 - Attempt 3/3 failed for https://admireme.vip/jaygor/: All connection attempts failed
2026-08-14 19:22:05.834 | WARNING  | rahasya.utils.http_client:_request_with_retry:60 - Attempt 3/3 failed for https://atcoder.jp/users/jaygor: All connection attempts failed
2026-08-14 19:22:05.968 | WARNING  | rahasya.utils.http_client:_request_with_retry:60 - Attempt 3/3 failed for https://247ctf.com/progress/jaygor: All connection attempts failed
2026-08-14 19:22:05.968 | WARNING  | rahasya.utils.http_client:_request_with_retry:60 - Attempt 3/3 failed for https://www.alik.cz/u/jaygor: All connection attempts failed
2026-08-14 19:22:05.968 | WARNING  | rahasya.utils.http_client:_request_with_retry:60 - Attempt 3/3 failed for https://www.adultism.com/profile/jaygor: All connection attempts failed
2026-08-14 19:22:06.070 | WARNING  | rahasya.utils.http_client:_request_with_retry:60 - Attempt 3/3 failed for https://support.advancedcustomfields.com/forums/users/jaygor/: All connection attempts failed
2026-08-14 19:22:06.070 | WARNING  | rahasya.utils.http_client:_request_with_retry:60 - Attempt 3/3 failed for https://35photo.pro/@jaygor/: All connection attempts failed
2026-08-14 19:22:06.070 | WARNING  | rahasya.utils.http_client:_request_with_retry:60 - Attempt 3/3 failed for https://www.americanthinker.com/author/jaygor/: All connection attempts failed
2026-08-14 19:22:06.217 | WARNING  | rahasya.utils.http_client:_request_with_retry:60 - Attempt 3/3 failed for https://about.me/jaygor: All connection attempts failed
2026-08-14 19:22:06.427 | WARNING  | rahasya.utils.http_client:_request_with_retry:60 - Attempt 1/3 failed for https://ask.bimpos.com/user/jaygor: All connection attempts failed
2026-08-14 19:22:06.428 | WARNING  | rahasya.utils.http_client:_request_with_retry:60 - Attempt 1/3 failed for https://bio.site/jaygor: All connection attempts failed
2026-08-14 19:22:06.467 | WARNING  | rahasya.utils.http_client:_request_with_retry:60 - Attempt 1/3 failed for https://bio.link/jaygor: All connection attempts failed
2026-08-14 19:22:06.475 | WARNING  | rahasya.utils.http_client:_request_with_retry:60 - Attempt 1/3 failed for https://www.bigo.tv/user/jaygor: All connection attempts failed
2026-08-14 19:22:06.592 | WARNING  | rahasya.utils.http_client:_request_with_retry:60 - Attempt 1/3 failed for https://www.babepedia.com/user/jaygor: All connection attempts failed
2026-08-14 19:22:06.709 | WARNING  | rahasya.utils.http_client:_request_with_retry:60 - Attempt 1/3 failed for https://www.babyblog.ru/user/jaygor: All connection attempts failed
2026-08-14 19:22:06.752 | WARNING  | rahasya.utils.http_client:_request_with_retry:60 - Attempt 1/3 failed for https://api.boosty.to/v1/blog/jaygor: All connection attempts failed
2026-08-14 19:22:06.752 | WARNING  | rahasya.utils.http_client:_request_with_retry:60 - Attempt 1/3 failed for https://beacons.ai/jaygor: All connection attempts failed
2026-08-14 19:22:06.753 | WARNING  | rahasya.utils.http_client:_request_with_retry:60 - Attempt 1/3 failed for https://api.bitchute.com/api/beta/channel: All connection attempts failed
2026-08-14 19:22:06.764 | WARNING  | rahasya.utils.http_client:_request_with_retry:60 - Attempt 1/3 failed for https://community.avid.com/members/jaygor/default.aspx: All connection attempts failed
2026-08-14 19:22:06.802 | WARNING  | rahasya.utils.http_client:_request_with_retry:60 - Attempt 1/3 failed for https://audiojungle.net/user/jaygor: All connection attempts failed
2026-08-14 19:22:06.921 | WARNING  | rahasya.utils.http_client:_request_with_retry:60 - Attempt 1/3 failed for https://forums.babypips.com/u/jaygor.json: All connection attempts failed
2026-08-14 19:22:06.921 | WARNING  | rahasya.utils.http_client:_request_with_retry:60 - Attempt 1/3 failed for https://booknode.com/profil/jaygor: All connection attempts failed
2026-08-14 19:22:06.968 | WARNING  | rahasya.utils.http_client:_request_with_retry:60 - Attempt 1/3 failed for https://bentbox.co/jaygor: All connection attempts failed
2026-08-14 19:22:06.968 | WARNING  | rahasya.utils.http_client:_request_with_retry:60 - Attempt 1/3 failed for http://blogmarks.net/user/jaygor: All connection attempts failed
2026-08-14 19:22:06.975 | WARNING  | rahasya.utils.http_client:_request_with_retry:60 - Attempt 1/3 failed for https://jaygor.booth.pm/: All connection attempts failed
2026-08-14 19:22:07.009 | WARNING  | rahasya.utils.http_client:_request_with_retry:60 - Attempt 1/3 failed for https://bugcrowd.com/profile-service/v1/profiles/jaygor: All connection attempts failed
2026-08-14 19:22:07.036 | WARNING  | rahasya.utils.http_client:_request_with_retry:60 - Attempt 1/3 failed for https://bitbucket.org/!api/2.0/repositories/jaygor?page=1&pagelen=25&sort=-updated_on&q=&fields=-values.owner%2C-values.workspace: All connection attempts failed
2026-08-14 19:22:07.084 | WARNING  | rahasya.utils.http_client:_request_with_retry:60 - Attempt 1/3 failed for http://jaygor.blogspot.com: All connection attempts failed
2026-08-14 19:22:07.113 | WARNING  | rahasya.utils.http_client:_request_with_retry:60 - Attempt 1/3 failed for https://jaygor.bdsmlr.com: All connection attempts failed
2026-08-14 19:22:07.235 | WARNING  | rahasya.utils.http_client:_request_with_retry:60 - Attempt 1/3 failed for https://www.bdsmsingles.com/members/jaygor/: All connection attempts failed
2026-08-14 19:22:07.235 | WARNING  | rahasya.utils.http_client:_request_with_retry:60 - Attempt 1/3 failed for https://bandcamp.com/jaygor: All connection attempts failed
2026-08-14 19:22:07.345 | WARNING  | rahasya.utils.http_client:_request_with_retry:60 - Attempt 1/3 failed for https://www.bandlab.com/api/v1.3/users/jaygor: All connection attempts failed
2026-08-14 19:22:07.441 | WARNING  | rahasya.utils.http_client:_request_with_retry:60 - Attempt 2/3 failed for https://ask.bimpos.com/user/jaygor: All connection attempts failed
2026-08-14 19:22:07.441 | WARNING  | rahasya.utils.http_client:_request_with_retry:60 - Attempt 2/3 failed for https://bio.site/jaygor: All connection attempts failed
2026-08-14 19:22:07.460 | WARNING  | rahasya.utils.http_client:_request_with_retry:60 - Attempt 2/3 failed for https://bio.link/jaygor: All connection attempts failed
2026-08-14 19:22:07.505 | WARNING  | rahasya.utils.http_client:_request_with_retry:60 - Attempt 2/3 failed for https://www.bigo.tv/user/jaygor: All connection attempts failed
2026-08-14 19:22:07.579 | WARNING  | rahasya.utils.http_client:_request_with_retry:60 - Attempt 1/3 failed for https://www.biggerpockets.com/users/jaygor: All connection attempts failed
2026-08-14 19:22:07.613 | WARNING  | rahasya.utils.http_client:_request_with_retry:60 - Attempt 2/3 failed for https://www.babepedia.com/user/jaygor: All connection attempts failed
2026-08-14 19:22:07.613 | WARNING  | rahasya.utils.http_client:_request_with_retry:60 - Attempt 1/3 failed for https://brickset.com/profile/jaygor: All connection attempts failed
2026-08-14 19:22:07.636 | WARNING  | rahasya.utils.http_client:_request_with_retry:60 - Attempt 1/3 failed for https://bsky.app/profile/jaygor: All connection attempts failed
2026-08-14 19:22:07.717 | WARNING  | rahasya.utils.http_client:_request_with_retry:60 - Attempt 2/3 failed for https://www.babyblog.ru/user/jaygor: All connection attempts failed
2026-08-14 19:22:07.771 | WARNING  | rahasya.utils.http_client:_request_with_retry:60 - Attempt 2/3 failed for https://api.boosty.to/v1/blog/jaygor: All connection attempts failed
2026-08-14 19:22:07.773 | WARNING  | rahasya.utils.http_client:_request_with_retry:60 - Attempt 1/3 failed for https://www.blogi.pl/osoba,jaygor.html: All connection attempts failed
2026-08-14 19:22:07.773 | WARNING  | rahasya.utils.http_client:_request_with_retry:60 - Attempt 2/3 failed for https://api.bitchute.com/api/beta/channel: All connection attempts failed
2026-08-14 19:22:07.775 | WARNING  | rahasya.utils.http_client:_request_with_retry:60 - Attempt 2/3 failed for https://beacons.ai/jaygor: All connection attempts failed
2026-08-14 19:22:07.808 | WARNING  | rahasya.utils.http_client:_request_with_retry:60 - Attempt 2/3 failed for https://audiojungle.net/user/jaygor: All connection attempts failed
2026-08-14 19:22:07.808 | WARNING  | rahasya.utils.http_client:_request_with_retry:60 - Attempt 1/3 failed for https://www.bookcrossing.com/mybookshelf/jaygor: All connection attempts failed
2026-08-14 19:22:07.860 | WARNING  | rahasya.utils.http_client:_request_with_retry:60 - Attempt 1/3 failed for https://api.geekdo.com/api/accounts/validate/username?username=jaygor: All connection attempts failed
2026-08-14 19:22:07.860 | WARNING  | rahasya.utils.http_client:_request_with_retry:60 - Attempt 1/3 failed for https://public.api.bsky.app/xrpc/app.bsky.actor.getProfile?actor=jaygor.bsky.social: All connection attempts failed
2026-08-14 19:22:07.933 | WARNING  | rahasya.utils.http_client:_request_with_retry:60 - Attempt 2/3 failed for https://forums.babypips.com/u/jaygor.json: All connection attempts failed
2026-08-14 19:22:07.933 | WARNING  | rahasya.utils.http_client:_request_with_retry:60 - Attempt 2/3 failed for https://booknode.com/profil/jaygor: All connection attempts failed
2026-08-14 19:22:07.967 | WARNING  | rahasya.utils.http_client:_request_with_retry:60 - Attempt 2/3 failed for https://bentbox.co/jaygor: All connection attempts failed
2026-08-14 19:22:07.967 | WARNING  | rahasya.utils.http_client:_request_with_retry:60 - Attempt 2/3 failed for http://blogmarks.net/user/jaygor: All connection attempts failed
2026-08-14 19:22:07.994 | WARNING  | rahasya.utils.http_client:_request_with_retry:60 - Attempt 2/3 failed for https://jaygor.booth.pm/: All connection attempts failed
2026-08-14 19:22:07.994 | WARNING  | rahasya.utils.http_client:_request_with_retry:60 - Attempt 2/3 failed for https://community.avid.com/members/jaygor/default.aspx: All connection attempts failed
2026-08-14 19:22:08.018 | WARNING  | rahasya.utils.http_client:_request_with_retry:60 - Attempt 2/3 failed for https://bugcrowd.com/profile-service/v1/profiles/jaygor: All connection attempts failed
2026-08-14 19:22:08.050 | WARNING  | rahasya.utils.http_client:_request_with_retry:60 - Attempt 2/3 failed for https://bitbucket.org/!api/2.0/repositories/jaygor?page=1&pagelen=25&sort=-updated_on&q=&fields=-values.owner%2C-values.workspace: All connection attempts failed
2026-08-14 19:22:08.098 | WARNING  | rahasya.utils.http_client:_request_with_retry:60 - Attempt 2/3 failed for http://jaygor.blogspot.com: All connection attempts failed
2026-08-14 19:22:08.098 | WARNING  | rahasya.utils.http_client:_request_with_retry:60 - Attempt 2/3 failed for https://jaygor.bdsmlr.com: All connection attempts failed
2026-08-14 19:22:08.225 | WARNING  | rahasya.utils.http_client:_request_with_retry:60 - Attempt 2/3 failed for https://www.bdsmsingles.com/members/jaygor/: All connection attempts failed
2026-08-14 19:22:08.225 | WARNING  | rahasya.utils.http_client:_request_with_retry:60 - Attempt 2/3 failed for https://bandcamp.com/jaygor: All connection attempts failed
2026-08-14 19:22:08.342 | WARNING  | rahasya.utils.http_client:_request_with_retry:60 - Attempt 2/3 failed for https://www.bandlab.com/api/v1.3/users/jaygor: All connection attempts failed
2026-08-14 19:22:08.584 | WARNING  | rahasya.utils.http_client:_request_with_retry:60 - Attempt 2/3 failed for https://www.biggerpockets.com/users/jaygor: All connection attempts failed
2026-08-14 19:22:08.625 | WARNING  | rahasya.utils.http_client:_request_with_retry:60 - Attempt 2/3 failed for https://brickset.com/profile/jaygor: All connection attempts failed
2026-08-14 19:22:08.659 | WARNING  | rahasya.utils.http_client:_request_with_retry:60 - Attempt 2/3 failed for https://bsky.app/profile/jaygor: All connection attempts failed
2026-08-14 19:22:08.775 | WARNING  | rahasya.utils.http_client:_request_with_retry:60 - Attempt 2/3 failed for https://www.blogi.pl/osoba,jaygor.html: All connection attempts failed
2026-08-14 19:22:08.808 | WARNING  | rahasya.utils.http_client:_request_with_retry:60 - Attempt 2/3 failed for https://www.bookcrossing.com/mybookshelf/jaygor: All connection attempts failed
2026-08-14 19:22:08.858 | WARNING  | rahasya.utils.http_client:_request_with_retry:60 - Attempt 2/3 failed for https://api.geekdo.com/api/accounts/validate/username?username=jaygor: All connection attempts failed
2026-08-14 19:22:08.858 | WARNING  | rahasya.utils.http_client:_request_with_retry:60 - Attempt 2/3 failed for https://public.api.bsky.app/xrpc/app.bsky.actor.getProfile?actor=jaygor.bsky.social: All connection attempts failed
2026-08-14 19:22:09.467 | WARNING  | rahasya.utils.http_client:_request_with_retry:60 - Attempt 3/3 failed for https://ask.bimpos.com/user/jaygor: All connection attempts failed
2026-08-14 19:22:09.468 | WARNING  | rahasya.utils.http_client:_request_with_retry:60 - Attempt 3/3 failed for https://bio.link/jaygor: All connection attempts failed
2026-08-14 19:22:09.468 | WARNING  | rahasya.utils.http_client:_request_with_retry:60 - Attempt 3/3 failed for https://bio.site/jaygor: All connection attempts failed
2026-08-14 19:22:09.527 | WARNING  | rahasya.utils.http_client:_request_with_retry:60 - Attempt 3/3 failed for https://www.bigo.tv/user/jaygor: All connection attempts failed
2026-08-14 19:22:09.616 | WARNING  | rahasya.utils.http_client:_request_with_retry:60 - Attempt 3/3 failed for https://www.babepedia.com/user/jaygor: All connection attempts failed
2026-08-14 19:22:09.716 | WARNING  | rahasya.utils.http_client:_request_with_retry:60 - Attempt 3/3 failed for https://www.babyblog.ru/user/jaygor: All connection attempts failed
2026-08-14 19:22:09.783 | WARNING  | rahasya.utils.http_client:_request_with_retry:60 - Attempt 3/3 failed for https://api.boosty.to/v1/blog/jaygor: All connection attempts failed
2026-08-14 19:22:09.786 | WARNING  | rahasya.utils.http_client:_request_with_retry:60 - Attempt 3/3 failed for https://api.bitchute.com/api/beta/channel: All connection attempts failed
2026-08-14 19:22:09.786 | WARNING  | rahasya.utils.http_client:_request_with_retry:60 - Attempt 3/3 failed for https://beacons.ai/jaygor: All connection attempts failed
2026-08-14 19:22:09.800 | WARNING  | rahasya.utils.http_client:_request_with_retry:60 - Attempt 3/3 failed for https://audiojungle.net/user/jaygor: All connection attempts failed
2026-08-14 19:22:09.941 | WARNING  | rahasya.utils.http_client:_request_with_retry:60 - Attempt 3/3 failed for https://forums.babypips.com/u/jaygor.json: All connection attempts failed
2026-08-14 19:22:09.941 | WARNING  | rahasya.utils.http_client:_request_with_retry:60 - Attempt 3/3 failed for https://booknode.com/profil/jaygor: All connection attempts failed
2026-08-14 19:22:09.958 | WARNING  | rahasya.utils.http_client:_request_with_retry:60 - Attempt 3/3 failed for http://blogmarks.net/user/jaygor: All connection attempts failed
2026-08-14 19:22:09.966 | WARNING  | rahasya.utils.http_client:_request_with_retry:60 - Attempt 3/3 failed for https://bentbox.co/jaygor: All connection attempts failed
2026-08-14 19:22:09.999 | WARNING  | rahasya.utils.http_client:_request_with_retry:60 - Attempt 3/3 failed for https://jaygor.booth.pm/: All connection attempts failed
2026-08-14 19:22:09.999 | WARNING  | rahasya.utils.http_client:_request_with_retry:60 - Attempt 3/3 failed for https://community.avid.com/members/jaygor/default.aspx: All connection attempts failed
2026-08-14 19:22:10.016 | WARNING  | rahasya.utils.http_client:_request_with_retry:60 - Attempt 3/3 failed for https://bugcrowd.com/profile-service/v1/profiles/jaygor: All connection attempts failed
2026-08-14 19:22:10.058 | WARNING  | rahasya.utils.http_client:_request_with_retry:60 - Attempt 3/3 failed for https://bitbucket.org/!api/2.0/repositories/jaygor?page=1&pagelen=25&sort=-updated_on&q=&fields=-values.owner%2C-values.workspace: All connection attempts failed
2026-08-14 19:22:10.099 | WARNING  | rahasya.utils.http_client:_request_with_retry:60 - Attempt 3/3 failed for http://jaygor.blogspot.com: All connection attempts failed
2026-08-14 19:22:10.099 | WARNING  | rahasya.utils.http_client:_request_with_retry:60 - Attempt 3/3 failed for https://jaygor.bdsmlr.com: All connection attempts failed
2026-08-14 19:22:10.233 | WARNING  | rahasya.utils.http_client:_request_with_retry:60 - Attempt 3/3 failed for https://www.bdsmsingles.com/members/jaygor/: All connection attempts failed
2026-08-14 19:22:10.233 | WARNING  | rahasya.utils.http_client:_request_with_retry:60 - Attempt 3/3 failed for https://bandcamp.com/jaygor: All connection attempts failed
2026-08-14 19:22:10.337 | WARNING  | rahasya.utils.http_client:_request_with_retry:60 - Attempt 3/3 failed for https://www.bandlab.com/api/v1.3/users/jaygor: All connection attempts failed
2026-08-14 19:22:10.412 | WARNING  | rahasya.utils.http_client:_request_with_retry:60 - Attempt 1/3 failed for https://career.habr.com/jaygor: All connection attempts failed
2026-08-14 19:22:10.583 | WARNING  | rahasya.utils.http_client:_request_with_retry:60 - Attempt 3/3 failed for https://www.biggerpockets.com/users/jaygor: All connection attempts failed
2026-08-14 19:22:10.616 | WARNING  | rahasya.utils.http_client:_request_with_retry:60 - Attempt 1/3 failed for https://www.buzzfeed.com/jaygor: All connection attempts failed
2026-08-14 19:22:10.616 | WARNING  | rahasya.utils.http_client:_request_with_retry:60 - Attempt 3/3 failed for https://brickset.com/profile/jaygor: All connection attempts failed
2026-08-14 19:22:10.666 | WARNING  | rahasya.utils.http_client:_request_with_retry:60 - Attempt 3/3 failed for https://bsky.app/profile/jaygor: All connection attempts failed
2026-08-14 19:22:10.692 | WARNING  | rahasya.utils.http_client:_request_with_retry:60 - Attempt 1/3 failed for https://app.buymeacoffee.com/api/v1/check_availability: All connection attempts failed
2026-08-14 19:22:10.767 | WARNING  | rahasya.utils.http_client:_request_with_retry:60 - Attempt 3/3 failed for https://www.blogi.pl/osoba,jaygor.html: All connection attempts failed
2026-08-14 19:22:10.816 | WARNING  | rahasya.utils.http_client:_request_with_retry:60 - Attempt 3/3 failed for https://www.bookcrossing.com/mybookshelf/jaygor: All connection attempts failed
2026-08-14 19:22:10.848 | WARNING  | rahasya.utils.http_client:_request_with_retry:60 - Attempt 3/3 failed for https://public.api.bsky.app/xrpc/app.bsky.actor.getProfile?actor=jaygor.bsky.social: All connection attempts failed
2026-08-14 19:22:10.848 | WARNING  | rahasya.utils.http_client:_request_with_retry:60 - Attempt 3/3 failed for https://api.geekdo.com/api/accounts/validate/username?username=jaygor: All connection attempts failed
2026-08-14 19:22:11.068 | WARNING  | rahasya.utils.http_client:_request_with_retry:60 - Attempt 1/3 failed for https://www.cameo.com/api/v2/users/jaygor: All connection attempts failed
2026-08-14 19:22:11.110 | WARNING  | rahasya.utils.http_client:_request_with_retry:60 - Attempt 1/3 failed for https://jaygor.carbonmade.com/: All connection attempts failed
2026-08-14 19:22:11.122 | WARNING  | rahasya.utils.http_client:_request_with_retry:60 - Attempt 1/3 failed for https://forum.cfx.re/u/jaygor.json: All connection attempts failed
2026-08-14 19:22:11.124 | WARNING  | rahasya.utils.http_client:_request_with_retry:60 - Attempt 1/3 failed for https://community.bunpro.jp/u/jaygor.json: All connection attempts failed
2026-08-14 19:22:11.149 | WARNING  | rahasya.utils.http_client:_request_with_retry:60 - Attempt 1/3 failed for https://chomikuj.pl/jaygor/: All connection attempts failed
2026-08-14 19:22:11.158 | WARNING  | rahasya.utils.http_client:_request_with_retry:60 - Attempt 1/3 failed for https://jaygor.carrd.co: All connection attempts failed
2026-08-14 19:22:11.170 | WARNING  | rahasya.utils.http_client:_request_with_retry:60 - Attempt 1/3 failed for https://jaygor.chatango.com: All connection attempts failed
2026-08-14 19:22:11.198 | WARNING  | rahasya.utils.http_client:_request_with_retry:60 - Attempt 1/3 failed for https://chaturbate.com/jaygor/: All connection attempts failed
2026-08-14 19:22:11.198 | WARNING  | rahasya.utils.http_client:_request_with_retry:60 - Attempt 1/3 failed for https://calendly.com/api/booking/profiles/jaygor: All connection attempts failed
2026-08-14 19:22:11.257 | WARNING  | rahasya.utils.http_client:_request_with_retry:60 - Attempt 1/3 failed for https://cheezburger.com/Editor/jaygor: All connection attempts failed
2026-08-14 19:22:11.426 | WARNING  | rahasya.utils.http_client:_request_with_retry:60 - Attempt 2/3 failed for https://career.habr.com/jaygor: All connection attempts failed
2026-08-14 19:22:11.426 | WARNING  | rahasya.utils.http_client:_request_with_retry:60 - Attempt 1/3 failed for https://api.chess.com/pub/player/jaygor: All connection attempts failed
2026-08-14 19:22:11.458 | WARNING  | rahasya.utils.http_client:_request_with_retry:60 - Attempt 1/3 failed for https://coda.io/@jaygor/: All connection attempts failed
2026-08-14 19:22:11.499 | WARNING  | rahasya.utils.http_client:_request_with_retry:60 - Attempt 1/3 failed for https://www.castingcall.club/jaygor: All connection attempts failed
2026-08-14 19:22:11.499 | WARNING  | rahasya.utils.http_client:_request_with_retry:60 - Attempt 1/3 failed for https://www.codecademy.com/profiles/jaygor: All connection attempts failed
2026-08-14 19:22:11.576 | WARNING  | rahasya.utils.http_client:_request_with_retry:60 - Attempt 1/3 failed for https://codeberg.org/api/v1/users/jaygor: All connection attempts failed
2026-08-14 19:22:11.576 | WARNING  | rahasya.utils.http_client:_request_with_retry:60 - Attempt 1/3 failed for https://cafecito.app/jaygor: All connection attempts failed
2026-08-14 19:22:11.607 | WARNING  | rahasya.utils.http_client:_request_with_retry:60 - Attempt 2/3 failed for https://www.buzzfeed.com/jaygor: All connection attempts failed
2026-08-14 19:22:11.607 | WARNING  | rahasya.utils.http_client:_request_with_retry:60 - Attempt 1/3 failed for https://www.cda.pl/jaygor: All connection attempts failed
2026-08-14 19:22:11.675 | WARNING  | rahasya.utils.http_client:_request_with_retry:60 - Attempt 1/3 failed for https://www.championat.com/user/jaygor/: All connection attempts failed
2026-08-14 19:22:11.677 | WARNING  | rahasya.utils.http_client:_request_with_retry:60 - Attempt 2/3 failed for https://app.buymeacoffee.com/api/v1/check_availability: All connection attempts failed
2026-08-14 19:22:11.769 | WARNING  | rahasya.utils.http_client:_request_with_retry:60 - Attempt 1/3 failed for https://www.chamsko.pl/profil/jaygor: All connection attempts failed
2026-08-14 19:22:11.785 | WARNING  | rahasya.utils.http_client:_request_with_retry:60 - Attempt 1/3 failed for https://beta.cent.co/data/user/profile?userHandles=jaygor: All connection attempts failed
2026-08-14 19:22:11.824 | WARNING  | rahasya.utils.http_client:_request_with_retry:60 - Attempt 1/3 failed for https://chyoa.com/user/jaygor: All connection attempts failed
2026-08-14 19:22:11.971 | WARNING  | rahasya.utils.http_client:_request_with_retry:60 - Attempt 1/3 failed for https://community.chocolatey.org/profiles/jaygor: All connection attempts failed
2026-08-14 19:22:12.026 | WARNING  | rahasya.utils.http_client:_request_with_retry:60 - Attempt 1/3 failed for https://community.cloudflare.com/u/jaygor/card.json: All connection attempts failed
2026-08-14 19:22:12.073 | WARNING  | rahasya.utils.http_client:_request_with_retry:60 - Attempt 2/3 failed for https://www.cameo.com/api/v2/users/jaygor: All connection attempts failed
2026-08-14 19:22:12.115 | WARNING  | rahasya.utils.http_client:_request_with_retry:60 - Attempt 2/3 failed for https://forum.cfx.re/u/jaygor.json: All connection attempts failed
2026-08-14 19:22:12.115 | WARNING  | rahasya.utils.http_client:_request_with_retry:60 - Attempt 2/3 failed for https://jaygor.carbonmade.com/: All connection attempts failed
2026-08-14 19:22:12.115 | WARNING  | rahasya.utils.http_client:_request_with_retry:60 - Attempt 2/3 failed for https://community.bunpro.jp/u/jaygor.json: All connection attempts failed
2026-08-14 19:22:12.149 | WARNING  | rahasya.utils.http_client:_request_with_retry:60 - Attempt 2/3 failed for https://chomikuj.pl/jaygor/: All connection attempts failed
2026-08-14 19:22:12.149 | WARNING  | rahasya.utils.http_client:_request_with_retry:60 - Attempt 2/3 failed for https://jaygor.carrd.co: All connection attempts failed
2026-08-14 19:22:12.165 | WARNING  | rahasya.utils.http_client:_request_with_retry:60 - Attempt 2/3 failed for https://jaygor.chatango.com: All connection attempts failed
2026-08-14 19:22:12.199 | WARNING  | rahasya.utils.http_client:_request_with_retry:60 - Attempt 2/3 failed for https://chaturbate.com/jaygor/: All connection attempts failed
2026-08-14 19:22:12.200 | WARNING  | rahasya.utils.http_client:_request_with_retry:60 - Attempt 2/3 failed for https://calendly.com/api/booking/profiles/jaygor: All connection attempts failed
2026-08-14 19:22:12.249 | WARNING  | rahasya.utils.http_client:_request_with_retry:60 - Attempt 1/3 failed for https://choko.link/jaygor: All connection attempts failed
2026-08-14 19:22:12.274 | WARNING  | rahasya.utils.http_client:_request_with_retry:60 - Attempt 2/3 failed for https://cheezburger.com/Editor/jaygor: All connection attempts failed
2026-08-14 19:22:12.308 | WARNING  | rahasya.utils.http_client:_request_with_retry:60 - Attempt 1/3 failed for https://www.cnet.com/profiles/jaygor/: All connection attempts failed
2026-08-14 19:22:12.359 | WARNING  | rahasya.utils.http_client:_request_with_retry:60 - Attempt 1/3 failed for https://www.clubhouse.com/@jaygor: All connection attempts failed
2026-08-14 19:22:12.443 | WARNING  | rahasya.utils.http_client:_request_with_retry:60 - Attempt 2/3 failed for https://api.chess.com/pub/player/jaygor: All connection attempts failed
2026-08-14 19:22:12.481 | WARNING  | rahasya.utils.http_client:_request_with_retry:60 - Attempt 2/3 failed for https://coda.io/@jaygor/: All connection attempts failed
2026-08-14 19:22:12.484 | WARNING  | rahasya.utils.http_client:_request_with_retry:60 - Attempt 2/3 failed for https://www.codecademy.com/profiles/jaygor: All connection attempts failed
2026-08-14 19:22:12.484 | WARNING  | rahasya.utils.http_client:_request_with_retry:60 - Attempt 2/3 failed for https://www.castingcall.club/jaygor: All connection attempts failed
2026-08-14 19:22:12.584 | WARNING  | rahasya.utils.http_client:_request_with_retry:60 - Attempt 2/3 failed for https://codeberg.org/api/v1/users/jaygor: All connection attempts failed
2026-08-14 19:22:12.584 | WARNING  | rahasya.utils.http_client:_request_with_retry:60 - Attempt 2/3 failed for https://cafecito.app/jaygor: All connection attempts failed
2026-08-14 19:22:12.584 | WARNING  | rahasya.utils.http_client:_request_with_retry:60 - Attempt 1/3 failed for https://www.codechef.com/users/jaygor: All connection attempts failed
2026-08-14 19:22:12.598 | WARNING  | rahasya.utils.http_client:_request_with_retry:60 - Attempt 2/3 failed for https://www.cda.pl/jaygor: All connection attempts failed
2026-08-14 19:22:12.684 | WARNING  | rahasya.utils.http_client:_request_with_retry:60 - Attempt 2/3 failed for https://www.championat.com/user/jaygor/: All connection attempts failed
2026-08-14 19:22:12.782 | WARNING  | rahasya.utils.http_client:_request_with_retry:60 - Attempt 2/3 failed for https://www.chamsko.pl/profil/jaygor: All connection attempts failed
2026-08-14 19:22:12.807 | WARNING  | rahasya.utils.http_client:_request_with_retry:60 - Attempt 2/3 failed for https://chyoa.com/user/jaygor: All connection attempts failed
2026-08-14 19:22:12.807 | WARNING  | rahasya.utils.http_client:_request_with_retry:60 - Attempt 2/3 failed for https://beta.cent.co/data/user/profile?userHandles=jaygor: All connection attempts failed
2026-08-14 19:22:12.991 | WARNING  | rahasya.utils.http_client:_request_with_retry:60 - Attempt 2/3 failed for https://community.chocolatey.org/profiles/jaygor: All connection attempts failed
2026-08-14 19:22:13.024 | WARNING  | rahasya.utils.http_client:_request_with_retry:60 - Attempt 2/3 failed for https://community.cloudflare.com/u/jaygor/card.json: All connection attempts failed
2026-08-14 19:22:13.257 | WARNING  | rahasya.utils.http_client:_request_with_retry:60 - Attempt 2/3 failed for https://choko.link/jaygor: All connection attempts failed
2026-08-14 19:22:13.315 | WARNING  | rahasya.utils.http_client:_request_with_retry:60 - Attempt 2/3 failed for https://www.cnet.com/profiles/jaygor/: All connection attempts failed
2026-08-14 19:22:13.465 | WARNING  | rahasya.utils.http_client:_request_with_retry:60 - Attempt 2/3 failed for https://www.clubhouse.com/@jaygor: All connection attempts failed
2026-08-14 19:22:13.465 | WARNING  | rahasya.utils.http_client:_request_with_retry:60 - Attempt 3/3 failed for https://career.habr.com/jaygor: All connection attempts failed
2026-08-14 19:22:13.582 | WARNING  | rahasya.utils.http_client:_request_with_retry:60 - Attempt 2/3 failed for https://www.codechef.com/users/jaygor: All connection attempts failed
2026-08-14 19:22:13.649 | WARNING  | rahasya.utils.http_client:_request_with_retry:60 - Attempt 3/3 failed for https://www.buzzfeed.com/jaygor: All connection attempts failed
2026-08-14 19:22:13.684 | WARNING  | rahasya.utils.http_client:_request_with_retry:60 - Attempt 3/3 failed for https://app.buymeacoffee.com/api/v1/check_availability: All connection attempts failed
2026-08-14 19:22:14.081 | WARNING  | rahasya.utils.http_client:_request_with_retry:60 - Attempt 3/3 failed for https://www.cameo.com/api/v2/users/jaygor: All connection attempts failed
2026-08-14 19:22:14.116 | WARNING  | rahasya.utils.http_client:_request_with_retry:60 - Attempt 3/3 failed for https://community.bunpro.jp/u/jaygor.json: All connection attempts failed
2026-08-14 19:22:14.116 | WARNING  | rahasya.utils.http_client:_request_with_retry:60 - Attempt 3/3 failed for https://forum.cfx.re/u/jaygor.json: All connection attempts failed
2026-08-14 19:22:14.116 | WARNING  | rahasya.utils.http_client:_request_with_retry:60 - Attempt 3/3 failed for https://jaygor.carbonmade.com/: All connection attempts failed
2026-08-14 19:22:14.158 | WARNING  | rahasya.utils.http_client:_request_with_retry:60 - Attempt 3/3 failed for https://jaygor.carrd.co: All connection attempts failed
2026-08-14 19:22:14.158 | WARNING  | rahasya.utils.http_client:_request_with_retry:60 - Attempt 3/3 failed for https://chomikuj.pl/jaygor/: All connection attempts failed
2026-08-14 19:22:14.173 | WARNING  | rahasya.utils.http_client:_request_with_retry:60 - Attempt 3/3 failed for https://jaygor.chatango.com: All connection attempts failed
2026-08-14 19:22:14.199 | WARNING  | rahasya.utils.http_client:_request_with_retry:60 - Attempt 3/3 failed for https://chaturbate.com/jaygor/: All connection attempts failed
2026-08-14 19:22:14.199 | WARNING  | rahasya.utils.http_client:_request_with_retry:60 - Attempt 3/3 failed for https://calendly.com/api/booking/profiles/jaygor: All connection attempts failed
2026-08-14 19:22:14.273 | WARNING  | rahasya.utils.http_client:_request_with_retry:60 - Attempt 3/3 failed for https://cheezburger.com/Editor/jaygor: All connection attempts failed
2026-08-14 19:22:14.453 | WARNING  | rahasya.utils.http_client:_request_with_retry:60 - Attempt 3/3 failed for https://api.chess.com/pub/player/jaygor: All connection attempts failed
2026-08-14 19:22:14.492 | WARNING  | rahasya.utils.http_client:_request_with_retry:60 - Attempt 3/3 failed for https://www.codecademy.com/profiles/jaygor: All connection attempts failed
2026-08-14 19:22:14.493 | WARNING  | rahasya.utils.http_client:_request_with_retry:60 - Attempt 3/3 failed for https://www.castingcall.club/jaygor: All connection attempts failed
2026-08-14 19:22:14.493 | WARNING  | rahasya.utils.http_client:_request_with_retry:60 - Attempt 3/3 failed for https://coda.io/@jaygor/: All connection attempts failed
2026-08-14 19:22:14.590 | WARNING  | rahasya.utils.http_client:_request_with_retry:60 - Attempt 3/3 failed for https://codeberg.org/api/v1/users/jaygor: All connection attempts failed
2026-08-14 19:22:14.593 | WARNING  | rahasya.utils.http_client:_request_with_retry:60 - Attempt 3/3 failed for https://cafecito.app/jaygor: All connection attempts failed
2026-08-14 19:22:14.615 | WARNING  | rahasya.utils.http_client:_request_with_retry:60 - Attempt 3/3 failed for https://www.cda.pl/jaygor: All connection attempts failed
2026-08-14 19:22:14.689 | WARNING  | rahasya.utils.http_client:_request_with_retry:60 - Attempt 3/3 failed for https://www.championat.com/user/jaygor/: All connection attempts failed
2026-08-14 19:22:14.792 | WARNING  | rahasya.utils.http_client:_request_with_retry:60 - Attempt 3/3 failed for https://www.chamsko.pl/profil/jaygor: All connection attempts failed
2026-08-14 19:22:14.817 | WARNING  | rahasya.utils.http_client:_request_with_retry:60 - Attempt 3/3 failed for https://chyoa.com/user/jaygor: All connection attempts failed
2026-08-14 19:22:14.818 | WARNING  | rahasya.utils.http_client:_request_with_retry:60 - Attempt 3/3 failed for https://beta.cent.co/data/user/profile?userHandles=jaygor: All connection attempts failed
2026-08-14 19:22:14.818 | WARNING  | rahasya.utils.http_client:_request_with_retry:60 - Attempt 1/3 failed for https://www.codewars.com/api/v1/users/jaygor: All connection attempts failed
2026-08-14 19:22:14.899 | WARNING  | rahasya.utils.http_client:_request_with_retry:60 - Attempt 1/3 failed for https://www.codementor.io/@jaygor: All connection attempts failed
2026-08-14 19:22:14.958 | WARNING  | rahasya.utils.http_client:_request_with_retry:60 - Attempt 1/3 failed for https://cowboys4angels.com/cowboy/jaygor/: All connection attempts failed
2026-08-14 19:22:14.958 | WARNING  | rahasya.utils.http_client:_request_with_retry:60 - Attempt 1/3 failed for https://codeforces.com/api/user.info?handles=jaygor: All connection attempts failed
2026-08-14 19:22:14.964 | WARNING  | rahasya.utils.http_client:_request_with_retry:60 - Attempt 1/3 failed for https://codepen.io/jaygor: All connection attempts failed
2026-08-14 19:22:14.998 | WARNING  | rahasya.utils.http_client:_request_with_retry:60 - Attempt 3/3 failed for https://community.chocolatey.org/profiles/jaygor: All connection attempts failed
2026-08-14 19:22:15.032 | WARNING  | rahasya.utils.http_client:_request_with_retry:60 - Attempt 3/3 failed for https://community.cloudflare.com/u/jaygor/card.json: All connection attempts failed
2026-08-14 19:22:15.032 | WARNING  | rahasya.utils.http_client:_request_with_retry:60 - Attempt 1/3 failed for https://community.adobe.com/t5/forums/searchpage/tab/user?q=jaygor: All connection attempts failed
2026-08-14 19:22:15.082 | WARNING  | rahasya.utils.http_client:_request_with_retry:60 - Attempt 1/3 failed for https://codesandbox.io/api/v1/users/jaygor: All connection attempts failed
2026-08-14 19:22:15.275 | WARNING  | rahasya.utils.http_client:_request_with_retry:60 - Attempt 3/3 failed for https://choko.link/jaygor: All connection attempts failed
2026-08-14 19:22:15.323 | WARNING  | rahasya.utils.http_client:_request_with_retry:60 - Attempt 3/3 failed for https://www.cnet.com/profiles/jaygor/: All connection attempts failed
2026-08-14 19:22:15.475 | WARNING  | rahasya.utils.http_client:_request_with_retry:60 - Attempt 3/3 failed for https://www.clubhouse.com/@jaygor: All connection attempts failed
2026-08-14 19:22:15.583 | WARNING  | rahasya.utils.http_client:_request_with_retry:60 - Attempt 3/3 failed for https://www.codechef.com/users/jaygor: All connection attempts failed
2026-08-14 19:22:15.658 | WARNING  | rahasya.utils.http_client:_request_with_retry:60 - Attempt 1/3 failed for https://www.depop.com/jaygor/: All connection attempts failed
2026-08-14 19:22:15.706 | WARNING  | rahasya.utils.http_client:_request_with_retry:60 - Attempt 1/3 failed for https://darudar.org/users/jaygor/: [Errno 11001] getaddrinfo failed
2026-08-14 19:22:15.718 | WARNING  | rahasya.utils.http_client:_request_with_retry:60 - Attempt 1/3 failed for https://json.commudle.com/api/v2/users?username=jaygor: All connection attempts failed
2026-08-14 19:22:15.777 | WARNING  | rahasya.utils.http_client:_request_with_retry:60 - Attempt 1/3 failed for https://coderwall.com/jaygor/: All connection attempts failed
2026-08-14 19:22:15.777 | WARNING  | rahasya.utils.http_client:_request_with_retry:60 - Attempt 1/3 failed for https://api.cropty.io/v1/auth/jaygor: All connection attempts failed
2026-08-14 19:22:15.777 | WARNING  | rahasya.utils.http_client:_request_with_retry:60 - Attempt 1/3 failed for https://www.datezone.com/users/jaygor/: All connection attempts failed
2026-08-14 19:22:15.833 | WARNING  | rahasya.utils.http_client:_request_with_retry:60 - Attempt 2/3 failed for https://www.codewars.com/api/v1/users/jaygor: All connection attempts failed
2026-08-14 19:22:15.857 | WARNING  | rahasya.utils.http_client:_request_with_retry:60 - Attempt 1/3 failed for https://coub.com/api/v2/channels/jaygor: All connection attempts failed
2026-08-14 19:22:15.864 | WARNING  | rahasya.utils.http_client:_request_with_retry:60 - Attempt 1/3 failed for https://www.coroflot.com/jaygor: All connection attempts failed
2026-08-14 19:22:15.864 | WARNING  | rahasya.utils.http_client:_request_with_retry:60 - Attempt 1/3 failed for https://dating.ru/jaygor/: All connection attempts failed
2026-08-14 19:22:15.942 | WARNING  | rahasya.utils.http_client:_request_with_retry:60 - Attempt 1/3 failed for https://www.colourlovers.com/ajax/check-username-availability: All connection attempts failed
2026-08-14 19:22:15.964 | WARNING  | rahasya.utils.http_client:_request_with_retry:60 - Attempt 2/3 failed for https://codepen.io/jaygor: All connection attempts failed
2026-08-14 19:22:15.964 | WARNING  | rahasya.utils.http_client:_request_with_retry:60 - Attempt 1/3 failed for https://crowdin.com/profile/jaygor: All connection attempts failed
2026-08-14 19:22:15.964 | WARNING  | rahasya.utils.http_client:_request_with_retry:60 - Attempt 2/3 failed for https://cowboys4angels.com/cowboy/jaygor/: All connection attempts failed
2026-08-14 19:22:15.964 | WARNING  | rahasya.utils.http_client:_request_with_retry:60 - Attempt 2/3 failed for https://codeforces.com/api/user.info?handles=jaygor: All connection attempts failed
2026-08-14 19:22:16.006 | WARNING  | rahasya.utils.http_client:_request_with_retry:60 - Attempt 1/3 failed for https://cults3d.com/en/users/jaygor/creations: All connection attempts failed
2026-08-14 19:22:16.053 | WARNING  | rahasya.utils.http_client:_request_with_retry:60 - Attempt 2/3 failed for https://www.codementor.io/@jaygor: All connection attempts failed
2026-08-14 19:22:16.065 | WARNING  | rahasya.utils.http_client:_request_with_retry:60 - Attempt 2/3 failed for https://community.adobe.com/t5/forums/searchpage/tab/user?q=jaygor: All connection attempts failed
2026-08-14 19:22:16.092 | WARNING  | rahasya.utils.http_client:_request_with_retry:60 - Attempt 2/3 failed for https://codesandbox.io/api/v1/users/jaygor: All connection attempts failed
2026-08-14 19:22:16.156 | WARNING  | rahasya.utils.http_client:_request_with_retry:60 - Attempt 1/3 failed for https://www.dailykos.com/user/jaygor: All connection attempts failed
2026-08-14 19:22:16.210 | WARNING  | rahasya.utils.http_client:_request_with_retry:60 - Attempt 1/3 failed for https://demotywatory.pl/user/jaygor: All connection attempts failed
2026-08-14 19:22:16.292 | WARNING  | rahasya.utils.http_client:_request_with_retry:60 - Attempt 1/3 failed for https://jaygor.crevado.com/: All connection attempts failed
2026-08-14 19:22:16.348 | WARNING  | rahasya.utils.http_client:_request_with_retry:60 - Attempt 1/3 failed for https://www.cracked.com/members/jaygor: All connection attempts failed
2026-08-14 19:22:16.442 | WARNING  | rahasya.utils.http_client:_request_with_retry:60 - Attempt 1/3 failed for https://cytoid.io/profile/jaygor: All connection attempts failed
2026-08-14 19:22:16.617 | WARNING  | rahasya.utils.http_client:_request_with_retry:60 - Attempt 1/3 failed for https://www.designspiration.com/jaygor/: All connection attempts failed
2026-08-14 19:22:16.647 | WARNING  | rahasya.utils.http_client:_request_with_retry:60 - Attempt 1/3 failed for https://www.destructoid.com/?name=jaygor: All connection attempts failed
2026-08-14 19:22:16.647 | WARNING  | rahasya.utils.http_client:_request_with_retry:60 - Attempt 2/3 failed for https://www.depop.com/jaygor/: All connection attempts failed
2026-08-14 19:22:16.706 | WARNING  | rahasya.utils.http_client:_request_with_retry:60 - Attempt 1/3 failed for https://www.dateinasia.com/jaygor: All connection attempts failed
2026-08-14 19:22:16.706 | WARNING  | rahasya.utils.http_client:_request_with_retry:60 - Attempt 2/3 failed for https://json.commudle.com/api/v2/users?username=jaygor: All connection attempts failed
2026-08-14 19:22:16.710 | WARNING  | rahasya.utils.http_client:_request_with_retry:60 - Attempt 1/3 failed for https://www.deviantart.com/jaygor: All connection attempts failed
2026-08-14 19:22:16.714 | WARNING  | rahasya.utils.http_client:_request_with_retry:60 - Attempt 2/3 failed for https://darudar.org/users/jaygor/: [Errno 11001] getaddrinfo failed
2026-08-14 19:22:16.784 | WARNING  | rahasya.utils.http_client:_request_with_retry:60 - Attempt 2/3 failed for https://coderwall.com/jaygor/: All connection attempts failed
2026-08-14 19:22:16.784 | WARNING  | rahasya.utils.http_client:_request_with_retry:60 - Attempt 2/3 failed for https://api.cropty.io/v1/auth/jaygor: All connection attempts failed
2026-08-14 19:22:16.784 | WARNING  | rahasya.utils.http_client:_request_with_retry:60 - Attempt 2/3 failed for https://www.datezone.com/users/jaygor/: All connection attempts failed
2026-08-14 19:22:16.856 | WARNING  | rahasya.utils.http_client:_request_with_retry:60 - Attempt 2/3 failed for https://coub.com/api/v2/channels/jaygor: All connection attempts failed
2026-08-14 19:22:16.856 | WARNING  | rahasya.utils.http_client:_request_with_retry:60 - Attempt 2/3 failed for https://dating.ru/jaygor/: All connection attempts failed
2026-08-14 19:22:16.856 | WARNING  | rahasya.utils.http_client:_request_with_retry:60 - Attempt 2/3 failed for https://www.coroflot.com/jaygor: All connection attempts failed
2026-08-14 19:22:16.955 | WARNING  | rahasya.utils.http_client:_request_with_retry:60 - Attempt 2/3 failed for https://www.colourlovers.com/ajax/check-username-availability: All connection attempts failed
2026-08-14 19:22:16.974 | WARNING  | rahasya.utils.http_client:_request_with_retry:60 - Attempt 2/3 failed for https://crowdin.com/profile/jaygor: All connection attempts failed
2026-08-14 19:22:17.014 | WARNING  | rahasya.utils.http_client:_request_with_retry:60 - Attempt 2/3 failed for https://cults3d.com/en/users/jaygor/creations: All connection attempts failed
2026-08-14 19:22:17.055 | WARNING  | rahasya.utils.http_client:_request_with_retry:60 - Attempt 1/3 failed for https://api.destream.net/siteapi/v2/live/details/jaygor: All connection attempts failed
2026-08-14 19:22:17.164 | WARNING  | rahasya.utils.http_client:_request_with_retry:60 - Attempt 2/3 failed for https://www.dailykos.com/user/jaygor: All connection attempts failed
2026-08-14 19:22:17.216 | WARNING  | rahasya.utils.http_client:_request_with_retry:60 - Attempt 2/3 failed for https://demotywatory.pl/user/jaygor: All connection attempts failed
2026-08-14 19:22:17.250 | WARNING  | rahasya.utils.http_client:_request_with_retry:60 - Attempt 1/3 failed for https://dev.to/api/users/by_username?url=jaygor: All connection attempts failed
2026-08-14 19:22:17.299 | WARNING  | rahasya.utils.http_client:_request_with_retry:60 - Attempt 2/3 failed for https://jaygor.crevado.com/: All connection attempts failed
2026-08-14 19:22:17.351 | WARNING  | rahasya.utils.http_client:_request_with_retry:60 - Attempt 2/3 failed for https://www.cracked.com/members/jaygor: All connection attempts failed
2026-08-14 19:22:17.455 | WARNING  | rahasya.utils.http_client:_request_with_retry:60 - Attempt 2/3 failed for https://cytoid.io/profile/jaygor: All connection attempts failed
2026-08-14 19:22:17.634 | WARNING  | rahasya.utils.http_client:_request_with_retry:60 - Attempt 2/3 failed for https://www.destructoid.com/?name=jaygor: All connection attempts failed
2026-08-14 19:22:17.634 | WARNING  | rahasya.utils.http_client:_request_with_retry:60 - Attempt 2/3 failed for https://www.designspiration.com/jaygor/: All connection attempts failed
2026-08-14 19:22:17.719 | WARNING  | rahasya.utils.http_client:_request_with_retry:60 - Attempt 2/3 failed for https://www.dateinasia.com/jaygor: All connection attempts failed
2026-08-14 19:22:17.765 | WARNING  | rahasya.utils.http_client:_request_with_retry:60 - Attempt 2/3 failed for https://www.deviantart.com/jaygor: All connection attempts failed
2026-08-14 19:22:17.851 | WARNING  | rahasya.utils.http_client:_request_with_retry:60 - Attempt 3/3 failed for https://www.codewars.com/api/v1/users/jaygor: All connection attempts failed
2026-08-14 19:22:17.969 | WARNING  | rahasya.utils.http_client:_request_with_retry:60 - Attempt 3/3 failed for https://codepen.io/jaygor: All connection attempts failed
2026-08-14 19:22:17.969 | WARNING  | rahasya.utils.http_client:_request_with_retry:60 - Attempt 3/3 failed for https://codeforces.com/api/user.info?handles=jaygor: All connection attempts failed
2026-08-14 19:22:17.969 | WARNING  | rahasya.utils.http_client:_request_with_retry:60 - Attempt 3/3 failed for https://cowboys4angels.com/cowboy/jaygor/: All connection attempts failed
2026-08-14 19:22:18.078 | WARNING  | rahasya.utils.http_client:_request_with_retry:60 - Attempt 2/3 failed for https://api.destream.net/siteapi/v2/live/details/jaygor: All connection attempts failed
2026-08-14 19:22:18.080 | WARNING  | rahasya.utils.http_client:_request_with_retry:60 - Attempt 3/3 failed for https://www.codementor.io/@jaygor: All connection attempts failed
2026-08-14 19:22:18.081 | WARNING  | rahasya.utils.http_client:_request_with_retry:60 - Attempt 3/3 failed for https://community.adobe.com/t5/forums/searchpage/tab/user?q=jaygor: All connection attempts failed
2026-08-14 19:22:18.092 | WARNING  | rahasya.utils.http_client:_request_with_retry:60 - Attempt 3/3 failed for https://codesandbox.io/api/v1/users/jaygor: All connection attempts failed
2026-08-14 19:22:18.252 | WARNING  | rahasya.utils.http_client:_request_with_retry:60 - Attempt 2/3 failed for https://dev.to/api/users/by_username?url=jaygor: All connection attempts failed
2026-08-14 19:22:18.633 | WARNING  | rahasya.utils.http_client:_request_with_retry:60 - Attempt 3/3 failed for https://www.depop.com/jaygor/: All connection attempts failed
2026-08-14 19:22:18.724 | WARNING  | rahasya.utils.http_client:_request_with_retry:60 - Attempt 3/3 failed for https://json.commudle.com/api/v2/users?username=jaygor: All connection attempts failed
2026-08-14 19:22:18.725 | WARNING  | rahasya.utils.http_client:_request_with_retry:60 - Attempt 3/3 failed for https://darudar.org/users/jaygor/: [Errno 11001] getaddrinfo failed
2026-08-14 19:22:18.794 | WARNING  | rahasya.utils.http_client:_request_with_retry:60 - Attempt 3/3 failed for https://coderwall.com/jaygor/: All connection attempts failed
2026-08-14 19:22:18.794 | WARNING  | rahasya.utils.http_client:_request_with_retry:60 - Attempt 3/3 failed for https://api.cropty.io/v1/auth/jaygor: All connection attempts failed
2026-08-14 19:22:18.795 | WARNING  | rahasya.utils.http_client:_request_with_retry:60 - Attempt 3/3 failed for https://www.datezone.com/users/jaygor/: All connection attempts failed
2026-08-14 19:22:18.857 | WARNING  | rahasya.utils.http_client:_request_with_retry:60 - Attempt 3/3 failed for https://coub.com/api/v2/channels/jaygor: All connection attempts failed
2026-08-14 19:22:18.858 | WARNING  | rahasya.utils.http_client:_request_with_retry:60 - Attempt 3/3 failed for https://dating.ru/jaygor/: All connection attempts failed
2026-08-14 19:22:18.858 | WARNING  | rahasya.utils.http_client:_request_with_retry:60 - Attempt 3/3 failed for https://www.coroflot.com/jaygor: All connection attempts failed
2026-08-14 19:22:18.899 | WARNING  | rahasya.utils.http_client:_request_with_retry:60 - Attempt 1/3 failed for https://api.discogs.com/users/jaygor: All connection attempts failed
2026-08-14 19:22:18.965 | WARNING  | rahasya.utils.http_client:_request_with_retry:60 - Attempt 3/3 failed for https://www.colourlovers.com/ajax/check-username-availability: All connection attempts failed
2026-08-14 19:22:19.016 | WARNING  | rahasya.utils.http_client:_request_with_retry:60 - Attempt 3/3 failed for https://crowdin.com/profile/jaygor: All connection attempts failed
2026-08-14 19:22:19.017 | WARNING  | rahasya.utils.http_client:_request_with_retry:60 - Attempt 3/3 failed for https://cults3d.com/en/users/jaygor/creations: All connection attempts failed
2026-08-14 19:22:19.163 | WARNING  | rahasya.utils.http_client:_request_with_retry:60 - Attempt 3/3 failed for https://www.dailykos.com/user/jaygor: All connection attempts failed
2026-08-14 19:22:19.205 | WARNING  | rahasya.utils.http_client:_request_with_retry:60 - Attempt 1/3 failed for https://www.diigo.com/interact_api/load_profile_info?name=jaygor: All connection attempts failed
2026-08-14 19:22:19.224 | WARNING  | rahasya.utils.http_client:_request_with_retry:60 - Attempt 3/3 failed for https://demotywatory.pl/user/jaygor: All connection attempts failed
2026-08-14 19:22:19.315 | WARNING  | rahasya.utils.http_client:_request_with_retry:60 - Attempt 3/3 failed for https://jaygor.crevado.com/: All connection attempts failed
2026-08-14 19:22:19.347 | WARNING  | rahasya.utils.http_client:_request_with_retry:60 - Attempt 1/3 failed for https://forums.digitalspy.com/profile/discussions/jaygor: All connection attempts failed
2026-08-14 19:22:19.347 | WARNING  | rahasya.utils.http_client:_request_with_retry:60 - Attempt 3/3 failed for https://www.cracked.com/members/jaygor: All connection attempts failed
2026-08-14 19:22:19.457 | WARNING  | rahasya.utils.http_client:_request_with_retry:60 - Attempt 3/3 failed for https://cytoid.io/profile/jaygor: All connection attempts failed
2026-08-14 19:22:19.514 | WARNING  | rahasya.utils.http_client:_request_with_retry:60 - Attempt 1/3 failed for https://devrant.com/api/get-user-id?app=3&username=jaygor: All connection attempts failed
2026-08-14 19:22:19.563 | WARNING  | rahasya.utils.http_client:_request_with_retry:60 - Attempt 1/3 failed for https://discord.com/api/v9/unique-username/username-attempt-unauthed: All connection attempts failed
2026-08-14 19:22:19.597 | WARNING  | rahasya.utils.http_client:_request_with_retry:60 - Attempt 1/3 failed for https://diablo2.io/member/jaygor/: All connection attempts failed
2026-08-14 19:22:19.639 | WARNING  | rahasya.utils.http_client:_request_with_retry:60 - Attempt 3/3 failed for https://www.designspiration.com/jaygor/: All connection attempts failed
2026-08-14 19:22:19.639 | WARNING  | rahasya.utils.http_client:_request_with_retry:60 - Attempt 3/3 failed for https://www.destructoid.com/?name=jaygor: All connection attempts failed
2026-08-14 19:22:19.639 | WARNING  | rahasya.utils.http_client:_request_with_retry:60 - Attempt 1/3 failed for https://www.dfgames.com.br/user/jaygor: All connection attempts failed
2026-08-14 19:22:19.699 | WARNING  | rahasya.utils.http_client:_request_with_retry:60 - Attempt 1/3 failed for https://hub.docker.com/v2/orgs/jaygor/: All connection attempts failed
2026-08-14 19:22:19.722 | WARNING  | rahasya.utils.http_client:_request_with_retry:60 - Attempt 3/3 failed for https://www.dateinasia.com/jaygor: All connection attempts failed
2026-08-14 19:22:19.758 | WARNING  | rahasya.utils.http_client:_request_with_retry:60 - Attempt 3/3 failed for https://www.deviantart.com/jaygor: All connection attempts failed
2026-08-14 19:22:19.789 | WARNING  | rahasya.utils.http_client:_request_with_retry:60 - Attempt 1/3 failed for https://discord.com/api/v9/invites/jaygor?with_counts=true&with_expiration=true: All connection attempts failed
2026-08-14 19:22:19.820 | WARNING  | rahasya.utils.http_client:_request_with_retry:60 - Attempt 1/3 failed for https://discuss.elastic.co/u/jaygor: All connection attempts failed
2026-08-14 19:22:19.821 | WARNING  | rahasya.utils.http_client:_request_with_retry:60 - Attempt 1/3 failed for https://disqus.com/api/3.0/users/details?user=username:jaygor&api_key=E8Uh5l5fHZ6gD8U3KycjAIAk46f68Zw7C6eW8WSjZvCLXebZ7p0r1yrYDrLilk2F: All connection attempts failed
2026-08-14 19:22:19.891 | WARNING  | rahasya.utils.http_client:_request_with_retry:60 - Attempt 2/3 failed for https://api.discogs.com/users/jaygor: All connection attempts failed
2026-08-14 19:22:19.930 | WARNING  | rahasya.utils.http_client:_request_with_retry:60 - Attempt 1/3 failed for https://www.dibiz.com/jaygor: All connection attempts failed
2026-08-14 19:22:20.055 | WARNING  | rahasya.utils.http_client:_request_with_retry:60 - Attempt 1/3 failed for https://dojoverse.com/members/jaygor/: All connection attempts failed
2026-08-14 19:22:20.055 | WARNING  | rahasya.utils.http_client:_request_with_retry:60 - Attempt 3/3 failed for https://api.destream.net/siteapi/v2/live/details/jaygor: All connection attempts failed
2026-08-14 19:22:20.209 | WARNING  | rahasya.utils.http_client:_request_with_retry:60 - Attempt 2/3 failed for https://www.diigo.com/interact_api/load_profile_info?name=jaygor: All connection attempts failed
2026-08-14 19:22:20.240 | WARNING  | rahasya.utils.http_client:_request_with_retry:60 - Attempt 1/3 failed for https://donate.stream/api/v1/streamer.get?path=jaygor&app=9f4e793cec820015d511dbc77b20c5c1: All connection attempts failed
2026-08-14 19:22:20.276 | WARNING  | rahasya.utils.http_client:_request_with_retry:60 - Attempt 3/3 failed for https://dev.to/api/users/by_username?url=jaygor: All connection attempts failed
2026-08-14 19:22:20.276 | WARNING  | rahasya.utils.http_client:_request_with_retry:60 - Attempt 1/3 failed for https://www.dotafire.com/ajax/searchSite?text=jaygor&search=members: All connection attempts failed
2026-08-14 19:22:20.314 | WARNING  | rahasya.utils.http_client:_request_with_retry:60 - Attempt 1/3 failed for https://hub.docker.com/v2/users/jaygor/: All connection attempts failed
2026-08-14 19:22:20.357 | WARNING  | rahasya.utils.http_client:_request_with_retry:60 - Attempt 2/3 failed for https://forums.digitalspy.com/profile/discussions/jaygor: All connection attempts failed
2026-08-14 19:22:20.386 | WARNING  | rahasya.utils.http_client:_request_with_retry:60 - Attempt 1/3 failed for https://www.donationalerts.com/api/v1/user/jaygor/donationpagesettings: All connection attempts failed
2026-08-14 19:22:20.450 | WARNING  | rahasya.utils.http_client:_request_with_retry:60 - Attempt 1/3 failed for https://dot.cards/jaygor: All connection attempts failed
2026-08-14 19:22:20.450 | WARNING  | rahasya.utils.http_client:_request_with_retry:60 - Attempt 1/3 failed for https://dribbble.com/jaygor: All connection attempts failed
2026-08-14 19:22:20.519 | WARNING  | rahasya.utils.http_client:_request_with_retry:60 - Attempt 2/3 failed for https://devrant.com/api/get-user-id?app=3&username=jaygor: All connection attempts failed
2026-08-14 19:22:20.519 | WARNING  | rahasya.utils.http_client:_request_with_retry:60 - Attempt 1/3 failed for https://donatello.to/jaygor: All connection attempts failed
2026-08-14 19:22:20.555 | WARNING  | rahasya.utils.http_client:_request_with_retry:60 - Attempt 1/3 failed for https://dou.ua/users/jaygor/: All connection attempts failed
2026-08-14 19:22:20.556 | WARNING  | rahasya.utils.http_client:_request_with_retry:60 - Attempt 1/3 failed for https://dissenter.com/user/jaygor: All connection attempts failed
2026-08-14 19:22:20.557 | WARNING  | rahasya.utils.http_client:_request_with_retry:60 - Attempt 2/3 failed for https://discord.com/api/v9/unique-username/username-attempt-unauthed: All connection attempts failed
2026-08-14 19:22:20.591 | WARNING  | rahasya.utils.http_client:_request_with_retry:60 - Attempt 1/3 failed for https://jaygor.donatik.io/en: All connection attempts failed
2026-08-14 19:22:20.616 | WARNING  | rahasya.utils.http_client:_request_with_retry:60 - Attempt 2/3 failed for https://diablo2.io/member/jaygor/: All connection attempts failed
2026-08-14 19:22:20.642 | WARNING  | rahasya.utils.http_client:_request_with_retry:60 - Attempt 2/3 failed for https://www.dfgames.com.br/user/jaygor: All connection attempts failed
2026-08-14 19:22:20.671 | WARNING  | rahasya.utils.http_client:_request_with_retry:60 - Attempt 1/3 failed for https://meta.discourse.org/u/jaygor/summary.json: All connection attempts failed
2026-08-14 19:22:20.708 | WARNING  | rahasya.utils.http_client:_request_with_retry:60 - Attempt 2/3 failed for https://hub.docker.com/v2/orgs/jaygor/: All connection attempts failed
2026-08-14 19:22:20.793 | WARNING  | rahasya.utils.http_client:_request_with_retry:60 - Attempt 1/3 failed for https://www.drive2.ru/users/jaygor/: All connection attempts failed
2026-08-14 19:22:20.793 | WARNING  | rahasya.utils.http_client:_request_with_retry:60 - Attempt 2/3 failed for https://discord.com/api/v9/invites/jaygor?with_counts=true&with_expiration=true: All connection attempts failed
2026-08-14 19:22:20.835 | WARNING  | rahasya.utils.http_client:_request_with_retry:60 - Attempt 2/3 failed for https://discuss.elastic.co/u/jaygor: All connection attempts failed
2026-08-14 19:22:20.836 | WARNING  | rahasya.utils.http_client:_request_with_retry:60 - Attempt 2/3 failed for https://disqus.com/api/3.0/users/details?user=username:jaygor&api_key=E8Uh5l5fHZ6gD8U3KycjAIAk46f68Zw7C6eW8WSjZvCLXebZ7p0r1yrYDrLilk2F: All connection attempts failed
2026-08-14 19:22:20.837 | WARNING  | rahasya.utils.http_client:_request_with_retry:60 - Attempt 1/3 failed for https://www.duolingo.com/2017-06-30/users?username=jaygor&_=1628308619574: All connection attempts failed
2026-08-14 19:22:20.932 | WARNING  | rahasya.utils.http_client:_request_with_retry:60 - Attempt 2/3 failed for https://www.dibiz.com/jaygor: All connection attempts failed
2026-08-14 19:22:20.982 | WARNING  | rahasya.utils.http_client:_request_with_retry:60 - Attempt 1/3 failed for https://api.donatty.com/users/find/jaygor: All connection attempts failed
2026-08-14 19:22:21.068 | WARNING  | rahasya.utils.http_client:_request_with_retry:60 - Attempt 2/3 failed for https://dojoverse.com/members/jaygor/: All connection attempts failed
2026-08-14 19:22:21.160 | WARNING  | rahasya.utils.http_client:_request_with_retry:60 - Attempt 1/3 failed for https://dota2.ru/forum/search/?type=user&keywords=jaygor&sort_by=username: All connection attempts failed
2026-08-14 19:22:21.256 | WARNING  | rahasya.utils.http_client:_request_with_retry:60 - Attempt 2/3 failed for https://donate.stream/api/v1/streamer.get?path=jaygor&app=9f4e793cec820015d511dbc77b20c5c1: All connection attempts failed
2026-08-14 19:22:21.256 | WARNING  | rahasya.utils.http_client:_request_with_retry:60 - Attempt 2/3 failed for https://www.dotafire.com/ajax/searchSite?text=jaygor&search=members: All connection attempts failed
2026-08-14 19:22:21.335 | WARNING  | rahasya.utils.http_client:_request_with_retry:60 - Attempt 2/3 failed for https://hub.docker.com/v2/users/jaygor/: All connection attempts failed
2026-08-14 19:22:21.388 | WARNING  | rahasya.utils.http_client:_request_with_retry:60 - Attempt 2/3 failed for https://www.donationalerts.com/api/v1/user/jaygor/donationpagesettings: All connection attempts failed
2026-08-14 19:22:21.455 | WARNING  | rahasya.utils.http_client:_request_with_retry:60 - Attempt 2/3 failed for https://dot.cards/jaygor: All connection attempts failed
2026-08-14 19:22:21.455 | WARNING  | rahasya.utils.http_client:_request_with_retry:60 - Attempt 2/3 failed for https://dribbble.com/jaygor: All connection attempts failed
2026-08-14 19:22:21.541 | WARNING  | rahasya.utils.http_client:_request_with_retry:60 - Attempt 2/3 failed for https://donatello.to/jaygor: All connection attempts failed
2026-08-14 19:22:21.563 | WARNING  | rahasya.utils.http_client:_request_with_retry:60 - Attempt 2/3 failed for https://dissenter.com/user/jaygor: All connection attempts failed
2026-08-14 19:22:21.563 | WARNING  | rahasya.utils.http_client:_request_with_retry:60 - Attempt 2/3 failed for https://dou.ua/users/jaygor/: All connection attempts failed
2026-08-14 19:22:21.596 | WARNING  | rahasya.utils.http_client:_request_with_retry:60 - Attempt 2/3 failed for https://jaygor.donatik.io/en: All connection attempts failed
2026-08-14 19:22:21.666 | WARNING  | rahasya.utils.http_client:_request_with_retry:60 - Attempt 2/3 failed for https://meta.discourse.org/u/jaygor/summary.json: All connection attempts failed
2026-08-14 19:22:21.779 | WARNING  | rahasya.utils.http_client:_request_with_retry:60 - Attempt 1/3 failed for https://droners.io/accounts/jaygor/: All connection attempts failed
2026-08-14 19:22:21.797 | WARNING  | rahasya.utils.http_client:_request_with_retry:60 - Attempt 2/3 failed for https://www.drive2.ru/users/jaygor/: All connection attempts failed
2026-08-14 19:22:21.848 | WARNING  | rahasya.utils.http_client:_request_with_retry:60 - Attempt 2/3 failed for https://www.duolingo.com/2017-06-30/users?username=jaygor&_=1628308619574: All connection attempts failed
2026-08-14 19:22:21.888 | WARNING  | rahasya.utils.http_client:_request_with_retry:60 - Attempt 3/3 failed for https://api.discogs.com/users/jaygor: All connection attempts failed
2026-08-14 19:22:21.990 | WARNING  | rahasya.utils.http_client:_request_with_retry:60 - Attempt 2/3 failed for https://api.donatty.com/users/find/jaygor: All connection attempts failed
2026-08-14 19:22:22.104 | WARNING  | rahasya.utils.http_client:_request_with_retry:60 - Attempt 1/3 failed for https://easyen.ru/index/8-0-jaygor: All connection attempts failed
2026-08-14 19:22:22.172 | WARNING  | rahasya.utils.http_client:_request_with_retry:60 - Attempt 2/3 failed for https://dota2.ru/forum/search/?type=user&keywords=jaygor&sort_by=username: All connection attempts failed
2026-08-14 19:22:22.223 | WARNING  | rahasya.utils.http_client:_request_with_retry:60 - Attempt 3/3 failed for https://www.diigo.com/interact_api/load_profile_info?name=jaygor: All connection attempts failed
2026-08-14 19:22:22.382 | WARNING  | rahasya.utils.http_client:_request_with_retry:60 - Attempt 3/3 failed for https://forums.digitalspy.com/profile/discussions/jaygor: All connection attempts failed
2026-08-14 19:22:22.527 | WARNING  | rahasya.utils.http_client:_request_with_retry:60 - Attempt 3/3 failed for https://devrant.com/api/get-user-id?app=3&username=jaygor: All connection attempts failed
2026-08-14 19:22:22.572 | WARNING  | rahasya.utils.http_client:_request_with_retry:60 - Attempt 3/3 failed for https://discord.com/api/v9/unique-username/username-attempt-unauthed: All connection attempts failed
2026-08-14 19:22:22.611 | WARNING  | rahasya.utils.http_client:_request_with_retry:60 - Attempt 1/3 failed for https://www.ebay.com/usr/jaygor: All connection attempts failed
2026-08-14 19:22:22.620 | WARNING  | rahasya.utils.http_client:_request_with_retry:60 - Attempt 3/3 failed for https://diablo2.io/member/jaygor/: All connection attempts failed
2026-08-14 19:22:22.829 | WARNING  | rahasya.utils.http_client:_request_with_retry:60 - Attempt 3/3 failed for https://hub.docker.com/v2/orgs/jaygor/: All connection attempts failed
2026-08-14 19:22:22.831 | WARNING  | rahasya.utils.http_client:_request_with_retry:60 - Attempt 3/3 failed for https://www.dfgames.com.br/user/jaygor: All connection attempts failed
2026-08-14 19:22:22.832 | WARNING  | rahasya.utils.http_client:_request_with_retry:60 - Attempt 2/3 failed for https://droners.io/accounts/jaygor/: All connection attempts failed
2026-08-14 19:22:22.836 | WARNING  | rahasya.utils.http_client:_request_with_retry:60 - Attempt 3/3 failed for https://discord.com/api/v9/invites/jaygor?with_counts=true&with_expiration=true: All connection attempts failed
2026-08-14 19:22:22.839 | WARNING  | rahasya.utils.http_client:_request_with_retry:60 - Attempt 3/3 failed for https://discuss.elastic.co/u/jaygor: All connection attempts failed
2026-08-14 19:22:22.842 | WARNING  | rahasya.utils.http_client:_request_with_retry:60 - Attempt 3/3 failed for https://disqus.com/api/3.0/users/details?user=username:jaygor&api_key=E8Uh5l5fHZ6gD8U3KycjAIAk46f68Zw7C6eW8WSjZvCLXebZ7p0r1yrYDrLilk2F: All connection attempts failed
2026-08-14 19:22:22.933 | WARNING  | rahasya.utils.http_client:_request_with_retry:60 - Attempt 3/3 failed for https://www.dibiz.com/jaygor: All connection attempts failed
2026-08-14 19:22:23.090 | WARNING  | rahasya.utils.http_client:_request_with_retry:60 - Attempt 3/3 failed for https://dojoverse.com/members/jaygor/: All connection attempts failed
2026-08-14 19:22:23.111 | WARNING  | rahasya.utils.http_client:_request_with_retry:60 - Attempt 2/3 failed for https://easyen.ru/index/8-0-jaygor: All connection attempts failed
2026-08-14 19:22:23.270 | WARNING  | rahasya.utils.http_client:_request_with_retry:60 - Attempt 3/3 failed for https://donate.stream/api/v1/streamer.get?path=jaygor&app=9f4e793cec820015d511dbc77b20c5c1: All connection attempts failed
2026-08-14 19:22:23.270 | WARNING  | rahasya.utils.http_client:_request_with_retry:60 - Attempt 3/3 failed for https://www.dotafire.com/ajax/searchSite?text=jaygor&search=members: All connection attempts failed
2026-08-14 19:22:23.337 | WARNING  | rahasya.utils.http_client:_request_with_retry:60 - Attempt 1/3 failed for https://be.electrobel.org/register.ajax: All connection attempts failed
2026-08-14 19:22:23.338 | WARNING  | rahasya.utils.http_client:_request_with_retry:60 - Attempt 3/3 failed for https://hub.docker.com/v2/users/jaygor/: All connection attempts failed
2026-08-14 19:22:23.378 | WARNING  | rahasya.utils.http_client:_request_with_retry:60 - Attempt 3/3 failed for https://www.donationalerts.com/api/v1/user/jaygor/donationpagesettings: All connection attempts failed
2026-08-14 19:22:23.441 | WARNING  | rahasya.utils.http_client:_request_with_retry:60 - Attempt 3/3 failed for https://dot.cards/jaygor: All connection attempts failed
2026-08-14 19:22:23.441 | WARNING  | rahasya.utils.http_client:_request_with_retry:60 - Attempt 3/3 failed for https://dribbble.com/jaygor: All connection attempts failed
2026-08-14 19:22:23.557 | WARNING  | rahasya.utils.http_client:_request_with_retry:60 - Attempt 3/3 failed for https://dou.ua/users/jaygor/: All connection attempts failed
2026-08-14 19:22:23.558 | WARNING  | rahasya.utils.http_client:_request_with_retry:60 - Attempt 3/3 failed for https://dissenter.com/user/jaygor: All connection attempts failed
2026-08-14 19:22:23.558 | WARNING  | rahasya.utils.http_client:_request_with_retry:60 - Attempt 3/3 failed for https://donatello.to/jaygor: All connection attempts failed
2026-08-14 19:22:23.614 | WARNING  | rahasya.utils.http_client:_request_with_retry:60 - Attempt 3/3 failed for https://jaygor.donatik.io/en: All connection attempts failed
2026-08-14 19:22:23.614 | WARNING  | rahasya.utils.http_client:_request_with_retry:60 - Attempt 2/3 failed for https://www.ebay.com/usr/jaygor: All connection attempts failed
2026-08-14 19:22:23.663 | WARNING  | rahasya.utils.http_client:_request_with_retry:60 - Attempt 3/3 failed for https://meta.discourse.org/u/jaygor/summary.json: All connection attempts failed
2026-08-14 19:22:23.787 | WARNING  | rahasya.utils.http_client:_request_with_retry:60 - Attempt 3/3 failed for https://www.drive2.ru/users/jaygor/: All connection attempts failed
2026-08-14 19:22:23.789 | WARNING  | rahasya.utils.http_client:_request_with_retry:60 - Attempt 1/3 failed for https://www.eyeem.com/u/jaygor: All connection attempts failed
2026-08-14 19:22:23.873 | WARNING  | rahasya.utils.http_client:_request_with_retry:60 - Attempt 3/3 failed for https://www.duolingo.com/2017-06-30/users?username=jaygor&_=1628308619574: All connection attempts failed
2026-08-14 19:22:23.970 | WARNING  | rahasya.utils.http_client:_request_with_retry:60 - Attempt 1/3 failed for https://www.engadget.com/about/editors/jaygor/: All connection attempts failed
2026-08-14 19:22:23.970 | WARNING  | rahasya.utils.http_client:_request_with_retry:60 - Attempt 1/3 failed for https://community.evocms.ru/users/?search=jaygor: All connection attempts failed
2026-08-14 19:22:24.031 | WARNING  | rahasya.utils.http_client:_request_with_retry:60 - Attempt 3/3 failed for https://api.donatty.com/users/find/jaygor: All connection attempts failed
2026-08-14 19:22:24.031 | WARNING  | rahasya.utils.http_client:_request_with_retry:60 - Attempt 1/3 failed for https://www.etoro.com/api/logininfo/v1.1/users/jaygor: All connection attempts failed
2026-08-14 19:22:24.031 | WARNING  | rahasya.utils.http_client:_request_with_retry:60 - Attempt 1/3 failed for https://www.ebay.com/str/jaygor: All connection attempts failed
2026-08-14 19:22:24.145 | WARNING  | rahasya.utils.http_client:_request_with_retry:60 - Attempt 1/3 failed for https://fancentro.com/api/profile.get?profileAlias=jaygor&limit=1: All connection attempts failed
2026-08-14 19:22:24.145 | WARNING  | rahasya.utils.http_client:_request_with_retry:60 - Attempt 1/3 failed for https://expressional.social/api/v1/accounts/lookup?acct=jaygor: All connection attempts failed
2026-08-14 19:22:24.163 | WARNING  | rahasya.utils.http_client:_request_with_retry:60 - Attempt 3/3 failed for https://dota2.ru/forum/search/?type=user&keywords=jaygor&sort_by=username: All connection attempts failed
2026-08-14 19:22:24.321 | WARNING  | rahasya.utils.http_client:_request_with_retry:60 - Attempt 1/3 failed for https://www.fatsecret.com/member/jaygor: All connection attempts failed
2026-08-14 19:22:24.351 | WARNING  | rahasya.utils.http_client:_request_with_retry:60 - Attempt 2/3 failed for https://be.electrobel.org/register.ajax: All connection attempts failed
2026-08-14 19:22:24.497 | WARNING  | rahasya.utils.http_client:_request_with_retry:60 - Attempt 1/3 failed for https://www.facebook.com/jaygor/: All connection attempts failed
2026-08-14 19:22:24.545 | WARNING  | rahasya.utils.http_client:_request_with_retry:60 - Attempt 1/3 failed for https://www.faceit.com/api/users/v1/nicknames/jaygor: All connection attempts failed
2026-08-14 19:22:24.554 | WARNING  | rahasya.utils.http_client:_request_with_retry:60 - Attempt 1/3 failed for https://www.etsy.com/people/jaygor: All connection attempts failed
2026-08-14 19:22:24.686 | WARNING  | rahasya.utils.http_client:_request_with_retry:60 - Attempt 1/3 failed for https://www.fanpop.com/fans/jaygor: All connection attempts failed
2026-08-14 19:22:24.795 | WARNING  | rahasya.utils.http_client:_request_with_retry:60 - Attempt 1/3 failed for https://www.eporner.com/xhr/check/: All connection attempts failed
2026-08-14 19:22:24.814 | WARNING  | rahasya.utils.http_client:_request_with_retry:60 - Attempt 2/3 failed for https://www.eyeem.com/u/jaygor: All connection attempts failed
2026-08-14 19:22:24.859 | WARNING  | rahasya.utils.http_client:_request_with_retry:60 - Attempt 3/3 failed for https://droners.io/accounts/jaygor/: All connection attempts failed
2026-08-14 19:22:24.905 | WARNING  | rahasya.utils.http_client:_request_with_retry:60 - Attempt 1/3 failed for https://www.fabswingers.com/profile/jaygor: All connection attempts failed
2026-08-14 19:22:24.905 | WARNING  | rahasya.utils.http_client:_request_with_retry:60 - Attempt 1/3 failed for https://www.fandom.com/u/jaygor: All connection attempts failed
2026-08-14 19:22:24.938 | WARNING  | rahasya.utils.http_client:_request_with_retry:60 - Attempt 1/3 failed for https://www.filmweb.pl/user/jaygor: All connection attempts failed
2026-08-14 19:22:24.965 | WARNING  | rahasya.utils.http_client:_request_with_retry:60 - Attempt 2/3 failed for https://community.evocms.ru/users/?search=jaygor: All connection attempts failed
2026-08-14 19:22:24.965 | WARNING  | rahasya.utils.http_client:_request_with_retry:60 - Attempt 2/3 failed for https://www.engadget.com/about/editors/jaygor/: All connection attempts failed
2026-08-14 19:22:25.034 | WARNING  | rahasya.utils.http_client:_request_with_retry:60 - Attempt 2/3 failed for https://www.etoro.com/api/logininfo/v1.1/users/jaygor: All connection attempts failed
2026-08-14 19:22:25.034 | WARNING  | rahasya.utils.http_client:_request_with_retry:60 - Attempt 1/3 failed for https://faktopedia.pl/user/jaygor: All connection attempts failed
2026-08-14 19:22:25.034 | WARNING  | rahasya.utils.http_client:_request_with_retry:60 - Attempt 1/3 failed for https://federated.press/api/v1/accounts/lookup?acct=jaygor: All connection attempts failed
2026-08-14 19:22:25.050 | WARNING  | rahasya.utils.http_client:_request_with_retry:60 - Attempt 2/3 failed for https://www.ebay.com/str/jaygor: All connection attempts failed
2026-08-14 19:22:25.108 | WARNING  | rahasya.utils.http_client:_request_with_retry:60 - Attempt 3/3 failed for https://easyen.ru/index/8-0-jaygor: All connection attempts failed
2026-08-14 19:22:25.162 | WARNING  | rahasya.utils.http_client:_request_with_retry:60 - Attempt 2/3 failed for https://fancentro.com/api/profile.get?profileAlias=jaygor&limit=1: All connection attempts failed
2026-08-14 19:22:25.162 | WARNING  | rahasya.utils.http_client:_request_with_retry:60 - Attempt 2/3 failed for https://expressional.social/api/v1/accounts/lookup?acct=jaygor: All connection attempts failed
2026-08-14 19:22:25.232 | WARNING  | rahasya.utils.http_client:_request_with_retry:60 - Attempt 1/3 failed for https://fanslist.com/search?q=jaygor: All connection attempts failed
2026-08-14 19:22:25.329 | WARNING  | rahasya.utils.http_client:_request_with_retry:60 - Attempt 2/3 failed for https://www.fatsecret.com/member/jaygor: All connection attempts failed
2026-08-14 19:22:25.354 | WARNING  | rahasya.utils.http_client:_request_with_retry:60 - Attempt 1/3 failed for https://filmot.com/unlistedSearch?channelQuery=jaygor&sortField=uploaddate&sortOrder=desc&: All connection attempts failed
2026-08-14 19:22:25.404 | WARNING  | rahasya.utils.http_client:_request_with_retry:60 - Attempt 1/3 failed for https://www.figma.com/api/profile/handle/jaygor: All connection attempts failed
2026-08-14 19:22:25.469 | WARNING  | rahasya.utils.http_client:_request_with_retry:60 - Attempt 1/3 failed for https://www.fark.com/users/jaygor: All connection attempts failed
2026-08-14 19:22:25.505 | WARNING  | rahasya.utils.http_client:_request_with_retry:60 - Attempt 2/3 failed for https://www.facebook.com/jaygor/: All connection attempts failed
2026-08-14 19:22:25.522 | WARNING  | rahasya.utils.http_client:_request_with_retry:60 - Attempt 1/3 failed for https://apiv3.fansly.com/api/v1/account?usernames=jaygor: All connection attempts failed
2026-08-14 19:22:25.540 | WARNING  | rahasya.utils.http_client:_request_with_retry:60 - Attempt 2/3 failed for https://www.faceit.com/api/users/v1/nicknames/jaygor: All connection attempts failed
2026-08-14 19:22:25.568 | WARNING  | rahasya.utils.http_client:_request_with_retry:60 - Attempt 2/3 failed for https://www.etsy.com/people/jaygor: All connection attempts failed
2026-08-14 19:22:25.631 | WARNING  | rahasya.utils.http_client:_request_with_retry:60 - Attempt 3/3 failed for https://www.ebay.com/usr/jaygor: All connection attempts failed
2026-08-14 19:22:25.693 | WARNING  | rahasya.utils.http_client:_request_with_retry:60 - Attempt 2/3 failed for https://www.fanpop.com/fans/jaygor: All connection attempts failed
2026-08-14 19:22:25.742 | WARNING  | rahasya.utils.http_client:_request_with_retry:60 - Attempt 1/3 failed for https://filmot.com/channelsearch/jaygor: All connection attempts failed
2026-08-14 19:22:25.796 | WARNING  | rahasya.utils.http_client:_request_with_retry:60 - Attempt 2/3 failed for https://www.eporner.com/xhr/check/: All connection attempts failed
2026-08-14 19:22:25.923 | WARNING  | rahasya.utils.http_client:_request_with_retry:60 - Attempt 2/3 failed for https://www.fandom.com/u/jaygor: All connection attempts failed
2026-08-14 19:22:25.923 | WARNING  | rahasya.utils.http_client:_request_with_retry:60 - Attempt 2/3 failed for https://www.fabswingers.com/profile/jaygor: All connection attempts failed
2026-08-14 19:22:25.937 | WARNING  | rahasya.utils.http_client:_request_with_retry:60 - Attempt 2/3 failed for https://www.filmweb.pl/user/jaygor: All connection attempts failed
2026-08-14 19:22:26.003 | WARNING  | rahasya.utils.http_client:_request_with_retry:60 - Attempt 1/3 failed for https://fineartamerica.com/profiles/jaygor: All connection attempts failed
2026-08-14 19:22:26.036 | WARNING  | rahasya.utils.http_client:_request_with_retry:60 - Attempt 2/3 failed for https://federated.press/api/v1/accounts/lookup?acct=jaygor: All connection attempts failed
2026-08-14 19:22:26.036 | WARNING  | rahasya.utils.http_client:_request_with_retry:60 - Attempt 2/3 failed for https://faktopedia.pl/user/jaygor: All connection attempts failed
2026-08-14 19:22:26.036 | WARNING  | rahasya.utils.http_client:_request_with_retry:60 - Attempt 1/3 failed for https://www.fiverr.com/validate_username: All connection attempts failed
2026-08-14 19:22:26.119 | WARNING  | rahasya.utils.http_client:_request_with_retry:60 - Attempt 1/3 failed for https://www.flickr.com/photos/jaygor/: All connection attempts failed
2026-08-14 19:22:26.236 | WARNING  | rahasya.utils.http_client:_request_with_retry:60 - Attempt 2/3 failed for https://fanslist.com/search?q=jaygor: All connection attempts failed
2026-08-14 19:22:26.362 | WARNING  | rahasya.utils.http_client:_request_with_retry:60 - Attempt 3/3 failed for https://be.electrobel.org/register.ajax: All connection attempts failed
2026-08-14 19:22:26.362 | WARNING  | rahasya.utils.http_client:_request_with_retry:60 - Attempt 2/3 failed for https://filmot.com/unlistedSearch?channelQuery=jaygor&sortField=uploaddate&sortOrder=desc&: All connection attempts failed
2026-08-14 19:22:26.425 | WARNING  | rahasya.utils.http_client:_request_with_retry:60 - Attempt 2/3 failed for https://www.figma.com/api/profile/handle/jaygor: All connection attempts failed
2026-08-14 19:22:26.468 | WARNING  | rahasya.utils.http_client:_request_with_retry:60 - Attempt 2/3 failed for https://www.fark.com/users/jaygor: All connection attempts failed
2026-08-14 19:22:26.534 | WARNING  | rahasya.utils.http_client:_request_with_retry:60 - Attempt 2/3 failed for https://apiv3.fansly.com/api/v1/account?usernames=jaygor: All connection attempts failed
2026-08-14 19:22:26.603 | WARNING  | rahasya.utils.http_client:_request_with_retry:60 - Attempt 1/3 failed for https://www.fl.ru/users/jaygor/portfolio/: All connection attempts failed
2026-08-14 19:22:26.753 | WARNING  | rahasya.utils.http_client:_request_with_retry:60 - Attempt 2/3 failed for https://filmot.com/channelsearch/jaygor: All connection attempts failed
2026-08-14 19:22:26.814 | WARNING  | rahasya.utils.http_client:_request_with_retry:60 - Attempt 3/3 failed for https://www.eyeem.com/u/jaygor: All connection attempts failed
2026-08-14 19:22:26.971 | WARNING  | rahasya.utils.http_client:_request_with_retry:60 - Attempt 3/3 failed for https://community.evocms.ru/users/?search=jaygor: All connection attempts failed
2026-08-14 19:22:26.971 | WARNING  | rahasya.utils.http_client:_request_with_retry:60 - Attempt 3/3 failed for https://www.engadget.com/about/editors/jaygor/: All connection attempts failed
2026-08-14 19:22:27.028 | WARNING  | rahasya.utils.http_client:_request_with_retry:60 - Attempt 2/3 failed for https://fineartamerica.com/profiles/jaygor: All connection attempts failed
2026-08-14 19:22:27.044 | WARNING  | rahasya.utils.http_client:_request_with_retry:60 - Attempt 2/3 failed for https://www.fiverr.com/validate_username: All connection attempts failed
2026-08-14 19:22:27.044 | WARNING  | rahasya.utils.http_client:_request_with_retry:60 - Attempt 3/3 failed for https://www.etoro.com/api/logininfo/v1.1/users/jaygor: All connection attempts failed
2026-08-14 19:22:27.079 | WARNING  | rahasya.utils.http_client:_request_with_retry:60 - Attempt 3/3 failed for https://www.ebay.com/str/jaygor: All connection attempts failed
2026-08-14 19:22:27.131 | WARNING  | rahasya.utils.http_client:_request_with_retry:60 - Attempt 2/3 failed for https://www.flickr.com/photos/jaygor/: All connection attempts failed
2026-08-14 19:22:27.180 | WARNING  | rahasya.utils.http_client:_request_with_retry:60 - Attempt 3/3 failed for https://fancentro.com/api/profile.get?profileAlias=jaygor&limit=1: All connection attempts failed
2026-08-14 19:22:27.180 | WARNING  | rahasya.utils.http_client:_request_with_retry:60 - Attempt 3/3 failed for https://expressional.social/api/v1/accounts/lookup?acct=jaygor: All connection attempts failed
2026-08-14 19:22:27.344 | WARNING  | rahasya.utils.http_client:_request_with_retry:60 - Attempt 3/3 failed for https://www.fatsecret.com/member/jaygor: All connection attempts failed
2026-08-14 19:22:27.520 | WARNING  | rahasya.utils.http_client:_request_with_retry:60 - Attempt 3/3 failed for https://www.facebook.com/jaygor/: All connection attempts failed
2026-08-14 19:22:27.550 | WARNING  | rahasya.utils.http_client:_request_with_retry:60 - Attempt 3/3 failed for https://www.etsy.com/people/jaygor: All connection attempts failed
2026-08-14 19:22:27.550 | WARNING  | rahasya.utils.http_client:_request_with_retry:60 - Attempt 3/3 failed for https://www.faceit.com/api/users/v1/nicknames/jaygor: All connection attempts failed
2026-08-14 19:22:27.616 | WARNING  | rahasya.utils.http_client:_request_with_retry:60 - Attempt 2/3 failed for https://www.fl.ru/users/jaygor/portfolio/: All connection attempts failed
2026-08-14 19:22:27.616 | WARNING  | rahasya.utils.http_client:_request_with_retry:60 - Attempt 1/3 failed for https://my.flightradar24.com/jaygor/: All connection attempts failed
2026-08-14 19:22:27.705 | WARNING  | rahasya.utils.http_client:_request_with_retry:60 - Attempt 3/3 failed for https://www.fanpop.com/fans/jaygor: All connection attempts failed
2026-08-14 19:22:27.766 | WARNING  | rahasya.utils.http_client:_request_with_retry:60 - Attempt 1/3 failed for https://fortnitetracker.com/profile/all/jaygor: All connection attempts failed
2026-08-14 19:22:27.766 | WARNING  | rahasya.utils.http_client:_request_with_retry:60 - Attempt 1/3 failed for https://flipboard.com/@jaygor: All connection attempts failed
2026-08-14 19:22:27.798 | WARNING  | rahasya.utils.http_client:_request_with_retry:60 - Attempt 3/3 failed for https://www.eporner.com/xhr/check/: All connection attempts failed
2026-08-14 19:22:27.941 | WARNING  | rahasya.utils.http_client:_request_with_retry:60 - Attempt 3/3 failed for https://www.filmweb.pl/user/jaygor: All connection attempts failed
2026-08-14 19:22:27.941 | WARNING  | rahasya.utils.http_client:_request_with_retry:60 - Attempt 3/3 failed for https://www.fandom.com/u/jaygor: All connection attempts failed
2026-08-14 19:22:27.941 | WARNING  | rahasya.utils.http_client:_request_with_retry:60 - Attempt 3/3 failed for https://www.fabswingers.com/profile/jaygor: All connection attempts failed
2026-08-14 19:22:28.050 | WARNING  | rahasya.utils.http_client:_request_with_retry:60 - Attempt 3/3 failed for https://federated.press/api/v1/accounts/lookup?acct=jaygor: All connection attempts failed
2026-08-14 19:22:28.051 | WARNING  | rahasya.utils.http_client:_request_with_retry:60 - Attempt 3/3 failed for https://faktopedia.pl/user/jaygor: All connection attempts failed
2026-08-14 19:22:28.051 | WARNING  | rahasya.utils.http_client:_request_with_retry:60 - Attempt 1/3 failed for https://www.folkd.com/?app=core&module=system&controller=ajax&do=usernameExists&input=jaygor: All connection attempts failed
2026-08-14 19:22:28.078 | WARNING  | rahasya.utils.http_client:_request_with_retry:60 - Attempt 1/3 failed for https://www.flowcode.com/page/jaygor: All connection attempts failed
2026-08-14 19:22:28.247 | WARNING  | rahasya.utils.http_client:_request_with_retry:60 - Attempt 3/3 failed for https://fanslist.com/search?q=jaygor: All connection attempts failed
2026-08-14 19:22:28.357 | WARNING  | rahasya.utils.http_client:_request_with_retry:60 - Attempt 3/3 failed for https://filmot.com/unlistedSearch?channelQuery=jaygor&sortField=uploaddate&sortOrder=desc&: All connection attempts failed
2026-08-14 19:22:28.449 | WARNING  | rahasya.utils.http_client:_request_with_retry:60 - Attempt 3/3 failed for https://www.figma.com/api/profile/handle/jaygor: All connection attempts failed
2026-08-14 19:22:28.470 | WARNING  | rahasya.utils.http_client:_request_with_retry:60 - Attempt 3/3 failed for https://www.fark.com/users/jaygor: All connection attempts failed
2026-08-14 19:22:28.531 | WARNING  | rahasya.utils.http_client:_request_with_retry:60 - Attempt 1/3 failed for https://archive.org/wayback/available?url=https://www.fotolog.com/jaygor: All connection attempts failed
2026-08-14 19:22:28.532 | WARNING  | rahasya.utils.http_client:_request_with_retry:60 - Attempt 1/3 failed for https://fosstodon.org/api/v1/accounts/lookup?acct=jaygor: All connection attempts failed
2026-08-14 19:22:28.561 | WARNING  | rahasya.utils.http_client:_request_with_retry:60 - Attempt 3/3 failed for https://apiv3.fansly.com/api/v1/account?usernames=jaygor: All connection attempts failed
2026-08-14 19:22:28.629 | WARNING  | rahasya.utils.http_client:_request_with_retry:60 - Attempt 2/3 failed for https://my.flightradar24.com/jaygor/: All connection attempts failed
2026-08-14 19:22:28.671 | WARNING  | rahasya.utils.http_client:_request_with_retry:60 - Attempt 1/3 failed for https://forumprawne.org/members/jaygor.html: All connection attempts failed
2026-08-14 19:22:28.719 | WARNING  | rahasya.utils.http_client:_request_with_retry:60 - Attempt 1/3 failed for https://www.fodors.com/community/profile/jaygor/forum-activity: All connection attempts failed
2026-08-14 19:22:28.769 | WARNING  | rahasya.utils.http_client:_request_with_retry:60 - Attempt 3/3 failed for https://filmot.com/channelsearch/jaygor: All connection attempts failed
2026-08-14 19:22:28.769 | WARNING  | rahasya.utils.http_client:_request_with_retry:60 - Attempt 2/3 failed for https://fortnitetracker.com/profile/all/jaygor: All connection attempts failed
2026-08-14 19:22:28.769 | WARNING  | rahasya.utils.http_client:_request_with_retry:60 - Attempt 1/3 failed for https://www.freesteamkeys.com/members/jaygor/: All connection attempts failed
2026-08-14 19:22:28.769 | WARNING  | rahasya.utils.http_client:_request_with_retry:60 - Attempt 2/3 failed for https://flipboard.com/@jaygor: All connection attempts failed
2026-08-14 19:22:28.877 | WARNING  | rahasya.utils.http_client:_request_with_retry:60 - Attempt 1/3 failed for https://api.fotka.com/v2/user/dataStatic?login=jaygor: All connection attempts failed
2026-08-14 19:22:28.925 | WARNING  | rahasya.utils.http_client:_request_with_retry:60 - Attempt 1/3 failed for https://foursquare.com/jaygor: All connection attempts failed
2026-08-14 19:22:29.025 | WARNING  | rahasya.utils.http_client:_request_with_retry:60 - Attempt 1/3 failed for https://www.furaffinity.net/user/jaygor/: All connection attempts failed
2026-08-14 19:22:29.025 | WARNING  | rahasya.utils.http_client:_request_with_retry:60 - Attempt 3/3 failed for https://fineartamerica.com/profiles/jaygor: All connection attempts failed
2026-08-14 19:22:29.044 | WARNING  | rahasya.utils.http_client:_request_with_retry:60 - Attempt 1/3 failed for https://freelance.ru/jaygor: All connection attempts failed
2026-08-14 19:22:29.044 | WARNING  | rahasya.utils.http_client:_request_with_retry:60 - Attempt 3/3 failed for https://www.fiverr.com/validate_username: All connection attempts failed
2026-08-14 19:22:29.078 | WARNING  | rahasya.utils.http_client:_request_with_retry:60 - Attempt 2/3 failed for https://www.folkd.com/?app=core&module=system&controller=ajax&do=usernameExists&input=jaygor: All connection attempts failed
2026-08-14 19:22:29.078 | WARNING  | rahasya.utils.http_client:_request_with_retry:60 - Attempt 2/3 failed for https://www.flowcode.com/page/jaygor: All connection attempts failed
2026-08-14 19:22:29.141 | WARNING  | rahasya.utils.http_client:_request_with_retry:60 - Attempt 1/3 failed for https://freelancehunt.com/en/freelancer/jaygor.html: All connection attempts failed
2026-08-14 19:22:29.141 | WARNING  | rahasya.utils.http_client:_request_with_retry:60 - Attempt 3/3 failed for https://www.flickr.com/photos/jaygor/: All connection attempts failed
2026-08-14 19:22:29.222 | WARNING  | rahasya.utils.http_client:_request_with_retry:60 - Attempt 1/3 failed for https://www.freelancer.com/api/users/0.1/users?usernames%5B%5D=jaygor&compact=true: All connection attempts failed
2026-08-14 19:22:29.397 | WARNING  | rahasya.utils.http_client:_request_with_retry:60 - Attempt 1/3 failed for https://freelancehunt.com/en/employer/jaygor.html: All connection attempts failed
2026-08-14 19:22:29.521 | WARNING  | rahasya.utils.http_client:_request_with_retry:60 - Attempt 2/3 failed for https://archive.org/wayback/available?url=https://www.fotolog.com/jaygor: All connection attempts failed
2026-08-14 19:22:29.522 | WARNING  | rahasya.utils.http_client:_request_with_retry:60 - Attempt 1/3 failed for https://freesound.org/people/jaygor/section/stats/?ajax=1: All connection attempts failed
2026-08-14 19:22:29.522 | WARNING  | rahasya.utils.http_client:_request_with_retry:60 - Attempt 2/3 failed for https://fosstodon.org/api/v1/accounts/lookup?acct=jaygor: All connection attempts failed
2026-08-14 19:22:29.569 | WARNING  | rahasya.utils.http_client:_request_with_retry:60 - Attempt 1/3 failed for https://friendfinder.com/profile/jaygor: All connection attempts failed
2026-08-14 19:22:29.604 | WARNING  | rahasya.utils.http_client:_request_with_retry:60 - Attempt 3/3 failed for https://www.fl.ru/users/jaygor/portfolio/: All connection attempts failed
2026-08-14 19:22:29.605 | WARNING  | rahasya.utils.http_client:_request_with_retry:60 - Attempt 1/3 failed for https://api.freecodecamp.org/users/get-public-profile?username=jaygor: All connection attempts failed
2026-08-14 19:22:29.654 | WARNING  | rahasya.utils.http_client:_request_with_retry:60 - Attempt 1/3 failed for https://gamejolt.com/site-api/web/profile/@jaygor/: All connection attempts failed
2026-08-14 19:22:29.680 | WARNING  | rahasya.utils.http_client:_request_with_retry:60 - Attempt 2/3 failed for https://forumprawne.org/members/jaygor.html: All connection attempts failed
2026-08-14 19:22:29.713 | WARNING  | rahasya.utils.http_client:_request_with_retry:60 - Attempt 2/3 failed for https://www.fodors.com/community/profile/jaygor/forum-activity: All connection attempts failed
2026-08-14 19:22:29.716 | WARNING  | rahasya.utils.http_client:_request_with_retry:60 - Attempt 1/3 failed for https://connect.garmin.com/modern/profile/jaygor: All connection attempts failed
2026-08-14 19:22:29.784 | WARNING  | rahasya.utils.http_client:_request_with_retry:60 - Attempt 2/3 failed for https://www.freesteamkeys.com/members/jaygor/: All connection attempts failed
2026-08-14 19:22:29.784 | WARNING  | rahasya.utils.http_client:_request_with_retry:60 - Attempt 1/3 failed for https://freelance.ua/user/jaygor/: All connection attempts failed
2026-08-14 19:22:29.869 | WARNING  | rahasya.utils.http_client:_request_with_retry:60 - Attempt 2/3 failed for https://api.fotka.com/v2/user/dataStatic?login=jaygor: All connection attempts failed
2026-08-14 19:22:29.928 | WARNING  | rahasya.utils.http_client:_request_with_retry:60 - Attempt 1/3 failed for https://www.gamespot.com/profile/jaygor/summary/activity/?ajax: All connection attempts failed
2026-08-14 19:22:29.939 | WARNING  | rahasya.utils.http_client:_request_with_retry:60 - Attempt 2/3 failed for https://foursquare.com/jaygor: All connection attempts failed
2026-08-14 19:22:29.979 | WARNING  | rahasya.utils.http_client:_request_with_retry:60 - Attempt 1/3 failed for https://www.game-debate.com/profile/jaygor: All connection attempts failed
2026-08-14 19:22:30.034 | WARNING  | rahasya.utils.http_client:_request_with_retry:60 - Attempt 2/3 failed for https://www.furaffinity.net/user/jaygor/: All connection attempts failed
2026-08-14 19:22:30.053 | WARNING  | rahasya.utils.http_client:_request_with_retry:60 - Attempt 2/3 failed for https://freelance.ru/jaygor: All connection attempts failed
2026-08-14 19:22:30.145 | WARNING  | rahasya.utils.http_client:_request_with_retry:60 - Attempt 2/3 failed for https://freelancehunt.com/en/freelancer/jaygor.html: All connection attempts failed
2026-08-14 19:22:30.189 | WARNING  | rahasya.modules.base:safe_execute:181 - Module WhatsMyName was cancelled
2026-08-14 19:22:30.190 | ERROR    | rahasya.core.orchestrator:_run_scan_loop:206 - Module failed: TimeoutError: 
2026-08-14 19:22:30.216 | DEBUG    | rahasya.core.orchestrator:_run_scan_loop:181 - Dispatching 4 modules for [email] 'jgor280505@gmail.com'
2026-08-14 19:22:31.242 | INFO     | rahasya.modules.base:safe_execute:165 - Executing Ahmia on [email] 'jgor280505@gmail.com' (scan=bc73dc4c...)
2026-08-14 19:22:31.242 | INFO     | rahasya.modules.base:safe_execute:165 - Executing Maigret on [email] 'jgor280505@gmail.com' (scan=bc73dc4c...)
2026-08-14 19:22:31.274 | INFO     | rahasya.modules.base:safe_execute:165 - Executing WhatsMyName on [email] 'jgor280505@gmail.com' (scan=bc73dc4c...)
2026-08-14 19:22:31.274 | INFO     | rahasya.modules.base:safe_execute:165 - Executing Sherlock on [email] 'jgor280505@gmail.com' (scan=bc73dc4c...)
2026-08-14 19:22:31.838 | WARNING  | rahasya.utils.http_client:_request_with_retry:60 - Attempt 1/3 failed for https://albicla.com/jgor280505/post/1: All connection attempts failed
2026-08-14 19:22:31.919 | WARNING  | rahasya.utils.http_client:_request_with_retry:60 - Attempt 1/3 failed for https://community.appian.com/members/jgor280505: All connection attempts failed
2026-08-14 19:22:31.962 | WARNING  | rahasya.utils.http_client:_request_with_retry:60 - Attempt 1/3 failed for https://ameblo.jp/jgor280505: All connection attempts failed
2026-08-14 19:22:32.059 | WARNING  | rahasya.utils.http_client:_request_with_retry:60 - Attempt 1/3 failed for https://api.tracker.gg/api/v2/apex/standard/profile/origin/jgor280505: All connection attempts failed
2026-08-14 19:22:32.061 | WARNING  | rahasya.utils.http_client:_request_with_retry:60 - Attempt 1/3 failed for https://www.artstation.com/jgor280505: All connection attempts failed
2026-08-14 19:22:32.093 | WARNING  | rahasya.utils.http_client:_request_with_retry:60 - Attempt 1/3 failed for https://armorgames.com/user/jgor280505: All connection attempts failed
2026-08-14 19:22:32.093 | WARNING  | rahasya.utils.http_client:_request_with_retry:60 - Attempt 1/3 failed for https://www.adultism.com/profile/jgor280505: All connection attempts failed
2026-08-14 19:22:32.143 | WARNING  | rahasya.utils.http_client:_request_with_retry:60 - Attempt 1/3 failed for https://247ctf.com/progress/jgor280505: All connection attempts failed
2026-08-14 19:22:32.218 | WARNING  | rahasya.utils.http_client:_request_with_retry:60 - Attempt 1/3 failed for https://asciinema.org/~jgor280505: All connection attempts failed
2026-08-14 19:22:32.222 | WARNING  | rahasya.utils.http_client:_request_with_retry:60 - Attempt 1/3 failed for https://cursos.alura.com.br/user/jgor280505: All connection attempts failed
2026-08-14 19:22:32.225 | WARNING  | rahasya.utils.http_client:_request_with_retry:60 - Attempt 1/3 failed for https://7dach.ru/profile/jgor280505: All connection attempts failed
2026-08-14 19:22:32.331 | WARNING  | rahasya.utils.http_client:_request_with_retry:60 - Attempt 1/3 failed for https://projecthub.arduino.cc/jgor280505: All connection attempts failed
2026-08-14 19:22:32.351 | WARNING  | rahasya.utils.http_client:_request_with_retry:60 - Attempt 1/3 failed for https://ahmia.fi/api/search/?q=jgor280505%40gmail.com: All connection attempts failed
2026-08-14 19:22:32.383 | WARNING  | rahasya.utils.http_client:_request_with_retry:60 - Attempt 1/3 failed for https://graphql.anilist.co: All connection attempts failed
2026-08-14 19:22:32.412 | WARNING  | rahasya.utils.http_client:_request_with_retry:60 - Attempt 1/3 failed for https://au.ru/user/jgor280505/: All connection attempts failed
2026-08-14 19:22:32.559 | WARNING  | rahasya.utils.http_client:_request_with_retry:60 - Attempt 1/3 failed for https://forum.arduino.cc/u/jgor280505.json: All connection attempts failed
2026-08-14 19:22:32.559 | WARNING  | rahasya.utils.http_client:_request_with_retry:60 - Attempt 1/3 failed for https://www.artbreeder.com/jgor280505: All connection attempts failed
2026-08-14 19:22:32.607 | WARNING  | rahasya.utils.http_client:_request_with_retry:60 - Attempt 1/3 failed for https://3dtoday.ru/blogs/jgor280505: All connection attempts failed
2026-08-14 19:22:32.640 | WARNING  | rahasya.utils.http_client:_request_with_retry:60 - Attempt 1/3 failed for https://about.me/jgor280505: All connection attempts failed
2026-08-14 19:22:32.684 | WARNING  | rahasya.utils.http_client:_request_with_retry:60 - Attempt 1/3 failed for https://www.alik.cz/u/jgor280505: All connection attempts failed
2026-08-14 19:22:32.684 | WARNING  | rahasya.utils.http_client:_request_with_retry:60 - Attempt 1/3 failed for https://www.americanthinker.com/author/jgor280505/: All connection attempts failed
2026-08-14 19:22:32.720 | ERROR    | rahasya.modules.social.maigret_module:execute:101 - Maigret execution failed: Expecting value: line 1 column 1 (char 0)
2026-08-14 19:22:32.720 | INFO     | rahasya.modules.base:safe_execute:173 - Completed Maigret: 0 entities found in 2469ms
2026-08-14 19:22:32.783 | WARNING  | rahasya.utils.http_client:_request_with_retry:60 - Attempt 1/3 failed for https://www.anime-planet.com/api/validation/username: All connection attempts failed
2026-08-14 19:22:32.824 | ERROR    | rahasya.modules.social.sherlock_module:execute:74 - Sherlock execution failed: Expecting value: line 1 column 1 (char 0)
2026-08-14 19:22:32.824 | INFO     | rahasya.modules.base:safe_execute:173 - Completed Sherlock: 0 entities found in 2562ms
2026-08-14 19:22:32.828 | WARNING  | rahasya.utils.http_client:_request_with_retry:60 - Attempt 1/3 failed for https://uk.advfn.com/forum/profile/jgor280505: All connection attempts failed
2026-08-14 19:22:32.859 | WARNING  | rahasya.utils.http_client:_request_with_retry:60 - Attempt 2/3 failed for https://albicla.com/jgor280505/post/1: All connection attempts failed
2026-08-14 19:22:32.937 | WARNING  | rahasya.utils.http_client:_request_with_retry:60 - Attempt 1/3 failed for https://support.advancedcustomfields.com/forums/users/jgor280505/: All connection attempts failed
2026-08-14 19:22:32.937 | WARNING  | rahasya.utils.http_client:_request_with_retry:60 - Attempt 2/3 failed for https://community.appian.com/members/jgor280505: All connection attempts failed
2026-08-14 19:22:32.950 | WARNING  | rahasya.utils.http_client:_request_with_retry:60 - Attempt 1/3 failed for https://admireme.vip/jgor280505/: All connection attempts failed
2026-08-14 19:22:32.950 | WARNING  | rahasya.utils.http_client:_request_with_retry:60 - Attempt 1/3 failed for https://atcoder.jp/users/jgor280505: All connection attempts failed
2026-08-14 19:22:32.976 | WARNING  | rahasya.utils.http_client:_request_with_retry:60 - Attempt 1/3 failed for https://35photo.pro/@jgor280505/: All connection attempts failed
2026-08-14 19:22:32.976 | WARNING  | rahasya.utils.http_client:_request_with_retry:60 - Attempt 2/3 failed for https://ameblo.jp/jgor280505: All connection attempts failed
2026-08-14 19:22:33.068 | WARNING  | rahasya.utils.http_client:_request_with_retry:60 - Attempt 2/3 failed for https://www.artstation.com/jgor280505: All connection attempts failed
2026-08-14 19:22:33.069 | WARNING  | rahasya.utils.http_client:_request_with_retry:60 - Attempt 2/3 failed for https://api.tracker.gg/api/v2/apex/standard/profile/origin/jgor280505: All connection attempts failed
2026-08-14 19:22:33.095 | WARNING  | rahasya.utils.http_client:_request_with_retry:60 - Attempt 2/3 failed for https://armorgames.com/user/jgor280505: All connection attempts failed
2026-08-14 19:22:33.095 | WARNING  | rahasya.utils.http_client:_request_with_retry:60 - Attempt 2/3 failed for https://www.adultism.com/profile/jgor280505: All connection attempts failed
2026-08-14 19:22:33.111 | WARNING  | rahasya.utils.http_client:_request_with_retry:60 - Attempt 1/3 failed for https://247sports.com/User/jgor280505/: All connection attempts failed
2026-08-14 19:22:33.157 | WARNING  | rahasya.utils.http_client:_request_with_retry:60 - Attempt 2/3 failed for https://247ctf.com/progress/jgor280505: All connection attempts failed
2026-08-14 19:22:33.218 | WARNING  | rahasya.utils.http_client:_request_with_retry:60 - Attempt 1/3 failed for https://gitlab.archlinux.org/api/v4/users?username=jgor280505: All connection attempts failed
2026-08-14 19:22:33.218 | WARNING  | rahasya.utils.http_client:_request_with_retry:60 - Attempt 2/3 failed for https://asciinema.org/~jgor280505: All connection attempts failed
2026-08-14 19:22:33.218 | WARNING  | rahasya.utils.http_client:_request_with_retry:60 - Attempt 1/3 failed for https://arsmate.com/jgor280505: All connection attempts failed
2026-08-14 19:22:33.250 | WARNING  | rahasya.utils.http_client:_request_with_retry:60 - Attempt 2/3 failed for https://7dach.ru/profile/jgor280505: All connection attempts failed
2026-08-14 19:22:33.250 | WARNING  | rahasya.utils.http_client:_request_with_retry:60 - Attempt 2/3 failed for https://cursos.alura.com.br/user/jgor280505: All connection attempts failed
2026-08-14 19:22:33.296 | WARNING  | rahasya.utils.http_client:_request_with_retry:60 - Attempt 1/3 failed for https://www.7cups.com/@jgor280505: All connection attempts failed
2026-08-14 19:22:33.360 | WARNING  | rahasya.utils.http_client:_request_with_retry:60 - Attempt 2/3 failed for https://ahmia.fi/api/search/?q=jgor280505%40gmail.com: All connection attempts failed
2026-08-14 19:22:33.360 | WARNING  | rahasya.utils.http_client:_request_with_retry:60 - Attempt 2/3 failed for https://projecthub.arduino.cc/jgor280505: All connection attempts failed
2026-08-14 19:22:33.421 | WARNING  | rahasya.utils.http_client:_request_with_retry:60 - Attempt 2/3 failed for https://au.ru/user/jgor280505/: All connection attempts failed
2026-08-14 19:22:33.421 | WARNING  | rahasya.utils.http_client:_request_with_retry:60 - Attempt 2/3 failed for https://graphql.anilist.co: All connection attempts failed
2026-08-14 19:22:33.563 | WARNING  | rahasya.utils.http_client:_request_with_retry:60 - Attempt 2/3 failed for https://forum.arduino.cc/u/jgor280505.json: All connection attempts failed
2026-08-14 19:22:33.563 | WARNING  | rahasya.utils.http_client:_request_with_retry:60 - Attempt 2/3 failed for https://www.artbreeder.com/jgor280505: All connection attempts failed
2026-08-14 19:22:33.613 | WARNING  | rahasya.utils.http_client:_request_with_retry:60 - Attempt 2/3 failed for https://3dtoday.ru/blogs/jgor280505: All connection attempts failed
2026-08-14 19:22:33.643 | WARNING  | rahasya.utils.http_client:_request_with_retry:60 - Attempt 2/3 failed for https://about.me/jgor280505: All connection attempts failed
2026-08-14 19:22:33.701 | WARNING  | rahasya.utils.http_client:_request_with_retry:60 - Attempt 2/3 failed for https://www.alik.cz/u/jgor280505: All connection attempts failed
2026-08-14 19:22:33.701 | WARNING  | rahasya.utils.http_client:_request_with_retry:60 - Attempt 2/3 failed for https://www.americanthinker.com/author/jgor280505/: All connection attempts failed
2026-08-14 19:22:33.785 | WARNING  | rahasya.utils.http_client:_request_with_retry:60 - Attempt 2/3 failed for https://www.anime-planet.com/api/validation/username: All connection attempts failed
2026-08-14 19:22:33.836 | WARNING  | rahasya.utils.http_client:_request_with_retry:60 - Attempt 2/3 failed for https://uk.advfn.com/forum/profile/jgor280505: All connection attempts failed
2026-08-14 19:22:33.939 | WARNING  | rahasya.utils.http_client:_request_with_retry:60 - Attempt 2/3 failed for https://admireme.vip/jgor280505/: All connection attempts failed
2026-08-14 19:22:33.939 | WARNING  | rahasya.utils.http_client:_request_with_retry:60 - Attempt 2/3 failed for https://support.advancedcustomfields.com/forums/users/jgor280505/: All connection attempts failed
2026-08-14 19:22:33.939 | WARNING  | rahasya.utils.http_client:_request_with_retry:60 - Attempt 2/3 failed for https://atcoder.jp/users/jgor280505: All connection attempts failed
2026-08-14 19:22:33.999 | WARNING  | rahasya.utils.http_client:_request_with_retry:60 - Attempt 2/3 failed for https://35photo.pro/@jgor280505/: All connection attempts failed
2026-08-14 19:22:34.111 | WARNING  | rahasya.utils.http_client:_request_with_retry:60 - Attempt 2/3 failed for https://247sports.com/User/jgor280505/: All connection attempts failed
2026-08-14 19:22:34.235 | WARNING  | rahasya.utils.http_client:_request_with_retry:60 - Attempt 2/3 failed for https://gitlab.archlinux.org/api/v4/users?username=jgor280505: All connection attempts failed
2026-08-14 19:22:34.235 | WARNING  | rahasya.utils.http_client:_request_with_retry:60 - Attempt 2/3 failed for https://arsmate.com/jgor280505: All connection attempts failed
2026-08-14 19:22:34.311 | WARNING  | rahasya.utils.http_client:_request_with_retry:60 - Attempt 2/3 failed for https://www.7cups.com/@jgor280505: All connection attempts failed
2026-08-14 19:22:34.877 | WARNING  | rahasya.utils.http_client:_request_with_retry:60 - Attempt 3/3 failed for https://albicla.com/jgor280505/post/1: All connection attempts failed
2026-08-14 19:22:34.958 | WARNING  | rahasya.utils.http_client:_request_with_retry:60 - Attempt 3/3 failed for https://community.appian.com/members/jgor280505: All connection attempts failed
2026-08-14 19:22:35.002 | WARNING  | rahasya.utils.http_client:_request_with_retry:60 - Attempt 3/3 failed for https://ameblo.jp/jgor280505: All connection attempts failed
2026-08-14 19:22:35.078 | WARNING  | rahasya.utils.http_client:_request_with_retry:60 - Attempt 3/3 failed for https://www.artstation.com/jgor280505: All connection attempts failed
2026-08-14 19:22:35.078 | WARNING  | rahasya.utils.http_client:_request_with_retry:60 - Attempt 3/3 failed for https://api.tracker.gg/api/v2/apex/standard/profile/origin/jgor280505: All connection attempts failed
2026-08-14 19:22:35.094 | WARNING  | rahasya.utils.http_client:_request_with_retry:60 - Attempt 3/3 failed for https://www.adultism.com/profile/jgor280505: All connection attempts failed
2026-08-14 19:22:35.094 | WARNING  | rahasya.utils.http_client:_request_with_retry:60 - Attempt 3/3 failed for https://armorgames.com/user/jgor280505: All connection attempts failed
2026-08-14 19:22:35.166 | WARNING  | rahasya.utils.http_client:_request_with_retry:60 - Attempt 3/3 failed for https://247ctf.com/progress/jgor280505: All connection attempts failed
2026-08-14 19:22:35.216 | WARNING  | rahasya.utils.http_client:_request_with_retry:60 - Attempt 3/3 failed for https://asciinema.org/~jgor280505: All connection attempts failed
2026-08-14 19:22:35.269 | WARNING  | rahasya.utils.http_client:_request_with_retry:60 - Attempt 3/3 failed for https://7dach.ru/profile/jgor280505: All connection attempts failed
2026-08-14 19:22:35.270 | WARNING  | rahasya.utils.http_client:_request_with_retry:60 - Attempt 3/3 failed for https://cursos.alura.com.br/user/jgor280505: All connection attempts failed
2026-08-14 19:22:35.392 | WARNING  | rahasya.utils.http_client:_request_with_retry:60 - Attempt 3/3 failed for https://ahmia.fi/api/search/?q=jgor280505%40gmail.com: All connection attempts failed
2026-08-14 19:22:35.392 | ERROR    | rahasya.modules.darkweb.ahmia_module:execute:51 - Ahmia API search failed: All connection attempts failed
2026-08-14 19:22:35.392 | INFO     | rahasya.modules.base:safe_execute:173 - Completed Ahmia: 0 entities found in 5156ms
2026-08-14 19:22:35.392 | WARNING  | rahasya.utils.http_client:_request_with_retry:60 - Attempt 3/3 failed for https://projecthub.arduino.cc/jgor280505: All connection attempts failed
2026-08-14 19:22:35.438 | WARNING  | rahasya.utils.http_client:_request_with_retry:60 - Attempt 3/3 failed for https://au.ru/user/jgor280505/: All connection attempts failed
2026-08-14 19:22:35.440 | WARNING  | rahasya.utils.http_client:_request_with_retry:60 - Attempt 3/3 failed for https://graphql.anilist.co: All connection attempts failed
2026-08-14 19:22:35.580 | WARNING  | rahasya.utils.http_client:_request_with_retry:60 - Attempt 3/3 failed for https://forum.arduino.cc/u/jgor280505.json: All connection attempts failed
2026-08-14 19:22:35.583 | WARNING  | rahasya.utils.http_client:_request_with_retry:60 - Attempt 3/3 failed for https://www.artbreeder.com/jgor280505: All connection attempts failed
2026-08-14 19:22:35.628 | WARNING  | rahasya.utils.http_client:_request_with_retry:60 - Attempt 3/3 failed for https://3dtoday.ru/blogs/jgor280505: All connection attempts failed
2026-08-14 19:22:35.628 | WARNING  | rahasya.utils.http_client:_request_with_retry:60 - Attempt 3/3 failed for https://about.me/jgor280505: All connection attempts failed
2026-08-14 19:22:35.681 | WARNING  | rahasya.utils.http_client:_request_with_retry:60 - Attempt 3/3 failed for https://www.alik.cz/u/jgor280505: All connection attempts failed
2026-08-14 19:22:35.681 | WARNING  | rahasya.utils.http_client:_request_with_retry:60 - Attempt 3/3 failed for https://www.americanthinker.com/author/jgor280505/: All connection attempts failed
2026-08-14 19:22:35.796 | WARNING  | rahasya.utils.http_client:_request_with_retry:60 - Attempt 3/3 failed for https://www.anime-planet.com/api/validation/username: All connection attempts failed
2026-08-14 19:22:35.844 | WARNING  | rahasya.utils.http_client:_request_with_retry:60 - Attempt 3/3 failed for https://uk.advfn.com/forum/profile/jgor280505: All connection attempts failed
2026-08-14 19:22:35.844 | WARNING  | rahasya.utils.http_client:_request_with_retry:60 - Attempt 1/3 failed for https://bandcamp.com/jgor280505: All connection attempts failed
2026-08-14 19:22:35.938 | WARNING  | rahasya.utils.http_client:_request_with_retry:60 - Attempt 3/3 failed for https://admireme.vip/jgor280505/: All connection attempts failed
2026-08-14 19:22:35.938 | WARNING  | rahasya.utils.http_client:_request_with_retry:60 - Attempt 3/3 failed for https://support.advancedcustomfields.com/forums/users/jgor280505/: All connection attempts failed
2026-08-14 19:22:35.942 | WARNING  | rahasya.utils.http_client:_request_with_retry:60 - Attempt 3/3 failed for https://atcoder.jp/users/jgor280505: All connection attempts failed
2026-08-14 19:22:36.002 | WARNING  | rahasya.utils.http_client:_request_with_retry:60 - Attempt 3/3 failed for https://35photo.pro/@jgor280505/: All connection attempts failed
2026-08-14 19:22:36.127 | WARNING  | rahasya.utils.http_client:_request_with_retry:60 - Attempt 1/3 failed for https://www.bdsmsingles.com/members/jgor280505/: All connection attempts failed
2026-08-14 19:22:36.127 | WARNING  | rahasya.utils.http_client:_request_with_retry:60 - Attempt 1/3 failed for https://beacons.ai/jgor280505: All connection attempts failed
2026-08-14 19:22:36.127 | WARNING  | rahasya.utils.http_client:_request_with_retry:60 - Attempt 3/3 failed for https://247sports.com/User/jgor280505/: All connection attempts failed
2026-08-14 19:22:36.141 | WARNING  | rahasya.utils.http_client:_request_with_retry:60 - Attempt 1/3 failed for https://www.babyblog.ru/user/jgor280505: All connection attempts failed
2026-08-14 19:22:36.191 | WARNING  | rahasya.utils.http_client:_request_with_retry:60 - Attempt 1/3 failed for https://community.avid.com/members/jgor280505/default.aspx: All connection attempts failed
2026-08-14 19:22:36.192 | WARNING  | rahasya.utils.http_client:_request_with_retry:60 - Attempt 1/3 failed for https://bio.site/jgor280505: All connection attempts failed
2026-08-14 19:22:36.234 | WARNING  | rahasya.utils.http_client:_request_with_retry:60 - Attempt 3/3 failed for https://gitlab.archlinux.org/api/v4/users?username=jgor280505: All connection attempts failed
2026-08-14 19:22:36.234 | WARNING  | rahasya.utils.http_client:_request_with_retry:60 - Attempt 3/3 failed for https://arsmate.com/jgor280505: All connection attempts failed
2026-08-14 19:22:36.317 | WARNING  | rahasya.utils.http_client:_request_with_retry:60 - Attempt 3/3 failed for https://www.7cups.com/@jgor280505: All connection attempts failed
2026-08-14 19:22:36.392 | WARNING  | rahasya.utils.http_client:_request_with_retry:60 - Attempt 1/3 failed for https://jgor280505.bdsmlr.com: All connection attempts failed
2026-08-14 19:22:36.485 | WARNING  | rahasya.utils.http_client:_request_with_retry:60 - Attempt 1/3 failed for https://api.bitchute.com/api/beta/channel: All connection attempts failed
2026-08-14 19:22:36.611 | WARNING  | rahasya.utils.http_client:_request_with_retry:60 - Attempt 1/3 failed for https://www.babepedia.com/user/jgor280505: All connection attempts failed
2026-08-14 19:22:36.611 | WARNING  | rahasya.utils.http_client:_request_with_retry:60 - Attempt 1/3 failed for https://www.bandlab.com/api/v1.3/users/jgor280505: All connection attempts failed
2026-08-14 19:22:36.705 | WARNING  | rahasya.utils.http_client:_request_with_retry:60 - Attempt 1/3 failed for https://audiojungle.net/user/jgor280505: All connection attempts failed
2026-08-14 19:22:36.739 | WARNING  | rahasya.utils.http_client:_request_with_retry:60 - Attempt 1/3 failed for https://www.bigo.tv/user/jgor280505: All connection attempts failed
2026-08-14 19:22:36.797 | WARNING  | rahasya.utils.http_client:_request_with_retry:60 - Attempt 1/3 failed for https://www.blogi.pl/osoba,jgor280505.html: All connection attempts failed
2026-08-14 19:22:36.845 | WARNING  | rahasya.utils.http_client:_request_with_retry:60 - Attempt 1/3 failed for https://bentbox.co/jgor280505: All connection attempts failed
2026-08-14 19:22:36.846 | WARNING  | rahasya.utils.http_client:_request_with_retry:60 - Attempt 1/3 failed for https://bio.link/jgor280505: All connection attempts failed
2026-08-14 19:22:36.846 | WARNING  | rahasya.utils.http_client:_request_with_retry:60 - Attempt 2/3 failed for https://bandcamp.com/jgor280505: All connection attempts failed
2026-08-14 19:22:36.890 | WARNING  | rahasya.utils.http_client:_request_with_retry:60 - Attempt 1/3 failed for https://jgor280505.booth.pm/: All connection attempts failed
2026-08-14 19:22:36.939 | WARNING  | rahasya.utils.http_client:_request_with_retry:60 - Attempt 1/3 failed for https://ask.bimpos.com/user/jgor280505: All connection attempts failed
2026-08-14 19:22:36.999 | WARNING  | rahasya.utils.http_client:_request_with_retry:60 - Attempt 1/3 failed for https://forums.babypips.com/u/jgor280505.json: All connection attempts failed
2026-08-14 19:22:36.999 | WARNING  | rahasya.utils.http_client:_request_with_retry:60 - Attempt 1/3 failed for https://booknode.com/profil/jgor280505: All connection attempts failed
2026-08-14 19:22:37.032 | WARNING  | rahasya.utils.http_client:_request_with_retry:60 - Attempt 1/3 failed for https://bitbucket.org/!api/2.0/repositories/jgor280505?page=1&pagelen=25&sort=-updated_on&q=&fields=-values.owner%2C-values.workspace: All connection attempts failed
2026-08-14 19:22:37.032 | WARNING  | rahasya.utils.http_client:_request_with_retry:60 - Attempt 1/3 failed for https://www.bookcrossing.com/mybookshelf/jgor280505: All connection attempts failed
2026-08-14 19:22:37.088 | WARNING  | rahasya.utils.http_client:_request_with_retry:60 - Attempt 1/3 failed for https://public.api.bsky.app/xrpc/app.bsky.actor.getProfile?actor=jgor280505.bsky.social: All connection attempts failed
2026-08-14 19:22:37.090 | WARNING  | rahasya.utils.http_client:_request_with_retry:60 - Attempt 1/3 failed for https://bugcrowd.com/profile-service/v1/profiles/jgor280505: All connection attempts failed
2026-08-14 19:22:37.124 | WARNING  | rahasya.utils.http_client:_request_with_retry:60 - Attempt 2/3 failed for https://www.bdsmsingles.com/members/jgor280505/: All connection attempts failed
2026-08-14 19:22:37.124 | WARNING  | rahasya.utils.http_client:_request_with_retry:60 - Attempt 2/3 failed for https://beacons.ai/jgor280505: All connection attempts failed
2026-08-14 19:22:37.150 | WARNING  | rahasya.utils.http_client:_request_with_retry:60 - Attempt 2/3 failed for https://www.babyblog.ru/user/jgor280505: All connection attempts failed
2026-08-14 19:22:37.150 | WARNING  | rahasya.utils.http_client:_request_with_retry:60 - Attempt 1/3 failed for https://api.boosty.to/v1/blog/jgor280505: All connection attempts failed
2026-08-14 19:22:37.219 | WARNING  | rahasya.utils.http_client:_request_with_retry:60 - Attempt 2/3 failed for https://community.avid.com/members/jgor280505/default.aspx: All connection attempts failed
2026-08-14 19:22:37.219 | WARNING  | rahasya.utils.http_client:_request_with_retry:60 - Attempt 1/3 failed for https://brickset.com/profile/jgor280505: All connection attempts failed
2026-08-14 19:22:37.219 | WARNING  | rahasya.utils.http_client:_request_with_retry:60 - Attempt 2/3 failed for https://bio.site/jgor280505: All connection attempts failed
2026-08-14 19:22:37.251 | WARNING  | rahasya.utils.http_client:_request_with_retry:60 - Attempt 1/3 failed for https://www.biggerpockets.com/users/jgor280505: All connection attempts failed
2026-08-14 19:22:37.285 | WARNING  | rahasya.utils.http_client:_request_with_retry:60 - Attempt 1/3 failed for https://bsky.app/profile/jgor280505: All connection attempts failed
2026-08-14 19:22:37.298 | WARNING  | rahasya.utils.http_client:_request_with_retry:60 - Attempt 1/3 failed for http://jgor280505.blogspot.com: All connection attempts failed
2026-08-14 19:22:37.410 | WARNING  | rahasya.utils.http_client:_request_with_retry:60 - Attempt 2/3 failed for https://jgor280505.bdsmlr.com: All connection attempts failed
2026-08-14 19:22:37.482 | WARNING  | rahasya.utils.http_client:_request_with_retry:60 - Attempt 2/3 failed for https://api.bitchute.com/api/beta/channel: All connection attempts failed
2026-08-14 19:22:37.612 | WARNING  | rahasya.utils.http_client:_request_with_retry:60 - Attempt 2/3 failed for https://www.bandlab.com/api/v1.3/users/jgor280505: All connection attempts failed
2026-08-14 19:22:37.612 | WARNING  | rahasya.utils.http_client:_request_with_retry:60 - Attempt 2/3 failed for https://www.babepedia.com/user/jgor280505: All connection attempts failed
2026-08-14 19:22:37.690 | WARNING  | rahasya.utils.http_client:_request_with_retry:60 - Attempt 1/3 failed for http://blogmarks.net/user/jgor280505: All connection attempts failed
2026-08-14 19:22:37.693 | WARNING  | rahasya.utils.http_client:_request_with_retry:60 - Attempt 2/3 failed for https://audiojungle.net/user/jgor280505: All connection attempts failed
2026-08-14 19:22:37.753 | WARNING  | rahasya.utils.http_client:_request_with_retry:60 - Attempt 2/3 failed for https://www.bigo.tv/user/jgor280505: All connection attempts failed
2026-08-14 19:22:37.786 | WARNING  | rahasya.utils.http_client:_request_with_retry:60 - Attempt 2/3 failed for https://www.blogi.pl/osoba,jgor280505.html: All connection attempts failed
2026-08-14 19:22:37.834 | WARNING  | rahasya.utils.http_client:_request_with_retry:60 - Attempt 2/3 failed for https://bentbox.co/jgor280505: All connection attempts failed
2026-08-14 19:22:37.834 | WARNING  | rahasya.utils.http_client:_request_with_retry:60 - Attempt 2/3 failed for https://bio.link/jgor280505: All connection attempts failed
2026-08-14 19:22:37.891 | WARNING  | rahasya.utils.http_client:_request_with_retry:60 - Attempt 2/3 failed for https://jgor280505.booth.pm/: All connection attempts failed
2026-08-14 19:22:37.939 | WARNING  | rahasya.utils.http_client:_request_with_retry:60 - Attempt 2/3 failed for https://ask.bimpos.com/user/jgor280505: All connection attempts failed
2026-08-14 19:22:38.001 | WARNING  | rahasya.utils.http_client:_request_with_retry:60 - Attempt 2/3 failed for https://forums.babypips.com/u/jgor280505.json: All connection attempts failed
2026-08-14 19:22:38.001 | WARNING  | rahasya.utils.http_client:_request_with_retry:60 - Attempt 2/3 failed for https://booknode.com/profil/jgor280505: All connection attempts failed
2026-08-14 19:22:38.051 | WARNING  | rahasya.utils.http_client:_request_with_retry:60 - Attempt 1/3 failed for https://api.geekdo.com/api/accounts/validate/username?username=jgor280505: All connection attempts failed
2026-08-14 19:22:38.052 | WARNING  | rahasya.utils.http_client:_request_with_retry:60 - Attempt 2/3 failed for https://www.bookcrossing.com/mybookshelf/jgor280505: All connection attempts failed
2026-08-14 19:22:38.054 | WARNING  | rahasya.utils.http_client:_request_with_retry:60 - Attempt 2/3 failed for https://bitbucket.org/!api/2.0/repositories/jgor280505?page=1&pagelen=25&sort=-updated_on&q=&fields=-values.owner%2C-values.workspace: All connection attempts failed
2026-08-14 19:22:38.093 | WARNING  | rahasya.utils.http_client:_request_with_retry:60 - Attempt 2/3 failed for https://public.api.bsky.app/xrpc/app.bsky.actor.getProfile?actor=jgor280505.bsky.social: All connection attempts failed
2026-08-14 19:22:38.096 | WARNING  | rahasya.utils.http_client:_request_with_retry:60 - Attempt 2/3 failed for https://bugcrowd.com/profile-service/v1/profiles/jgor280505: All connection attempts failed
2026-08-14 19:22:38.159 | WARNING  | rahasya.utils.http_client:_request_with_retry:60 - Attempt 2/3 failed for https://api.boosty.to/v1/blog/jgor280505: All connection attempts failed
2026-08-14 19:22:38.218 | WARNING  | rahasya.utils.http_client:_request_with_retry:60 - Attempt 2/3 failed for https://brickset.com/profile/jgor280505: All connection attempts failed
2026-08-14 19:22:38.258 | WARNING  | rahasya.utils.http_client:_request_with_retry:60 - Attempt 2/3 failed for https://www.biggerpockets.com/users/jgor280505: All connection attempts failed
2026-08-14 19:22:38.308 | WARNING  | rahasya.utils.http_client:_request_with_retry:60 - Attempt 2/3 failed for http://jgor280505.blogspot.com: All connection attempts failed
2026-08-14 19:22:38.308 | WARNING  | rahasya.utils.http_client:_request_with_retry:60 - Attempt 2/3 failed for https://bsky.app/profile/jgor280505: All connection attempts failed
2026-08-14 19:22:38.709 | WARNING  | rahasya.utils.http_client:_request_with_retry:60 - Attempt 2/3 failed for http://blogmarks.net/user/jgor280505: All connection attempts failed
2026-08-14 19:22:38.852 | WARNING  | rahasya.utils.http_client:_request_with_retry:60 - Attempt 3/3 failed for https://bandcamp.com/jgor280505: All connection attempts failed
2026-08-14 19:22:39.067 | WARNING  | rahasya.utils.http_client:_request_with_retry:60 - Attempt 2/3 failed for https://api.geekdo.com/api/accounts/validate/username?username=jgor280505: All connection attempts failed
2026-08-14 19:22:39.121 | WARNING  | rahasya.utils.http_client:_request_with_retry:60 - Attempt 3/3 failed for https://www.bdsmsingles.com/members/jgor280505/: All connection attempts failed
2026-08-14 19:22:39.121 | WARNING  | rahasya.utils.http_client:_request_with_retry:60 - Attempt 3/3 failed for https://beacons.ai/jgor280505: All connection attempts failed
2026-08-14 19:22:39.155 | WARNING  | rahasya.utils.http_client:_request_with_retry:60 - Attempt 3/3 failed for https://www.babyblog.ru/user/jgor280505: All connection attempts failed
2026-08-14 19:22:39.229 | WARNING  | rahasya.utils.http_client:_request_with_retry:60 - Attempt 3/3 failed for https://community.avid.com/members/jgor280505/default.aspx: All connection attempts failed
2026-08-14 19:22:39.230 | WARNING  | rahasya.utils.http_client:_request_with_retry:60 - Attempt 3/3 failed for https://bio.site/jgor280505: All connection attempts failed
2026-08-14 19:22:39.438 | WARNING  | rahasya.utils.http_client:_request_with_retry:60 - Attempt 3/3 failed for https://jgor280505.bdsmlr.com: All connection attempts failed
2026-08-14 19:22:39.502 | WARNING  | rahasya.utils.http_client:_request_with_retry:60 - Attempt 3/3 failed for https://api.bitchute.com/api/beta/channel: All connection attempts failed
2026-08-14 19:22:39.608 | WARNING  | rahasya.utils.http_client:_request_with_retry:60 - Attempt 3/3 failed for https://www.babepedia.com/user/jgor280505: All connection attempts failed
2026-08-14 19:22:39.608 | WARNING  | rahasya.utils.http_client:_request_with_retry:60 - Attempt 3/3 failed for https://www.bandlab.com/api/v1.3/users/jgor280505: All connection attempts failed
2026-08-14 19:22:39.710 | WARNING  | rahasya.utils.http_client:_request_with_retry:60 - Attempt 3/3 failed for https://audiojungle.net/user/jgor280505: All connection attempts failed
2026-08-14 19:22:39.764 | WARNING  | rahasya.utils.http_client:_request_with_retry:60 - Attempt 3/3 failed for https://www.bigo.tv/user/jgor280505: All connection attempts failed
2026-08-14 19:22:39.807 | WARNING  | rahasya.utils.http_client:_request_with_retry:60 - Attempt 3/3 failed for https://www.blogi.pl/osoba,jgor280505.html: All connection attempts failed
2026-08-14 19:22:39.852 | WARNING  | rahasya.utils.http_client:_request_with_retry:60 - Attempt 3/3 failed for https://bentbox.co/jgor280505: All connection attempts failed
2026-08-14 19:22:39.852 | WARNING  | rahasya.utils.http_client:_request_with_retry:60 - Attempt 3/3 failed for https://bio.link/jgor280505: All connection attempts failed
2026-08-14 19:22:39.909 | WARNING  | rahasya.utils.http_client:_request_with_retry:60 - Attempt 3/3 failed for https://jgor280505.booth.pm/: All connection attempts failed
2026-08-14 19:22:39.935 | WARNING  | rahasya.utils.http_client:_request_with_retry:60 - Attempt 3/3 failed for https://ask.bimpos.com/user/jgor280505: All connection attempts failed
2026-08-14 19:22:39.999 | WARNING  | rahasya.utils.http_client:_request_with_retry:60 - Attempt 3/3 failed for https://forums.babypips.com/u/jgor280505.json: All connection attempts failed
2026-08-14 19:22:39.999 | WARNING  | rahasya.utils.http_client:_request_with_retry:60 - Attempt 3/3 failed for https://booknode.com/profil/jgor280505: All connection attempts failed
2026-08-14 19:22:40.050 | WARNING  | rahasya.utils.http_client:_request_with_retry:60 - Attempt 1/3 failed for https://app.buymeacoffee.com/api/v1/check_availability: All connection attempts failed
2026-08-14 19:22:40.050 | WARNING  | rahasya.utils.http_client:_request_with_retry:60 - Attempt 3/3 failed for https://bitbucket.org/!api/2.0/repositories/jgor280505?page=1&pagelen=25&sort=-updated_on&q=&fields=-values.owner%2C-values.workspace: All connection attempts failed
2026-08-14 19:22:40.050 | WARNING  | rahasya.utils.http_client:_request_with_retry:60 - Attempt 3/3 failed for https://www.bookcrossing.com/mybookshelf/jgor280505: All connection attempts failed
2026-08-14 19:22:40.096 | WARNING  | rahasya.utils.http_client:_request_with_retry:60 - Attempt 3/3 failed for https://public.api.bsky.app/xrpc/app.bsky.actor.getProfile?actor=jgor280505.bsky.social: All connection attempts failed
2026-08-14 19:22:40.097 | WARNING  | rahasya.utils.http_client:_request_with_retry:60 - Attempt 3/3 failed for https://bugcrowd.com/profile-service/v1/profiles/jgor280505: All connection attempts failed
2026-08-14 19:22:40.142 | WARNING  | rahasya.utils.http_client:_request_with_retry:60 - Attempt 1/3 failed for https://calendly.com/api/booking/profiles/jgor280505: All connection attempts failed
2026-08-14 19:22:40.174 | WARNING  | rahasya.utils.http_client:_request_with_retry:60 - Attempt 3/3 failed for https://api.boosty.to/v1/blog/jgor280505: All connection attempts failed
2026-08-14 19:22:40.246 | WARNING  | rahasya.utils.http_client:_request_with_retry:60 - Attempt 1/3 failed for https://career.habr.com/jgor280505: All connection attempts failed
2026-08-14 19:22:40.247 | WARNING  | rahasya.utils.http_client:_request_with_retry:60 - Attempt 3/3 failed for https://brickset.com/profile/jgor280505: All connection attempts failed
2026-08-14 19:22:40.266 | WARNING  | rahasya.utils.http_client:_request_with_retry:60 - Attempt 3/3 failed for https://www.biggerpockets.com/users/jgor280505: All connection attempts failed
2026-08-14 19:22:40.315 | WARNING  | rahasya.utils.http_client:_request_with_retry:60 - Attempt 3/3 failed for http://jgor280505.blogspot.com: All connection attempts failed
2026-08-14 19:22:40.315 | WARNING  | rahasya.utils.http_client:_request_with_retry:60 - Attempt 3/3 failed for https://bsky.app/profile/jgor280505: All connection attempts failed
2026-08-14 19:22:40.455 | WARNING  | rahasya.utils.http_client:_request_with_retry:60 - Attempt 1/3 failed for https://community.bunpro.jp/u/jgor280505.json: All connection attempts failed
2026-08-14 19:22:40.456 | WARNING  | rahasya.utils.http_client:_request_with_retry:60 - Attempt 1/3 failed for https://www.buzzfeed.com/jgor280505: All connection attempts failed
2026-08-14 19:22:40.458 | WARNING  | rahasya.utils.http_client:_request_with_retry:60 - Attempt 1/3 failed for https://www.cameo.com/api/v2/users/jgor280505: All connection attempts failed
2026-08-14 19:22:40.502 | WARNING  | rahasya.utils.http_client:_request_with_retry:60 - Attempt 1/3 failed for https://cafecito.app/jgor280505: All connection attempts failed
2026-08-14 19:22:40.692 | WARNING  | rahasya.utils.http_client:_request_with_retry:60 - Attempt 1/3 failed for https://forum.cfx.re/u/jgor280505.json: All connection attempts failed
2026-08-14 19:22:40.716 | WARNING  | rahasya.utils.http_client:_request_with_retry:60 - Attempt 3/3 failed for http://blogmarks.net/user/jgor280505: All connection attempts failed
2026-08-14 19:22:40.753 | WARNING  | rahasya.utils.http_client:_request_with_retry:60 - Attempt 1/3 failed for https://choko.link/jgor280505: All connection attempts failed
2026-08-14 19:22:40.878 | WARNING  | rahasya.utils.http_client:_request_with_retry:60 - Attempt 1/3 failed for https://chomikuj.pl/jgor280505/: All connection attempts failed
2026-08-14 19:22:40.941 | WARNING  | rahasya.utils.http_client:_request_with_retry:60 - Attempt 1/3 failed for https://www.chamsko.pl/profil/jgor280505: All connection attempts failed
2026-08-14 19:22:41.030 | WARNING  | rahasya.utils.http_client:_request_with_retry:60 - Attempt 1/3 failed for https://jgor280505.carbonmade.com/: All connection attempts failed
2026-08-14 19:22:41.065 | WARNING  | rahasya.utils.http_client:_request_with_retry:60 - Attempt 3/3 failed for https://api.geekdo.com/api/accounts/validate/username?username=jgor280505: All connection attempts failed
2026-08-14 19:22:41.066 | WARNING  | rahasya.utils.http_client:_request_with_retry:60 - Attempt 2/3 failed for https://app.buymeacoffee.com/api/v1/check_availability: All connection attempts failed
2026-08-14 19:22:41.135 | WARNING  | rahasya.utils.http_client:_request_with_retry:60 - Attempt 2/3 failed for https://calendly.com/api/booking/profiles/jgor280505: All connection attempts failed
2026-08-14 19:22:41.249 | WARNING  | rahasya.utils.http_client:_request_with_retry:60 - Attempt 2/3 failed for https://career.habr.com/jgor280505: All connection attempts failed
2026-08-14 19:22:41.249 | WARNING  | rahasya.utils.http_client:_request_with_retry:60 - Attempt 1/3 failed for https://jgor280505.carrd.co: All connection attempts failed
2026-08-14 19:22:41.332 | WARNING  | rahasya.utils.http_client:_request_with_retry:60 - Attempt 1/3 failed for https://beta.cent.co/data/user/profile?userHandles=jgor280505: All connection attempts failed
2026-08-14 19:22:41.361 | WARNING  | rahasya.utils.http_client:_request_with_retry:60 - Attempt 1/3 failed for https://www.championat.com/user/jgor280505/: All connection attempts failed
2026-08-14 19:22:41.462 | WARNING  | rahasya.utils.http_client:_request_with_retry:60 - Attempt 2/3 failed for https://community.bunpro.jp/u/jgor280505.json: All connection attempts failed
2026-08-14 19:22:41.466 | WARNING  | rahasya.utils.http_client:_request_with_retry:60 - Attempt 1/3 failed for https://coda.io/@jgor280505/: All connection attempts failed
2026-08-14 19:22:41.467 | WARNING  | rahasya.utils.http_client:_request_with_retry:60 - Attempt 2/3 failed for https://www.buzzfeed.com/jgor280505: All connection attempts failed
2026-08-14 19:22:41.491 | WARNING  | rahasya.utils.http_client:_request_with_retry:60 - Attempt 2/3 failed for https://www.cameo.com/api/v2/users/jgor280505: All connection attempts failed
2026-08-14 19:22:41.495 | WARNING  | rahasya.utils.http_client:_request_with_retry:60 - Attempt 2/3 failed for https://cafecito.app/jgor280505: All connection attempts failed
2026-08-14 19:22:41.554 | WARNING  | rahasya.utils.http_client:_request_with_retry:60 - Attempt 1/3 failed for https://community.chocolatey.org/profiles/jgor280505: All connection attempts failed
2026-08-14 19:22:41.555 | WARNING  | rahasya.utils.http_client:_request_with_retry:60 - Attempt 1/3 failed for https://www.clubhouse.com/@jgor280505: All connection attempts failed
2026-08-14 19:22:41.555 | WARNING  | rahasya.utils.http_client:_request_with_retry:60 - Attempt 1/3 failed for https://www.castingcall.club/jgor280505: All connection attempts failed
2026-08-14 19:22:41.556 | WARNING  | rahasya.utils.http_client:_request_with_retry:60 - Attempt 1/3 failed for https://www.cda.pl/jgor280505: All connection attempts failed
2026-08-14 19:22:41.677 | WARNING  | rahasya.utils.http_client:_request_with_retry:60 - Attempt 1/3 failed for https://www.cnet.com/profiles/jgor280505/: All connection attempts failed
2026-08-14 19:22:41.679 | WARNING  | rahasya.utils.http_client:_request_with_retry:60 - Attempt 2/3 failed for https://forum.cfx.re/u/jgor280505.json: All connection attempts failed
2026-08-14 19:22:41.679 | WARNING  | rahasya.utils.http_client:_request_with_retry:60 - Attempt 1/3 failed for https://api.chess.com/pub/player/jgor280505: All connection attempts failed
2026-08-14 19:22:41.766 | WARNING  | rahasya.utils.http_client:_request_with_retry:60 - Attempt 2/3 failed for https://choko.link/jgor280505: All connection attempts failed
2026-08-14 19:22:41.884 | WARNING  | rahasya.utils.http_client:_request_with_retry:60 - Attempt 2/3 failed for https://chomikuj.pl/jgor280505/: All connection attempts failed
2026-08-14 19:22:41.934 | WARNING  | rahasya.utils.http_client:_request_with_retry:60 - Attempt 2/3 failed for https://www.chamsko.pl/profil/jgor280505: All connection attempts failed
2026-08-14 19:22:41.934 | WARNING  | rahasya.utils.http_client:_request_with_retry:60 - Attempt 1/3 failed for https://chyoa.com/user/jgor280505: All connection attempts failed
2026-08-14 19:22:41.934 | WARNING  | rahasya.utils.http_client:_request_with_retry:60 - Attempt 1/3 failed for https://chaturbate.com/jgor280505/: All connection attempts failed
2026-08-14 19:22:42.007 | WARNING  | rahasya.utils.http_client:_request_with_retry:60 - Attempt 2/3 failed for https://jgor280505.carbonmade.com/: All connection attempts failed
2026-08-14 19:22:42.007 | WARNING  | rahasya.utils.http_client:_request_with_retry:60 - Attempt 1/3 failed for https://cheezburger.com/Editor/jgor280505: All connection attempts failed
2026-08-14 19:22:42.129 | WARNING  | rahasya.utils.http_client:_request_with_retry:60 - Attempt 1/3 failed for https://community.cloudflare.com/u/jgor280505/card.json: All connection attempts failed
2026-08-14 19:22:42.129 | WARNING  | rahasya.utils.http_client:_request_with_retry:60 - Attempt 1/3 failed for https://www.codecademy.com/profiles/jgor280505: All connection attempts failed
2026-08-14 19:22:42.130 | WARNING  | rahasya.utils.http_client:_request_with_retry:60 - Attempt 1/3 failed for https://www.codechef.com/users/jgor280505: All connection attempts failed
2026-08-14 19:22:42.130 | WARNING  | rahasya.utils.http_client:_request_with_retry:60 - Attempt 1/3 failed for https://codeberg.org/api/v1/users/jgor280505: All connection attempts failed
2026-08-14 19:22:42.159 | WARNING  | rahasya.utils.http_client:_request_with_retry:60 - Attempt 1/3 failed for https://jgor280505.chatango.com: All connection attempts failed
2026-08-14 19:22:42.257 | WARNING  | rahasya.utils.http_client:_request_with_retry:60 - Attempt 2/3 failed for https://jgor280505.carrd.co: All connection attempts failed
2026-08-14 19:22:42.343 | WARNING  | rahasya.utils.http_client:_request_with_retry:60 - Attempt 2/3 failed for https://beta.cent.co/data/user/profile?userHandles=jgor280505: All connection attempts failed
2026-08-14 19:22:42.366 | WARNING  | rahasya.utils.http_client:_request_with_retry:60 - Attempt 2/3 failed for https://www.championat.com/user/jgor280505/: All connection attempts failed
2026-08-14 19:22:42.475 | WARNING  | rahasya.utils.http_client:_request_with_retry:60 - Attempt 2/3 failed for https://coda.io/@jgor280505/: All connection attempts failed
2026-08-14 19:22:42.633 | WARNING  | rahasya.utils.http_client:_request_with_retry:60 - Attempt 2/3 failed for https://www.clubhouse.com/@jgor280505: All connection attempts failed
2026-08-14 19:22:42.633 | WARNING  | rahasya.utils.http_client:_request_with_retry:60 - Attempt 2/3 failed for https://community.chocolatey.org/profiles/jgor280505: All connection attempts failed
2026-08-14 19:22:42.633 | WARNING  | rahasya.utils.http_client:_request_with_retry:60 - Attempt 2/3 failed for https://www.castingcall.club/jgor280505: All connection attempts failed
2026-08-14 19:22:42.633 | WARNING  | rahasya.utils.http_client:_request_with_retry:60 - Attempt 2/3 failed for https://www.cda.pl/jgor280505: All connection attempts failed
2026-08-14 19:22:42.686 | WARNING  | rahasya.utils.http_client:_request_with_retry:60 - Attempt 2/3 failed for https://www.cnet.com/profiles/jgor280505/: All connection attempts failed
2026-08-14 19:22:42.690 | WARNING  | rahasya.utils.http_client:_request_with_retry:60 - Attempt 2/3 failed for https://api.chess.com/pub/player/jgor280505: All connection attempts failed
2026-08-14 19:22:42.940 | WARNING  | rahasya.utils.http_client:_request_with_retry:60 - Attempt 2/3 failed for https://chyoa.com/user/jgor280505: All connection attempts failed
2026-08-14 19:22:42.940 | WARNING  | rahasya.utils.http_client:_request_with_retry:60 - Attempt 2/3 failed for https://chaturbate.com/jgor280505/: All connection attempts failed
2026-08-14 19:22:43.023 | WARNING  | rahasya.utils.http_client:_request_with_retry:60 - Attempt 2/3 failed for https://cheezburger.com/Editor/jgor280505: All connection attempts failed
2026-08-14 19:22:43.071 | WARNING  | rahasya.utils.http_client:_request_with_retry:60 - Attempt 3/3 failed for https://app.buymeacoffee.com/api/v1/check_availability: All connection attempts failed
2026-08-14 19:22:43.143 | WARNING  | rahasya.utils.http_client:_request_with_retry:60 - Attempt 2/3 failed for https://codeberg.org/api/v1/users/jgor280505: All connection attempts failed
2026-08-14 19:22:43.143 | WARNING  | rahasya.utils.http_client:_request_with_retry:60 - Attempt 2/3 failed for https://www.codecademy.com/profiles/jgor280505: All connection attempts failed
2026-08-14 19:22:43.143 | WARNING  | rahasya.utils.http_client:_request_with_retry:60 - Attempt 3/3 failed for https://calendly.com/api/booking/profiles/jgor280505: All connection attempts failed
2026-08-14 19:22:43.143 | WARNING  | rahasya.utils.http_client:_request_with_retry:60 - Attempt 2/3 failed for https://jgor280505.chatango.com: All connection attempts failed
2026-08-14 19:22:43.143 | WARNING  | rahasya.utils.http_client:_request_with_retry:60 - Attempt 2/3 failed for https://community.cloudflare.com/u/jgor280505/card.json: All connection attempts failed
2026-08-14 19:22:43.143 | WARNING  | rahasya.utils.http_client:_request_with_retry:60 - Attempt 2/3 failed for https://www.codechef.com/users/jgor280505: All connection attempts failed
2026-08-14 19:22:43.242 | WARNING  | rahasya.utils.http_client:_request_with_retry:60 - Attempt 3/3 failed for https://career.habr.com/jgor280505: All connection attempts failed
2026-08-14 19:22:43.476 | WARNING  | rahasya.utils.http_client:_request_with_retry:60 - Attempt 3/3 failed for https://www.buzzfeed.com/jgor280505: All connection attempts failed
2026-08-14 19:22:43.476 | WARNING  | rahasya.utils.http_client:_request_with_retry:60 - Attempt 3/3 failed for https://www.cameo.com/api/v2/users/jgor280505: All connection attempts failed
2026-08-14 19:22:43.476 | WARNING  | rahasya.utils.http_client:_request_with_retry:60 - Attempt 3/3 failed for https://community.bunpro.jp/u/jgor280505.json: All connection attempts failed
2026-08-14 19:22:43.476 | WARNING  | rahasya.utils.http_client:_request_with_retry:60 - Attempt 3/3 failed for https://cafecito.app/jgor280505: All connection attempts failed
2026-08-14 19:22:43.692 | WARNING  | rahasya.utils.http_client:_request_with_retry:60 - Attempt 3/3 failed for https://forum.cfx.re/u/jgor280505.json: All connection attempts failed
2026-08-14 19:22:43.726 | WARNING  | rahasya.utils.http_client:_request_with_retry:60 - Attempt 1/3 failed for https://codeforces.com/api/user.info?handles=jgor280505: All connection attempts failed
2026-08-14 19:22:43.771 | WARNING  | rahasya.utils.http_client:_request_with_retry:60 - Attempt 3/3 failed for https://choko.link/jgor280505: All connection attempts failed
2026-08-14 19:22:43.887 | WARNING  | rahasya.utils.http_client:_request_with_retry:60 - Attempt 3/3 failed for https://chomikuj.pl/jgor280505/: All connection attempts failed
2026-08-14 19:22:43.944 | WARNING  | rahasya.utils.http_client:_request_with_retry:60 - Attempt 3/3 failed for https://www.chamsko.pl/profil/jgor280505: All connection attempts failed
2026-08-14 19:22:44.011 | WARNING  | rahasya.utils.http_client:_request_with_retry:60 - Attempt 3/3 failed for https://jgor280505.carbonmade.com/: All connection attempts failed
2026-08-14 19:22:44.159 | WARNING  | rahasya.utils.http_client:_request_with_retry:60 - Attempt 1/3 failed for https://www.codementor.io/@jgor280505: All connection attempts failed
2026-08-14 19:22:44.265 | WARNING  | rahasya.utils.http_client:_request_with_retry:60 - Attempt 3/3 failed for https://jgor280505.carrd.co: All connection attempts failed
2026-08-14 19:22:44.349 | WARNING  | rahasya.utils.http_client:_request_with_retry:60 - Attempt 3/3 failed for https://www.championat.com/user/jgor280505/: All connection attempts failed
2026-08-14 19:22:44.349 | WARNING  | rahasya.utils.http_client:_request_with_retry:60 - Attempt 3/3 failed for https://beta.cent.co/data/user/profile?userHandles=jgor280505: All connection attempts failed
2026-08-14 19:22:44.416 | WARNING  | rahasya.utils.http_client:_request_with_retry:60 - Attempt 1/3 failed for https://codesandbox.io/api/v1/users/jgor280505: All connection attempts failed
2026-08-14 19:22:44.416 | WARNING  | rahasya.utils.http_client:_request_with_retry:60 - Attempt 1/3 failed for https://www.colourlovers.com/ajax/check-username-availability: All connection attempts failed
2026-08-14 19:22:44.450 | WARNING  | rahasya.utils.http_client:_request_with_retry:60 - Attempt 1/3 failed for https://json.commudle.com/api/v2/users?username=jgor280505: All connection attempts failed
2026-08-14 19:22:44.483 | WARNING  | rahasya.utils.http_client:_request_with_retry:60 - Attempt 3/3 failed for https://coda.io/@jgor280505/: All connection attempts failed
2026-08-14 19:22:44.600 | WARNING  | rahasya.utils.http_client:_request_with_retry:60 - Attempt 1/3 failed for https://www.coroflot.com/jgor280505: All connection attempts failed
2026-08-14 19:22:44.641 | WARNING  | rahasya.utils.http_client:_request_with_retry:60 - Attempt 3/3 failed for https://www.cda.pl/jgor280505: All connection attempts failed
2026-08-14 19:22:44.641 | WARNING  | rahasya.utils.http_client:_request_with_retry:60 - Attempt 3/3 failed for https://www.clubhouse.com/@jgor280505: All connection attempts failed
2026-08-14 19:22:44.641 | WARNING  | rahasya.utils.http_client:_request_with_retry:60 - Attempt 3/3 failed for https://www.castingcall.club/jgor280505: All connection attempts failed
2026-08-14 19:22:44.641 | WARNING  | rahasya.utils.http_client:_request_with_retry:60 - Attempt 3/3 failed for https://community.chocolatey.org/profiles/jgor280505: All connection attempts failed
2026-08-14 19:22:44.684 | WARNING  | rahasya.utils.http_client:_request_with_retry:60 - Attempt 3/3 failed for https://www.cnet.com/profiles/jgor280505/: All connection attempts failed
2026-08-14 19:22:44.684 | WARNING  | rahasya.utils.http_client:_request_with_retry:60 - Attempt 1/3 failed for https://coderwall.com/jgor280505/: All connection attempts failed
2026-08-14 19:22:44.685 | WARNING  | rahasya.utils.http_client:_request_with_retry:60 - Attempt 3/3 failed for https://api.chess.com/pub/player/jgor280505: All connection attempts failed
2026-08-14 19:22:44.743 | WARNING  | rahasya.utils.http_client:_request_with_retry:60 - Attempt 2/3 failed for https://codeforces.com/api/user.info?handles=jgor280505: All connection attempts failed
2026-08-14 19:22:44.925 | WARNING  | rahasya.utils.http_client:_request_with_retry:60 - Attempt 1/3 failed for https://codepen.io/jgor280505: All connection attempts failed
2026-08-14 19:22:44.926 | WARNING  | rahasya.utils.http_client:_request_with_retry:60 - Attempt 3/3 failed for https://chyoa.com/user/jgor280505: All connection attempts failed
2026-08-14 19:22:44.926 | WARNING  | rahasya.utils.http_client:_request_with_retry:60 - Attempt 3/3 failed for https://chaturbate.com/jgor280505/: All connection attempts failed
2026-08-14 19:22:45.033 | WARNING  | rahasya.utils.http_client:_request_with_retry:60 - Attempt 3/3 failed for https://cheezburger.com/Editor/jgor280505: All connection attempts failed
2026-08-14 19:22:45.050 | WARNING  | rahasya.utils.http_client:_request_with_retry:60 - Attempt 1/3 failed for https://www.cracked.com/members/jgor280505: All connection attempts failed
2026-08-14 19:22:45.135 | WARNING  | rahasya.utils.http_client:_request_with_retry:60 - Attempt 3/3 failed for https://codeberg.org/api/v1/users/jgor280505: All connection attempts failed
2026-08-14 19:22:45.135 | WARNING  | rahasya.utils.http_client:_request_with_retry:60 - Attempt 3/3 failed for https://jgor280505.chatango.com: All connection attempts failed
2026-08-14 19:22:45.135 | WARNING  | rahasya.utils.http_client:_request_with_retry:60 - Attempt 3/3 failed for https://www.codecademy.com/profiles/jgor280505: All connection attempts failed
2026-08-14 19:22:45.135 | WARNING  | rahasya.utils.http_client:_request_with_retry:60 - Attempt 3/3 failed for https://community.cloudflare.com/u/jgor280505/card.json: All connection attempts failed
2026-08-14 19:22:45.135 | WARNING  | rahasya.utils.http_client:_request_with_retry:60 - Attempt 3/3 failed for https://www.codechef.com/users/jgor280505: All connection attempts failed
2026-08-14 19:22:45.135 | WARNING  | rahasya.utils.http_client:_request_with_retry:60 - Attempt 2/3 failed for https://www.codementor.io/@jgor280505: All connection attempts failed
2026-08-14 19:22:45.194 | WARNING  | rahasya.utils.http_client:_request_with_retry:60 - Attempt 1/3 failed for https://www.codewars.com/api/v1/users/jgor280505: All connection attempts failed
2026-08-14 19:22:45.218 | WARNING  | rahasya.utils.http_client:_request_with_retry:60 - Attempt 1/3 failed for https://community.adobe.com/t5/forums/searchpage/tab/user?q=jgor280505: All connection attempts failed
2026-08-14 19:22:45.349 | WARNING  | rahasya.utils.http_client:_request_with_retry:60 - Attempt 1/3 failed for https://crowdin.com/profile/jgor280505: All connection attempts failed
2026-08-14 19:22:45.391 | WARNING  | rahasya.utils.http_client:_request_with_retry:60 - Attempt 1/3 failed for https://api.cropty.io/v1/auth/jgor280505: All connection attempts failed
2026-08-14 19:22:45.434 | WARNING  | rahasya.utils.http_client:_request_with_retry:60 - Attempt 2/3 failed for https://codesandbox.io/api/v1/users/jgor280505: All connection attempts failed
2026-08-14 19:22:45.435 | WARNING  | rahasya.utils.http_client:_request_with_retry:60 - Attempt 2/3 failed for https://json.commudle.com/api/v2/users?username=jgor280505: All connection attempts failed
2026-08-14 19:22:45.436 | WARNING  | rahasya.utils.http_client:_request_with_retry:60 - Attempt 2/3 failed for https://www.colourlovers.com/ajax/check-username-availability: All connection attempts failed
2026-08-14 19:22:45.584 | WARNING  | rahasya.utils.http_client:_request_with_retry:60 - Attempt 1/3 failed for https://cowboys4angels.com/cowboy/jgor280505/: All connection attempts failed
2026-08-14 19:22:45.609 | WARNING  | rahasya.utils.http_client:_request_with_retry:60 - Attempt 2/3 failed for https://www.coroflot.com/jgor280505: All connection attempts failed
2026-08-14 19:22:45.622 | WARNING  | rahasya.utils.http_client:_request_with_retry:60 - Attempt 1/3 failed for https://darudar.org/users/jgor280505/: [Errno 11001] getaddrinfo failed
2026-08-14 19:22:45.690 | WARNING  | rahasya.utils.http_client:_request_with_retry:60 - Attempt 2/3 failed for https://coderwall.com/jgor280505/: All connection attempts failed
2026-08-14 19:22:45.690 | WARNING  | rahasya.utils.http_client:_request_with_retry:60 - Attempt 1/3 failed for https://coub.com/api/v2/channels/jgor280505: All connection attempts failed
2026-08-14 19:22:45.723 | WARNING  | rahasya.utils.http_client:_request_with_retry:60 - Attempt 1/3 failed for https://cytoid.io/profile/jgor280505: All connection attempts failed
2026-08-14 19:22:45.773 | WARNING  | rahasya.utils.http_client:_request_with_retry:60 - Attempt 1/3 failed for https://www.dateinasia.com/jgor280505: All connection attempts failed
2026-08-14 19:22:45.869 | WARNING  | rahasya.utils.http_client:_request_with_retry:60 - Attempt 1/3 failed for https://www.deviantart.com/jgor280505: All connection attempts failed
2026-08-14 19:22:45.949 | WARNING  | rahasya.utils.http_client:_request_with_retry:60 - Attempt 2/3 failed for https://codepen.io/jgor280505: All connection attempts failed
2026-08-14 19:22:46.000 | WARNING  | rahasya.utils.http_client:_request_with_retry:60 - Attempt 1/3 failed for https://www.datezone.com/users/jgor280505/: All connection attempts failed
2026-08-14 19:22:46.045 | WARNING  | rahasya.utils.http_client:_request_with_retry:60 - Attempt 1/3 failed for https://api.destream.net/siteapi/v2/live/details/jgor280505: All connection attempts failed
2026-08-14 19:22:46.059 | WARNING  | rahasya.utils.http_client:_request_with_retry:60 - Attempt 1/3 failed for https://jgor280505.crevado.com/: All connection attempts failed
2026-08-14 19:22:46.061 | WARNING  | rahasya.utils.http_client:_request_with_retry:60 - Attempt 2/3 failed for https://www.cracked.com/members/jgor280505: All connection attempts failed
2026-08-14 19:22:46.109 | WARNING  | rahasya.utils.http_client:_request_with_retry:60 - Attempt 1/3 failed for https://www.dailykos.com/user/jgor280505: All connection attempts failed
2026-08-14 19:22:46.109 | WARNING  | rahasya.utils.http_client:_request_with_retry:60 - Attempt 1/3 failed for https://www.designspiration.com/jgor280505/: All connection attempts failed
2026-08-14 19:22:46.209 | WARNING  | rahasya.utils.http_client:_request_with_retry:60 - Attempt 2/3 failed for https://www.codewars.com/api/v1/users/jgor280505: All connection attempts failed
2026-08-14 19:22:46.209 | WARNING  | rahasya.utils.http_client:_request_with_retry:60 - Attempt 1/3 failed for https://cults3d.com/en/users/jgor280505/creations: All connection attempts failed
2026-08-14 19:22:46.212 | WARNING  | rahasya.utils.http_client:_request_with_retry:60 - Attempt 2/3 failed for https://community.adobe.com/t5/forums/searchpage/tab/user?q=jgor280505: All connection attempts failed
2026-08-14 19:22:46.299 | WARNING  | rahasya.utils.http_client:_request_with_retry:60 - Attempt 1/3 failed for https://dev.to/api/users/by_username?url=jgor280505: All connection attempts failed
2026-08-14 19:22:46.333 | WARNING  | rahasya.utils.http_client:_request_with_retry:60 - Attempt 1/3 failed for https://dating.ru/jgor280505/: All connection attempts failed
2026-08-14 19:22:46.334 | WARNING  | rahasya.utils.http_client:_request_with_retry:60 - Attempt 1/3 failed for https://demotywatory.pl/user/jgor280505: All connection attempts failed
2026-08-14 19:22:46.366 | WARNING  | rahasya.utils.http_client:_request_with_retry:60 - Attempt 2/3 failed for https://crowdin.com/profile/jgor280505: All connection attempts failed
2026-08-14 19:22:46.402 | WARNING  | rahasya.utils.http_client:_request_with_retry:60 - Attempt 2/3 failed for https://api.cropty.io/v1/auth/jgor280505: All connection attempts failed
2026-08-14 19:22:46.402 | WARNING  | rahasya.utils.http_client:_request_with_retry:60 - Attempt 1/3 failed for https://www.depop.com/jgor280505/: All connection attempts failed
2026-08-14 19:22:46.589 | WARNING  | rahasya.utils.http_client:_request_with_retry:60 - Attempt 2/3 failed for https://cowboys4angels.com/cowboy/jgor280505/: All connection attempts failed
2026-08-14 19:22:46.623 | WARNING  | rahasya.utils.http_client:_request_with_retry:60 - Attempt 2/3 failed for https://darudar.org/users/jgor280505/: [Errno 11001] getaddrinfo failed
2026-08-14 19:22:46.689 | WARNING  | rahasya.utils.http_client:_request_with_retry:60 - Attempt 2/3 failed for https://coub.com/api/v2/channels/jgor280505: All connection attempts failed
2026-08-14 19:22:46.716 | WARNING  | rahasya.utils.http_client:_request_with_retry:60 - Attempt 1/3 failed for https://www.destructoid.com/?name=jgor280505: All connection attempts failed
2026-08-14 19:22:46.742 | WARNING  | rahasya.utils.http_client:_request_with_retry:60 - Attempt 3/3 failed for https://codeforces.com/api/user.info?handles=jgor280505: All connection attempts failed
2026-08-14 19:22:46.742 | WARNING  | rahasya.utils.http_client:_request_with_retry:60 - Attempt 2/3 failed for https://cytoid.io/profile/jgor280505: All connection attempts failed
2026-08-14 19:22:46.781 | WARNING  | rahasya.utils.http_client:_request_with_retry:60 - Attempt 2/3 failed for https://www.dateinasia.com/jgor280505: All connection attempts failed
2026-08-14 19:22:46.856 | WARNING  | rahasya.utils.http_client:_request_with_retry:60 - Attempt 2/3 failed for https://www.deviantart.com/jgor280505: All connection attempts failed
2026-08-14 19:22:47.004 | WARNING  | rahasya.utils.http_client:_request_with_retry:60 - Attempt 2/3 failed for https://www.datezone.com/users/jgor280505/: All connection attempts failed
2026-08-14 19:22:47.040 | WARNING  | rahasya.utils.http_client:_request_with_retry:60 - Attempt 2/3 failed for https://api.destream.net/siteapi/v2/live/details/jgor280505: All connection attempts failed
2026-08-14 19:22:47.066 | WARNING  | rahasya.utils.http_client:_request_with_retry:60 - Attempt 2/3 failed for https://jgor280505.crevado.com/: All connection attempts failed
2026-08-14 19:22:47.110 | WARNING  | rahasya.utils.http_client:_request_with_retry:60 - Attempt 2/3 failed for https://www.dailykos.com/user/jgor280505: All connection attempts failed
2026-08-14 19:22:47.110 | WARNING  | rahasya.utils.http_client:_request_with_retry:60 - Attempt 2/3 failed for https://www.designspiration.com/jgor280505/: All connection attempts failed
2026-08-14 19:22:47.158 | WARNING  | rahasya.utils.http_client:_request_with_retry:60 - Attempt 3/3 failed for https://www.codementor.io/@jgor280505: All connection attempts failed
2026-08-14 19:22:47.223 | WARNING  | rahasya.utils.http_client:_request_with_retry:60 - Attempt 2/3 failed for https://cults3d.com/en/users/jgor280505/creations: All connection attempts failed
2026-08-14 19:22:47.300 | WARNING  | rahasya.utils.http_client:_request_with_retry:60 - Attempt 2/3 failed for https://dev.to/api/users/by_username?url=jgor280505: All connection attempts failed
2026-08-14 19:22:47.334 | WARNING  | rahasya.utils.http_client:_request_with_retry:60 - Attempt 2/3 failed for https://dating.ru/jgor280505/: All connection attempts failed
2026-08-14 19:22:47.335 | WARNING  | rahasya.utils.http_client:_request_with_retry:60 - Attempt 2/3 failed for https://demotywatory.pl/user/jgor280505: All connection attempts failed
2026-08-14 19:22:47.408 | WARNING  | rahasya.utils.http_client:_request_with_retry:60 - Attempt 2/3 failed for https://www.depop.com/jgor280505/: All connection attempts failed
2026-08-14 19:22:47.451 | WARNING  | rahasya.utils.http_client:_request_with_retry:60 - Attempt 3/3 failed for https://codesandbox.io/api/v1/users/jgor280505: All connection attempts failed
2026-08-14 19:22:47.452 | WARNING  | rahasya.utils.http_client:_request_with_retry:60 - Attempt 3/3 failed for https://json.commudle.com/api/v2/users?username=jgor280505: All connection attempts failed
2026-08-14 19:22:47.452 | WARNING  | rahasya.utils.http_client:_request_with_retry:60 - Attempt 3/3 failed for https://www.colourlovers.com/ajax/check-username-availability: All connection attempts failed
2026-08-14 19:22:47.614 | WARNING  | rahasya.utils.http_client:_request_with_retry:60 - Attempt 3/3 failed for https://www.coroflot.com/jgor280505: All connection attempts failed
2026-08-14 19:22:47.690 | WARNING  | rahasya.utils.http_client:_request_with_retry:60 - Attempt 3/3 failed for https://coderwall.com/jgor280505/: All connection attempts failed
2026-08-14 19:22:47.723 | WARNING  | rahasya.utils.http_client:_request_with_retry:60 - Attempt 2/3 failed for https://www.destructoid.com/?name=jgor280505: All connection attempts failed
2026-08-14 19:22:47.956 | WARNING  | rahasya.utils.http_client:_request_with_retry:60 - Attempt 3/3 failed for https://codepen.io/jgor280505: All connection attempts failed
2026-08-14 19:22:48.064 | WARNING  | rahasya.utils.http_client:_request_with_retry:60 - Attempt 3/3 failed for https://www.cracked.com/members/jgor280505: All connection attempts failed
2026-08-14 19:22:48.214 | WARNING  | rahasya.utils.http_client:_request_with_retry:60 - Attempt 3/3 failed for https://www.codewars.com/api/v1/users/jgor280505: All connection attempts failed
2026-08-14 19:22:48.214 | WARNING  | rahasya.utils.http_client:_request_with_retry:60 - Attempt 1/3 failed for https://diablo2.io/member/jgor280505/: All connection attempts failed
2026-08-14 19:22:48.214 | WARNING  | rahasya.utils.http_client:_request_with_retry:60 - Attempt 3/3 failed for https://community.adobe.com/t5/forums/searchpage/tab/user?q=jgor280505: All connection attempts failed
2026-08-14 19:22:48.366 | WARNING  | rahasya.utils.http_client:_request_with_retry:60 - Attempt 1/3 failed for https://forums.digitalspy.com/profile/discussions/jgor280505: All connection attempts failed
2026-08-14 19:22:48.366 | WARNING  | rahasya.utils.http_client:_request_with_retry:60 - Attempt 3/3 failed for https://crowdin.com/profile/jgor280505: All connection attempts failed
2026-08-14 19:22:48.402 | WARNING  | rahasya.utils.http_client:_request_with_retry:60 - Attempt 1/3 failed for https://devrant.com/api/get-user-id?app=3&username=jgor280505: All connection attempts failed
2026-08-14 19:22:48.402 | WARNING  | rahasya.utils.http_client:_request_with_retry:60 - Attempt 3/3 failed for https://api.cropty.io/v1/auth/jgor280505: All connection attempts failed
2026-08-14 19:22:48.589 | WARNING  | rahasya.utils.http_client:_request_with_retry:60 - Attempt 3/3 failed for https://cowboys4angels.com/cowboy/jgor280505/: All connection attempts failed
2026-08-14 19:22:48.640 | WARNING  | rahasya.utils.http_client:_request_with_retry:60 - Attempt 3/3 failed for https://darudar.org/users/jgor280505/: [Errno 11001] getaddrinfo failed
2026-08-14 19:22:48.699 | WARNING  | rahasya.utils.http_client:_request_with_retry:60 - Attempt 3/3 failed for https://coub.com/api/v2/channels/jgor280505: All connection attempts failed
2026-08-14 19:22:48.745 | WARNING  | rahasya.utils.http_client:_request_with_retry:60 - Attempt 3/3 failed for https://cytoid.io/profile/jgor280505: All connection attempts failed
2026-08-14 19:22:48.767 | WARNING  | rahasya.utils.http_client:_request_with_retry:60 - Attempt 3/3 failed for https://www.dateinasia.com/jgor280505: All connection attempts failed
2026-08-14 19:22:48.858 | WARNING  | rahasya.utils.http_client:_request_with_retry:60 - Attempt 3/3 failed for https://www.deviantart.com/jgor280505: All connection attempts failed
2026-08-14 19:22:48.949 | WARNING  | rahasya.utils.http_client:_request_with_retry:60 - Attempt 1/3 failed for https://www.dfgames.com.br/user/jgor280505: All connection attempts failed
2026-08-14 19:22:48.949 | WARNING  | rahasya.utils.http_client:_request_with_retry:60 - Attempt 1/3 failed for https://discord.com/api/v9/invites/jgor280505?with_counts=true&with_expiration=true: All connection attempts failed
2026-08-14 19:22:49.023 | WARNING  | rahasya.utils.http_client:_request_with_retry:60 - Attempt 3/3 failed for https://www.datezone.com/users/jgor280505/: All connection attempts failed
2026-08-14 19:22:49.041 | WARNING  | rahasya.utils.http_client:_request_with_retry:60 - Attempt 1/3 failed for https://www.dibiz.com/jgor280505: All connection attempts failed
2026-08-14 19:22:49.042 | WARNING  | rahasya.utils.http_client:_request_with_retry:60 - Attempt 3/3 failed for https://api.destream.net/siteapi/v2/live/details/jgor280505: All connection attempts failed
2026-08-14 19:22:49.076 | WARNING  | rahasya.utils.http_client:_request_with_retry:60 - Attempt 1/3 failed for https://discuss.elastic.co/u/jgor280505: All connection attempts failed
2026-08-14 19:22:49.076 | WARNING  | rahasya.utils.http_client:_request_with_retry:60 - Attempt 3/3 failed for https://jgor280505.crevado.com/: All connection attempts failed
2026-08-14 19:22:49.108 | WARNING  | rahasya.utils.http_client:_request_with_retry:60 - Attempt 3/3 failed for https://www.dailykos.com/user/jgor280505: All connection attempts failed
2026-08-14 19:22:49.108 | WARNING  | rahasya.utils.http_client:_request_with_retry:60 - Attempt 3/3 failed for https://www.designspiration.com/jgor280505/: All connection attempts failed
2026-08-14 19:22:49.163 | WARNING  | rahasya.utils.http_client:_request_with_retry:60 - Attempt 1/3 failed for https://dissenter.com/user/jgor280505: All connection attempts failed
2026-08-14 19:22:49.237 | WARNING  | rahasya.utils.http_client:_request_with_retry:60 - Attempt 3/3 failed for https://cults3d.com/en/users/jgor280505/creations: All connection attempts failed
2026-08-14 19:22:49.237 | WARNING  | rahasya.utils.http_client:_request_with_retry:60 - Attempt 2/3 failed for https://diablo2.io/member/jgor280505/: All connection attempts failed
2026-08-14 19:22:49.317 | WARNING  | rahasya.utils.http_client:_request_with_retry:60 - Attempt 3/3 failed for https://dev.to/api/users/by_username?url=jgor280505: All connection attempts failed
2026-08-14 19:22:49.318 | WARNING  | rahasya.utils.http_client:_request_with_retry:60 - Attempt 1/3 failed for https://discord.com/api/v9/unique-username/username-attempt-unauthed: All connection attempts failed
2026-08-14 19:22:49.330 | WARNING  | rahasya.utils.http_client:_request_with_retry:60 - Attempt 1/3 failed for https://hub.docker.com/v2/users/jgor280505/: All connection attempts failed
2026-08-14 19:22:49.346 | WARNING  | rahasya.utils.http_client:_request_with_retry:60 - Attempt 3/3 failed for https://dating.ru/jgor280505/: All connection attempts failed
2026-08-14 19:22:49.351 | WARNING  | rahasya.utils.http_client:_request_with_retry:60 - Attempt 3/3 failed for https://demotywatory.pl/user/jgor280505: All connection attempts failed
2026-08-14 19:22:49.351 | WARNING  | rahasya.utils.http_client:_request_with_retry:60 - Attempt 1/3 failed for https://disqus.com/api/3.0/users/details?user=username:jgor280505&api_key=E8Uh5l5fHZ6gD8U3KycjAIAk46f68Zw7C6eW8WSjZvCLXebZ7p0r1yrYDrLilk2F: All connection attempts failed
2026-08-14 19:22:49.362 | WARNING  | rahasya.utils.http_client:_request_with_retry:60 - Attempt 2/3 failed for https://forums.digitalspy.com/profile/discussions/jgor280505: All connection attempts failed
2026-08-14 19:22:49.410 | WARNING  | rahasya.utils.http_client:_request_with_retry:60 - Attempt 2/3 failed for https://devrant.com/api/get-user-id?app=3&username=jgor280505: All connection attempts failed
2026-08-14 19:22:49.410 | WARNING  | rahasya.utils.http_client:_request_with_retry:60 - Attempt 3/3 failed for https://www.depop.com/jgor280505/: All connection attempts failed
2026-08-14 19:22:49.410 | WARNING  | rahasya.utils.http_client:_request_with_retry:60 - Attempt 1/3 failed for https://api.discogs.com/users/jgor280505: All connection attempts failed
2026-08-14 19:22:49.686 | WARNING  | rahasya.utils.http_client:_request_with_retry:60 - Attempt 1/3 failed for https://www.diigo.com/interact_api/load_profile_info?name=jgor280505: All connection attempts failed
2026-08-14 19:22:49.686 | WARNING  | rahasya.utils.http_client:_request_with_retry:60 - Attempt 1/3 failed for https://hub.docker.com/v2/orgs/jgor280505/: All connection attempts failed
2026-08-14 19:22:49.742 | WARNING  | rahasya.utils.http_client:_request_with_retry:60 - Attempt 3/3 failed for https://www.destructoid.com/?name=jgor280505: All connection attempts failed
2026-08-14 19:22:49.778 | WARNING  | rahasya.utils.http_client:_request_with_retry:60 - Attempt 1/3 failed for https://donatello.to/jgor280505: All connection attempts failed
2026-08-14 19:22:49.852 | WARNING  | rahasya.utils.http_client:_request_with_retry:60 - Attempt 1/3 failed for https://meta.discourse.org/u/jgor280505/summary.json: All connection attempts failed
2026-08-14 19:22:49.958 | WARNING  | rahasya.utils.http_client:_request_with_retry:60 - Attempt 2/3 failed for https://www.dfgames.com.br/user/jgor280505: All connection attempts failed
2026-08-14 19:22:49.959 | WARNING  | rahasya.utils.http_client:_request_with_retry:60 - Attempt 2/3 failed for https://discord.com/api/v9/invites/jgor280505?with_counts=true&with_expiration=true: All connection attempts failed
2026-08-14 19:22:49.990 | WARNING  | rahasya.utils.http_client:_request_with_retry:60 - Attempt 1/3 failed for https://donate.stream/api/v1/streamer.get?path=jgor280505&app=9f4e793cec820015d511dbc77b20c5c1: All connection attempts failed
2026-08-14 19:22:50.060 | WARNING  | rahasya.utils.http_client:_request_with_retry:60 - Attempt 2/3 failed for https://www.dibiz.com/jgor280505: All connection attempts failed
2026-08-14 19:22:50.060 | WARNING  | rahasya.utils.http_client:_request_with_retry:60 - Attempt 2/3 failed for https://discuss.elastic.co/u/jgor280505: All connection attempts failed
2026-08-14 19:22:50.113 | WARNING  | rahasya.utils.http_client:_request_with_retry:60 - Attempt 1/3 failed for https://api.donatty.com/users/find/jgor280505: All connection attempts failed
2026-08-14 19:22:50.116 | WARNING  | rahasya.utils.http_client:_request_with_retry:60 - Attempt 1/3 failed for https://dota2.ru/forum/search/?type=user&keywords=jgor280505&sort_by=username: All connection attempts failed
2026-08-14 19:22:50.181 | WARNING  | rahasya.utils.http_client:_request_with_retry:60 - Attempt 2/3 failed for https://dissenter.com/user/jgor280505: All connection attempts failed
2026-08-14 19:22:50.330 | WARNING  | rahasya.utils.http_client:_request_with_retry:60 - Attempt 2/3 failed for https://hub.docker.com/v2/users/jgor280505/: All connection attempts failed
2026-08-14 19:22:50.334 | WARNING  | rahasya.utils.http_client:_request_with_retry:60 - Attempt 2/3 failed for https://discord.com/api/v9/unique-username/username-attempt-unauthed: All connection attempts failed
2026-08-14 19:22:50.362 | WARNING  | rahasya.utils.http_client:_request_with_retry:60 - Attempt 1/3 failed for https://dojoverse.com/members/jgor280505/: All connection attempts failed
2026-08-14 19:22:50.362 | WARNING  | rahasya.utils.http_client:_request_with_retry:60 - Attempt 2/3 failed for https://disqus.com/api/3.0/users/details?user=username:jgor280505&api_key=E8Uh5l5fHZ6gD8U3KycjAIAk46f68Zw7C6eW8WSjZvCLXebZ7p0r1yrYDrLilk2F: All connection attempts failed
2026-08-14 19:22:50.429 | WARNING  | rahasya.utils.http_client:_request_with_retry:60 - Attempt 1/3 failed for https://www.dotafire.com/ajax/searchSite?text=jgor280505&search=members: All connection attempts failed
2026-08-14 19:22:50.429 | WARNING  | rahasya.utils.http_client:_request_with_retry:60 - Attempt 2/3 failed for https://api.discogs.com/users/jgor280505: All connection attempts failed
2026-08-14 19:22:50.429 | WARNING  | rahasya.utils.http_client:_request_with_retry:60 - Attempt 1/3 failed for https://droners.io/accounts/jgor280505/: All connection attempts failed
2026-08-14 19:22:50.528 | WARNING  | rahasya.utils.http_client:_request_with_retry:60 - Attempt 1/3 failed for https://www.donationalerts.com/api/v1/user/jgor280505/donationpagesettings: All connection attempts failed
2026-08-14 19:22:50.528 | WARNING  | rahasya.utils.http_client:_request_with_retry:60 - Attempt 1/3 failed for https://www.drive2.ru/users/jgor280505/: All connection attempts failed
2026-08-14 19:22:50.531 | WARNING  | rahasya.utils.http_client:_request_with_retry:60 - Attempt 1/3 failed for https://jgor280505.donatik.io/en: All connection attempts failed
2026-08-14 19:22:50.624 | WARNING  | rahasya.utils.http_client:_request_with_retry:60 - Attempt 1/3 failed for https://dribbble.com/jgor280505: All connection attempts failed
2026-08-14 19:22:50.666 | WARNING  | rahasya.utils.http_client:_request_with_retry:60 - Attempt 1/3 failed for https://dou.ua/users/jgor280505/: All connection attempts failed
2026-08-14 19:22:50.683 | WARNING  | rahasya.utils.http_client:_request_with_retry:60 - Attempt 2/3 failed for https://www.diigo.com/interact_api/load_profile_info?name=jgor280505: All connection attempts failed
2026-08-14 19:22:50.683 | WARNING  | rahasya.utils.http_client:_request_with_retry:60 - Attempt 2/3 failed for https://hub.docker.com/v2/orgs/jgor280505/: All connection attempts failed
2026-08-14 19:22:50.783 | WARNING  | rahasya.utils.http_client:_request_with_retry:60 - Attempt 2/3 failed for https://donatello.to/jgor280505: All connection attempts failed
2026-08-14 19:22:50.841 | WARNING  | rahasya.utils.http_client:_request_with_retry:60 - Attempt 1/3 failed for https://dot.cards/jgor280505: All connection attempts failed
2026-08-14 19:22:50.865 | WARNING  | rahasya.utils.http_client:_request_with_retry:60 - Attempt 2/3 failed for https://meta.discourse.org/u/jgor280505/summary.json: All connection attempts failed
2026-08-14 19:22:50.993 | WARNING  | rahasya.utils.http_client:_request_with_retry:60 - Attempt 2/3 failed for https://donate.stream/api/v1/streamer.get?path=jgor280505&app=9f4e793cec820015d511dbc77b20c5c1: All connection attempts failed
2026-08-14 19:22:51.040 | WARNING  | rahasya.utils.http_client:_request_with_retry:60 - Attempt 1/3 failed for https://www.duolingo.com/2017-06-30/users?username=jgor280505&_=1628308619574: All connection attempts failed
2026-08-14 19:22:51.125 | WARNING  | rahasya.utils.http_client:_request_with_retry:60 - Attempt 2/3 failed for https://dota2.ru/forum/search/?type=user&keywords=jgor280505&sort_by=username: All connection attempts failed
2026-08-14 19:22:51.125 | WARNING  | rahasya.utils.http_client:_request_with_retry:60 - Attempt 2/3 failed for https://api.donatty.com/users/find/jgor280505: All connection attempts failed
2026-08-14 19:22:51.241 | WARNING  | rahasya.utils.http_client:_request_with_retry:60 - Attempt 3/3 failed for https://diablo2.io/member/jgor280505/: All connection attempts failed
2026-08-14 19:22:51.316 | WARNING  | rahasya.utils.http_client:_request_with_retry:60 - Attempt 1/3 failed for https://easyen.ru/index/8-0-jgor280505: All connection attempts failed
2026-08-14 19:22:51.367 | WARNING  | rahasya.utils.http_client:_request_with_retry:60 - Attempt 2/3 failed for https://dojoverse.com/members/jgor280505/: All connection attempts failed
2026-08-14 19:22:51.367 | WARNING  | rahasya.utils.http_client:_request_with_retry:60 - Attempt 3/3 failed for https://forums.digitalspy.com/profile/discussions/jgor280505: All connection attempts failed
2026-08-14 19:22:51.423 | WARNING  | rahasya.utils.http_client:_request_with_retry:60 - Attempt 3/3 failed for https://devrant.com/api/get-user-id?app=3&username=jgor280505: All connection attempts failed
2026-08-14 19:22:51.449 | WARNING  | rahasya.utils.http_client:_request_with_retry:60 - Attempt 2/3 failed for https://www.dotafire.com/ajax/searchSite?text=jgor280505&search=members: All connection attempts failed
2026-08-14 19:22:51.449 | WARNING  | rahasya.utils.http_client:_request_with_retry:60 - Attempt 2/3 failed for https://droners.io/accounts/jgor280505/: All connection attempts failed
2026-08-14 19:22:51.524 | WARNING  | rahasya.utils.http_client:_request_with_retry:60 - Attempt 2/3 failed for https://www.donationalerts.com/api/v1/user/jgor280505/donationpagesettings: All connection attempts failed
2026-08-14 19:22:51.524 | WARNING  | rahasya.utils.http_client:_request_with_retry:60 - Attempt 2/3 failed for https://www.drive2.ru/users/jgor280505/: All connection attempts failed
2026-08-14 19:22:51.524 | WARNING  | rahasya.utils.http_client:_request_with_retry:60 - Attempt 2/3 failed for https://jgor280505.donatik.io/en: All connection attempts failed
2026-08-14 19:22:51.624 | WARNING  | rahasya.utils.http_client:_request_with_retry:60 - Attempt 2/3 failed for https://dribbble.com/jgor280505: All connection attempts failed
2026-08-14 19:22:51.671 | WARNING  | rahasya.utils.http_client:_request_with_retry:60 - Attempt 2/3 failed for https://dou.ua/users/jgor280505/: All connection attempts failed
2026-08-14 19:22:51.837 | WARNING  | rahasya.utils.http_client:_request_with_retry:60 - Attempt 2/3 failed for https://dot.cards/jgor280505: All connection attempts failed
2026-08-14 19:22:51.963 | WARNING  | rahasya.utils.http_client:_request_with_retry:60 - Attempt 3/3 failed for https://www.dfgames.com.br/user/jgor280505: All connection attempts failed
2026-08-14 19:22:51.963 | WARNING  | rahasya.utils.http_client:_request_with_retry:60 - Attempt 3/3 failed for https://discord.com/api/v9/invites/jgor280505?with_counts=true&with_expiration=true: All connection attempts failed
2026-08-14 19:22:52.055 | WARNING  | rahasya.utils.http_client:_request_with_retry:60 - Attempt 3/3 failed for https://discuss.elastic.co/u/jgor280505: All connection attempts failed
2026-08-14 19:22:52.055 | WARNING  | rahasya.utils.http_client:_request_with_retry:60 - Attempt 2/3 failed for https://www.duolingo.com/2017-06-30/users?username=jgor280505&_=1628308619574: All connection attempts failed
2026-08-14 19:22:52.055 | WARNING  | rahasya.utils.http_client:_request_with_retry:60 - Attempt 3/3 failed for https://www.dibiz.com/jgor280505: All connection attempts failed
2026-08-14 19:22:52.188 | WARNING  | rahasya.utils.http_client:_request_with_retry:60 - Attempt 3/3 failed for https://dissenter.com/user/jgor280505: All connection attempts failed
2026-08-14 19:22:52.324 | WARNING  | rahasya.utils.http_client:_request_with_retry:60 - Attempt 2/3 failed for https://easyen.ru/index/8-0-jgor280505: All connection attempts failed
2026-08-14 19:22:52.324 | WARNING  | rahasya.utils.http_client:_request_with_retry:60 - Attempt 3/3 failed for https://hub.docker.com/v2/users/jgor280505/: All connection attempts failed
2026-08-14 19:22:52.348 | WARNING  | rahasya.utils.http_client:_request_with_retry:60 - Attempt 3/3 failed for https://discord.com/api/v9/unique-username/username-attempt-unauthed: All connection attempts failed
2026-08-14 19:22:52.348 | WARNING  | rahasya.utils.http_client:_request_with_retry:60 - Attempt 3/3 failed for https://disqus.com/api/3.0/users/details?user=username:jgor280505&api_key=E8Uh5l5fHZ6gD8U3KycjAIAk46f68Zw7C6eW8WSjZvCLXebZ7p0r1yrYDrLilk2F: All connection attempts failed
2026-08-14 19:22:52.447 | WARNING  | rahasya.utils.http_client:_request_with_retry:60 - Attempt 3/3 failed for https://api.discogs.com/users/jgor280505: All connection attempts failed
2026-08-14 19:22:52.565 | WARNING  | rahasya.utils.http_client:_request_with_retry:60 - Attempt 1/3 failed for https://www.eporner.com/xhr/check/: All connection attempts failed
2026-08-14 19:22:52.613 | WARNING  | rahasya.utils.http_client:_request_with_retry:60 - Attempt 1/3 failed for https://www.ebay.com/str/jgor280505: All connection attempts failed
2026-08-14 19:22:52.688 | WARNING  | rahasya.utils.http_client:_request_with_retry:60 - Attempt 3/3 failed for https://www.diigo.com/interact_api/load_profile_info?name=jgor280505: All connection attempts failed
2026-08-14 19:22:52.688 | WARNING  | rahasya.utils.http_client:_request_with_retry:60 - Attempt 1/3 failed for https://www.engadget.com/about/editors/jgor280505/: All connection attempts failed
2026-08-14 19:22:52.705 | WARNING  | rahasya.utils.http_client:_request_with_retry:60 - Attempt 3/3 failed for https://hub.docker.com/v2/orgs/jgor280505/: All connection attempts failed
2026-08-14 19:22:52.792 | WARNING  | rahasya.utils.http_client:_request_with_retry:60 - Attempt 3/3 failed for https://donatello.to/jgor280505: All connection attempts failed
2026-08-14 19:22:52.792 | WARNING  | rahasya.utils.http_client:_request_with_retry:60 - Attempt 1/3 failed for https://www.ebay.com/usr/jgor280505: All connection attempts failed
2026-08-14 19:22:52.871 | WARNING  | rahasya.utils.http_client:_request_with_retry:60 - Attempt 1/3 failed for https://www.etsy.com/people/jgor280505: All connection attempts failed
2026-08-14 19:22:52.871 | WARNING  | rahasya.utils.http_client:_request_with_retry:60 - Attempt 3/3 failed for https://meta.discourse.org/u/jgor280505/summary.json: All connection attempts failed
2026-08-14 19:22:53.006 | WARNING  | rahasya.utils.http_client:_request_with_retry:60 - Attempt 3/3 failed for https://donate.stream/api/v1/streamer.get?path=jgor280505&app=9f4e793cec820015d511dbc77b20c5c1: All connection attempts failed
2026-08-14 19:22:53.115 | WARNING  | rahasya.utils.http_client:_request_with_retry:60 - Attempt 3/3 failed for https://dota2.ru/forum/search/?type=user&keywords=jgor280505&sort_by=username: All connection attempts failed
2026-08-14 19:22:53.115 | WARNING  | rahasya.utils.http_client:_request_with_retry:60 - Attempt 3/3 failed for https://api.donatty.com/users/find/jgor280505: All connection attempts failed
2026-08-14 19:22:53.190 | WARNING  | rahasya.utils.http_client:_request_with_retry:60 - Attempt 1/3 failed for https://www.eyeem.com/u/jgor280505: All connection attempts failed
2026-08-14 19:22:53.321 | WARNING  | rahasya.utils.http_client:_request_with_retry:60 - Attempt 1/3 failed for https://community.evocms.ru/users/?search=jgor280505: All connection attempts failed
2026-08-14 19:22:53.321 | WARNING  | rahasya.utils.http_client:_request_with_retry:60 - Attempt 1/3 failed for https://expressional.social/api/v1/accounts/lookup?acct=jgor280505: All connection attempts failed
2026-08-14 19:22:53.363 | WARNING  | rahasya.utils.http_client:_request_with_retry:60 - Attempt 1/3 failed for https://www.fabswingers.com/profile/jgor280505: All connection attempts failed
2026-08-14 19:22:53.363 | WARNING  | rahasya.utils.http_client:_request_with_retry:60 - Attempt 3/3 failed for https://dojoverse.com/members/jgor280505/: All connection attempts failed
2026-08-14 19:22:53.437 | WARNING  | rahasya.utils.http_client:_request_with_retry:60 - Attempt 1/3 failed for https://be.electrobel.org/register.ajax: All connection attempts failed
2026-08-14 19:22:53.437 | WARNING  | rahasya.utils.http_client:_request_with_retry:60 - Attempt 3/3 failed for https://www.dotafire.com/ajax/searchSite?text=jgor280505&search=members: All connection attempts failed
2026-08-14 19:22:53.437 | WARNING  | rahasya.utils.http_client:_request_with_retry:60 - Attempt 3/3 failed for https://droners.io/accounts/jgor280505/: All connection attempts failed
2026-08-14 19:22:53.529 | WARNING  | rahasya.utils.http_client:_request_with_retry:60 - Attempt 3/3 failed for https://www.donationalerts.com/api/v1/user/jgor280505/donationpagesettings: All connection attempts failed
2026-08-14 19:22:53.529 | WARNING  | rahasya.utils.http_client:_request_with_retry:60 - Attempt 3/3 failed for https://www.drive2.ru/users/jgor280505/: All connection attempts failed
2026-08-14 19:22:53.529 | WARNING  | rahasya.utils.http_client:_request_with_retry:60 - Attempt 3/3 failed for https://jgor280505.donatik.io/en: All connection attempts failed
2026-08-14 19:22:53.572 | WARNING  | rahasya.utils.http_client:_request_with_retry:60 - Attempt 2/3 failed for https://www.eporner.com/xhr/check/: All connection attempts failed
2026-08-14 19:22:53.620 | WARNING  | rahasya.utils.http_client:_request_with_retry:60 - Attempt 3/3 failed for https://dribbble.com/jgor280505: All connection attempts failed
2026-08-14 19:22:53.624 | WARNING  | rahasya.utils.http_client:_request_with_retry:60 - Attempt 2/3 failed for https://www.ebay.com/str/jgor280505: All connection attempts failed
2026-08-14 19:22:53.681 | WARNING  | rahasya.utils.http_client:_request_with_retry:60 - Attempt 3/3 failed for https://dou.ua/users/jgor280505/: All connection attempts failed
2026-08-14 19:22:53.682 | WARNING  | rahasya.utils.http_client:_request_with_retry:60 - Attempt 2/3 failed for https://www.engadget.com/about/editors/jgor280505/: All connection attempts failed
2026-08-14 19:22:53.714 | WARNING  | rahasya.utils.http_client:_request_with_retry:60 - Attempt 1/3 failed for https://www.etoro.com/api/logininfo/v1.1/users/jgor280505: All connection attempts failed
2026-08-14 19:22:53.796 | WARNING  | rahasya.utils.http_client:_request_with_retry:60 - Attempt 2/3 failed for https://www.ebay.com/usr/jgor280505: All connection attempts failed
2026-08-14 19:22:53.846 | WARNING  | rahasya.utils.http_client:_request_with_retry:60 - Attempt 3/3 failed for https://dot.cards/jgor280505: All connection attempts failed
2026-08-14 19:22:53.881 | WARNING  | rahasya.utils.http_client:_request_with_retry:60 - Attempt 2/3 failed for https://www.etsy.com/people/jgor280505: All connection attempts failed
2026-08-14 19:22:53.946 | WARNING  | rahasya.utils.http_client:_request_with_retry:60 - Attempt 1/3 failed for https://www.facebook.com/jgor280505/: All connection attempts failed
2026-08-14 19:22:54.063 | WARNING  | rahasya.utils.http_client:_request_with_retry:60 - Attempt 3/3 failed for https://www.duolingo.com/2017-06-30/users?username=jgor280505&_=1628308619574: All connection attempts failed
2026-08-14 19:22:54.146 | WARNING  | rahasya.utils.http_client:_request_with_retry:60 - Attempt 1/3 failed for https://www.fark.com/users/jgor280505: All connection attempts failed
2026-08-14 19:22:54.171 | WARNING  | rahasya.utils.http_client:_request_with_retry:60 - Attempt 1/3 failed for https://filmot.com/unlistedSearch?channelQuery=jgor280505&sortField=uploaddate&sortOrder=desc&: All connection attempts failed
2026-08-14 19:22:54.196 | WARNING  | rahasya.utils.http_client:_request_with_retry:60 - Attempt 2/3 failed for https://www.eyeem.com/u/jgor280505: All connection attempts failed
2026-08-14 19:22:54.296 | WARNING  | rahasya.utils.http_client:_request_with_retry:60 - Attempt 1/3 failed for https://www.fanpop.com/fans/jgor280505: All connection attempts failed
2026-08-14 19:22:54.321 | WARNING  | rahasya.utils.http_client:_request_with_retry:60 - Attempt 3/3 failed for https://easyen.ru/index/8-0-jgor280505: All connection attempts failed
2026-08-14 19:22:54.321 | WARNING  | rahasya.utils.http_client:_request_with_retry:60 - Attempt 2/3 failed for https://community.evocms.ru/users/?search=jgor280505: All connection attempts failed
2026-08-14 19:22:54.321 | WARNING  | rahasya.utils.http_client:_request_with_retry:60 - Attempt 2/3 failed for https://expressional.social/api/v1/accounts/lookup?acct=jgor280505: All connection attempts failed
2026-08-14 19:22:54.321 | WARNING  | rahasya.utils.http_client:_request_with_retry:60 - Attempt 1/3 failed for https://www.fandom.com/u/jgor280505: All connection attempts failed
2026-08-14 19:22:54.372 | WARNING  | rahasya.utils.http_client:_request_with_retry:60 - Attempt 2/3 failed for https://www.fabswingers.com/profile/jgor280505: All connection attempts failed
2026-08-14 19:22:54.372 | WARNING  | rahasya.utils.http_client:_request_with_retry:60 - Attempt 1/3 failed for https://apiv3.fansly.com/api/v1/account?usernames=jgor280505: All connection attempts failed
2026-08-14 19:22:54.404 | WARNING  | rahasya.utils.http_client:_request_with_retry:60 - Attempt 1/3 failed for https://www.fatsecret.com/member/jgor280505: All connection attempts failed
2026-08-14 19:22:54.404 | WARNING  | rahasya.utils.http_client:_request_with_retry:60 - Attempt 1/3 failed for https://www.faceit.com/api/users/v1/nicknames/jgor280505: All connection attempts failed
2026-08-14 19:22:54.431 | WARNING  | rahasya.utils.http_client:_request_with_retry:60 - Attempt 1/3 failed for https://federated.press/api/v1/accounts/lookup?acct=jgor280505: All connection attempts failed
2026-08-14 19:22:54.431 | WARNING  | rahasya.utils.http_client:_request_with_retry:60 - Attempt 2/3 failed for https://be.electrobel.org/register.ajax: All connection attempts failed
2026-08-14 19:22:54.715 | WARNING  | rahasya.utils.http_client:_request_with_retry:60 - Attempt 1/3 failed for https://www.filmweb.pl/user/jgor280505: All connection attempts failed
2026-08-14 19:22:54.715 | WARNING  | rahasya.utils.http_client:_request_with_retry:60 - Attempt 1/3 failed for https://www.fl.ru/users/jgor280505/portfolio/: All connection attempts failed
2026-08-14 19:22:54.715 | WARNING  | rahasya.utils.http_client:_request_with_retry:60 - Attempt 2/3 failed for https://www.etoro.com/api/logininfo/v1.1/users/jgor280505: All connection attempts failed
2026-08-14 19:22:54.771 | WARNING  | rahasya.utils.http_client:_request_with_retry:60 - Attempt 1/3 failed for https://fancentro.com/api/profile.get?profileAlias=jgor280505&limit=1: All connection attempts failed
2026-08-14 19:22:54.771 | WARNING  | rahasya.utils.http_client:_request_with_retry:60 - Attempt 1/3 failed for https://fanslist.com/search?q=jgor280505: All connection attempts failed
2026-08-14 19:22:54.771 | WARNING  | rahasya.utils.http_client:_request_with_retry:60 - Attempt 1/3 failed for https://faktopedia.pl/user/jgor280505: All connection attempts failed
2026-08-14 19:22:54.771 | WARNING  | rahasya.utils.http_client:_request_with_retry:60 - Attempt 1/3 failed for https://filmot.com/channelsearch/jgor280505: All connection attempts failed
2026-08-14 19:22:54.862 | WARNING  | rahasya.utils.http_client:_request_with_retry:60 - Attempt 1/3 failed for https://fineartamerica.com/profiles/jgor280505: All connection attempts failed
2026-08-14 19:22:54.862 | WARNING  | rahasya.utils.http_client:_request_with_retry:60 - Attempt 1/3 failed for https://www.figma.com/api/profile/handle/jgor280505: All connection attempts failed
2026-08-14 19:22:54.970 | WARNING  | rahasya.utils.http_client:_request_with_retry:60 - Attempt 2/3 failed for https://www.facebook.com/jgor280505/: All connection attempts failed
2026-08-14 19:22:55.154 | WARNING  | rahasya.utils.http_client:_request_with_retry:60 - Attempt 2/3 failed for https://www.fark.com/users/jgor280505: All connection attempts failed
2026-08-14 19:22:55.172 | WARNING  | rahasya.utils.http_client:_request_with_retry:60 - Attempt 2/3 failed for https://filmot.com/unlistedSearch?channelQuery=jgor280505&sortField=uploaddate&sortOrder=desc&: All connection attempts failed
2026-08-14 19:22:55.304 | WARNING  | rahasya.utils.http_client:_request_with_retry:60 - Attempt 2/3 failed for https://www.fandom.com/u/jgor280505: All connection attempts failed
2026-08-14 19:22:55.304 | WARNING  | rahasya.utils.http_client:_request_with_retry:60 - Attempt 2/3 failed for https://www.fanpop.com/fans/jgor280505: All connection attempts failed
2026-08-14 19:22:55.372 | WARNING  | rahasya.utils.http_client:_request_with_retry:60 - Attempt 2/3 failed for https://apiv3.fansly.com/api/v1/account?usernames=jgor280505: All connection attempts failed
2026-08-14 19:22:55.412 | WARNING  | rahasya.utils.http_client:_request_with_retry:60 - Attempt 2/3 failed for https://www.faceit.com/api/users/v1/nicknames/jgor280505: All connection attempts failed
2026-08-14 19:22:55.412 | WARNING  | rahasya.utils.http_client:_request_with_retry:60 - Attempt 2/3 failed for https://www.fatsecret.com/member/jgor280505: All connection attempts failed
2026-08-14 19:22:55.437 | WARNING  | rahasya.utils.http_client:_request_with_retry:60 - Attempt 2/3 failed for https://federated.press/api/v1/accounts/lookup?acct=jgor280505: All connection attempts failed
2026-08-14 19:22:55.581 | WARNING  | rahasya.utils.http_client:_request_with_retry:60 - Attempt 3/3 failed for https://www.eporner.com/xhr/check/: All connection attempts failed
2026-08-14 19:22:55.616 | WARNING  | rahasya.utils.http_client:_request_with_retry:60 - Attempt 1/3 failed for https://www.flickr.com/photos/jgor280505/: All connection attempts failed
2026-08-14 19:22:55.616 | WARNING  | rahasya.utils.http_client:_request_with_retry:60 - Attempt 3/3 failed for https://www.ebay.com/str/jgor280505: All connection attempts failed
2026-08-14 19:22:55.662 | WARNING  | rahasya.utils.http_client:_request_with_retry:60 - Attempt 1/3 failed for https://www.fiverr.com/validate_username: All connection attempts failed
2026-08-14 19:22:55.689 | WARNING  | rahasya.utils.http_client:_request_with_retry:60 - Attempt 3/3 failed for https://www.engadget.com/about/editors/jgor280505/: All connection attempts failed
2026-08-14 19:22:55.722 | WARNING  | rahasya.utils.http_client:_request_with_retry:60 - Attempt 2/3 failed for https://www.filmweb.pl/user/jgor280505: All connection attempts failed
2026-08-14 19:22:55.722 | WARNING  | rahasya.utils.http_client:_request_with_retry:60 - Attempt 2/3 failed for https://www.fl.ru/users/jgor280505/portfolio/: All connection attempts failed
2026-08-14 19:22:55.770 | WARNING  | rahasya.utils.http_client:_request_with_retry:60 - Attempt 2/3 failed for https://fancentro.com/api/profile.get?profileAlias=jgor280505&limit=1: All connection attempts failed
2026-08-14 19:22:55.770 | WARNING  | rahasya.utils.http_client:_request_with_retry:60 - Attempt 2/3 failed for https://faktopedia.pl/user/jgor280505: All connection attempts failed
2026-08-14 19:22:55.770 | WARNING  | rahasya.utils.http_client:_request_with_retry:60 - Attempt 2/3 failed for https://fanslist.com/search?q=jgor280505: All connection attempts failed
2026-08-14 19:22:55.770 | WARNING  | rahasya.utils.http_client:_request_with_retry:60 - Attempt 2/3 failed for https://filmot.com/channelsearch/jgor280505: All connection attempts failed
2026-08-14 19:22:55.789 | WARNING  | rahasya.utils.http_client:_request_with_retry:60 - Attempt 3/3 failed for https://www.ebay.com/usr/jgor280505: All connection attempts failed
2026-08-14 19:22:55.861 | WARNING  | rahasya.utils.http_client:_request_with_retry:60 - Attempt 2/3 failed for https://fineartamerica.com/profiles/jgor280505: All connection attempts failed
2026-08-14 19:22:55.861 | WARNING  | rahasya.utils.http_client:_request_with_retry:60 - Attempt 2/3 failed for https://www.figma.com/api/profile/handle/jgor280505: All connection attempts failed
2026-08-14 19:22:55.896 | WARNING  | rahasya.utils.http_client:_request_with_retry:60 - Attempt 3/3 failed for https://www.etsy.com/people/jgor280505: All connection attempts failed
2026-08-14 19:22:56.212 | WARNING  | rahasya.utils.http_client:_request_with_retry:60 - Attempt 3/3 failed for https://www.eyeem.com/u/jgor280505: All connection attempts failed
2026-08-14 19:22:56.312 | WARNING  | rahasya.utils.http_client:_request_with_retry:60 - Attempt 3/3 failed for https://community.evocms.ru/users/?search=jgor280505: All connection attempts failed
2026-08-14 19:22:56.312 | WARNING  | rahasya.utils.http_client:_request_with_retry:60 - Attempt 3/3 failed for https://expressional.social/api/v1/accounts/lookup?acct=jgor280505: All connection attempts failed
2026-08-14 19:22:56.362 | WARNING  | rahasya.utils.http_client:_request_with_retry:60 - Attempt 3/3 failed for https://www.fabswingers.com/profile/jgor280505: All connection attempts failed
2026-08-14 19:22:56.437 | WARNING  | rahasya.utils.http_client:_request_with_retry:60 - Attempt 3/3 failed for https://be.electrobel.org/register.ajax: All connection attempts failed
2026-08-14 19:22:56.612 | WARNING  | rahasya.utils.http_client:_request_with_retry:60 - Attempt 2/3 failed for https://www.flickr.com/photos/jgor280505/: All connection attempts failed
2026-08-14 19:22:56.679 | WARNING  | rahasya.utils.http_client:_request_with_retry:60 - Attempt 2/3 failed for https://www.fiverr.com/validate_username: All connection attempts failed
2026-08-14 19:22:56.723 | WARNING  | rahasya.utils.http_client:_request_with_retry:60 - Attempt 3/3 failed for https://www.etoro.com/api/logininfo/v1.1/users/jgor280505: All connection attempts failed
2026-08-14 19:22:56.970 | WARNING  | rahasya.utils.http_client:_request_with_retry:60 - Attempt 3/3 failed for https://www.facebook.com/jgor280505/: All connection attempts failed
2026-08-14 19:22:56.970 | WARNING  | rahasya.utils.http_client:_request_with_retry:60 - Attempt 1/3 failed for https://www.flowcode.com/page/jgor280505: All connection attempts failed
2026-08-14 19:22:57.070 | WARNING  | rahasya.utils.http_client:_request_with_retry:60 - Attempt 1/3 failed for https://my.flightradar24.com/jgor280505/: All connection attempts failed
2026-08-14 19:22:57.070 | WARNING  | rahasya.utils.http_client:_request_with_retry:60 - Attempt 1/3 failed for https://flipboard.com/@jgor280505: All connection attempts failed
2026-08-14 19:22:57.164 | WARNING  | rahasya.utils.http_client:_request_with_retry:60 - Attempt 1/3 failed for https://forumprawne.org/members/jgor280505.html: All connection attempts failed
2026-08-14 19:22:57.166 | WARNING  | rahasya.utils.http_client:_request_with_retry:60 - Attempt 3/3 failed for https://filmot.com/unlistedSearch?channelQuery=jgor280505&sortField=uploaddate&sortOrder=desc&: All connection attempts failed
2026-08-14 19:22:57.166 | WARNING  | rahasya.utils.http_client:_request_with_retry:60 - Attempt 1/3 failed for https://www.fodors.com/community/profile/jgor280505/forum-activity: All connection attempts failed
2026-08-14 19:22:57.166 | WARNING  | rahasya.utils.http_client:_request_with_retry:60 - Attempt 3/3 failed for https://www.fark.com/users/jgor280505: All connection attempts failed
2026-08-14 19:22:57.320 | WARNING  | rahasya.utils.http_client:_request_with_retry:60 - Attempt 3/3 failed for https://www.fandom.com/u/jgor280505: All connection attempts failed
2026-08-14 19:22:57.320 | WARNING  | rahasya.utils.http_client:_request_with_retry:60 - Attempt 3/3 failed for https://www.fanpop.com/fans/jgor280505: All connection attempts failed
2026-08-14 19:22:57.365 | WARNING  | rahasya.utils.http_client:_request_with_retry:60 - Attempt 1/3 failed for https://fortnitetracker.com/profile/all/jgor280505: All connection attempts failed
2026-08-14 19:22:57.366 | WARNING  | rahasya.utils.http_client:_request_with_retry:60 - Attempt 3/3 failed for https://apiv3.fansly.com/api/v1/account?usernames=jgor280505: All connection attempts failed
2026-08-14 19:22:57.366 | WARNING  | rahasya.utils.http_client:_request_with_retry:60 - Attempt 1/3 failed for https://fosstodon.org/api/v1/accounts/lookup?acct=jgor280505: All connection attempts failed
2026-08-14 19:22:57.420 | WARNING  | rahasya.utils.http_client:_request_with_retry:60 - Attempt 3/3 failed for https://www.faceit.com/api/users/v1/nicknames/jgor280505: All connection attempts failed
2026-08-14 19:22:57.420 | WARNING  | rahasya.utils.http_client:_request_with_retry:60 - Attempt 3/3 failed for https://www.fatsecret.com/member/jgor280505: All connection attempts failed
2026-08-14 19:22:57.445 | WARNING  | rahasya.utils.http_client:_request_with_retry:60 - Attempt 3/3 failed for https://federated.press/api/v1/accounts/lookup?acct=jgor280505: All connection attempts failed
2026-08-14 19:22:57.472 | WARNING  | rahasya.utils.http_client:_request_with_retry:60 - Attempt 1/3 failed for https://api.fotka.com/v2/user/dataStatic?login=jgor280505: All connection attempts failed
2026-08-14 19:22:57.698 | WARNING  | rahasya.utils.http_client:_request_with_retry:60 - Attempt 1/3 failed for https://www.folkd.com/?app=core&module=system&controller=ajax&do=usernameExists&input=jgor280505: All connection attempts failed
2026-08-14 19:22:57.737 | WARNING  | rahasya.utils.http_client:_request_with_retry:60 - Attempt 3/3 failed for https://www.fl.ru/users/jgor280505/portfolio/: All connection attempts failed
2026-08-14 19:22:57.737 | WARNING  | rahasya.utils.http_client:_request_with_retry:60 - Attempt 3/3 failed for https://www.filmweb.pl/user/jgor280505: All connection attempts failed
2026-08-14 19:22:57.788 | WARNING  | rahasya.utils.http_client:_request_with_retry:60 - Attempt 3/3 failed for https://fancentro.com/api/profile.get?profileAlias=jgor280505&limit=1: All connection attempts failed
2026-08-14 19:22:57.788 | WARNING  | rahasya.utils.http_client:_request_with_retry:60 - Attempt 3/3 failed for https://filmot.com/channelsearch/jgor280505: All connection attempts failed
2026-08-14 19:22:57.788 | WARNING  | rahasya.utils.http_client:_request_with_retry:60 - Attempt 3/3 failed for https://fanslist.com/search?q=jgor280505: All connection attempts failed
2026-08-14 19:22:57.788 | WARNING  | rahasya.utils.http_client:_request_with_retry:60 - Attempt 3/3 failed for https://faktopedia.pl/user/jgor280505: All connection attempts failed
2026-08-14 19:22:57.864 | WARNING  | rahasya.modules.base:safe_execute:181 - Module WhatsMyName was cancelled
2026-08-14 19:22:57.864 | WARNING  | rahasya.core.orchestrator:_run_scan_loop:275 - Scan bc73dc4c was cancelled
2026-08-14 19:22:57.894 | INFO     | rahasya.core.orchestrator:cancel_scan:588 - Scan bc73dc4c cancellation requested
2026-08-14 19:24:01.174 Please replace `st.components.v1.html` with `st.iframe`.

`st.components.v1.html` will be removed after 2026-06-01.
2026-08-14 19:25:52.626 Please replace `st.components.v1.html` with `st.iframe`.

`st.components.v1.html` will be removed after 2026-06-01.
